id,PM2.5
test_00001,179.4718475341797
test_00002,156.0284423828125
test_00003,411.3821105957031
test_00004,71.50367736816406
test_00005,45.23025131225586
test_00006,117.41312408447266
test_00007,10.181640625
test_00008,6.49810791015625
test_00009,47.63467788696289
test_00010,121.04331970214844
test_00011,8.570388793945312
test_00012,116.50273132324219
test_00013,274.8913879394531
test_00014,335.1119079589844
test_00015,67.60587310791016
test_00016,46.88961410522461
test_00017,43.92409896850586
test_00018,126.98929595947266
test_00019,52.9740104675293
test_00020,12.136314392089844
test_00021,23.59494400024414
test_00022,31.99667739868164
test_00023,9.984169006347656
test_00024,51.139312744140625
test_00025,10.02166748046875
test_00026,10.275032043457031
test_00027,103.89431762695312
test_00028,64.17626190185547
test_00029,7.4933319091796875
test_00030,9.393630981445312
test_00031,56.99036407470703
test_00032,98.7784194946289
test_00033,99.566650390625
test_00034,18.48592758178711
test_00035,11.69439697265625
test_00036,79.76646423339844
test_00037,96.91679382324219
test_00038,15.187400817871094
test_00039,31.534412384033203
test_00040,79.28951263427734
test_00041,8.322502136230469
test_00042,13.318382263183594
test_00043,26.606861114501953
test_00044,59.100318908691406
test_00045,69.43833923339844
test_00046,52.958919525146484
test_00047,22.486919403076172
test_00048,59.02640151977539
test_00049,53.88328552246094
test_00050,67.65699005126953
test_00051,93.07413482666016
test_00052,109.83678436279297
test_00053,56.16631317138672
test_00054,166.88058471679688
test_00055,189.93673706054688
test_00056,25.776443481445312
test_00057,9.289405822753906
test_00058,23.93316650390625
test_00059,55.69963455200195
test_00060,32.021270751953125
test_00061,30.300830841064453
test_00062,59.95356750488281
test_00063,23.763076782226562
test_00064,53.86986541748047
test_00065,144.55169677734375
test_00066,22.800914764404297
test_00067,33.736141204833984
test_00068,61.00140380859375
test_00069,56.056373596191406
test_00070,40.14078903198242
test_00071,43.89148712158203
test_00072,80.3587875366211
test_00073,120.27186584472656
test_00074,89.88206481933594
test_00075,59.34811782836914
test_00076,77.00279998779297
test_00077,50.07250213623047
test_00078,8.632881164550781
test_00079,17.277057647705078
test_00080,53.80168533325195
test_00081,37.1106071472168
test_00082,10.13580322265625
test_00083,85.65160369873047
test_00084,32.76093292236328
test_00085,36.770931243896484
test_00086,44.52653503417969
test_00087,73.0413818359375
test_00088,75.02272033691406
test_00089,74.31075286865234
test_00090,125.5984878540039
test_00091,80.86673736572266
test_00092,207.14630126953125
test_00093,42.65195083618164
test_00094,4.638359069824219
test_00095,64.55126190185547
test_00096,36.13193893432617
test_00097,62.14331817626953
test_00098,13.8685302734375
test_00099,108.71926879882812
test_00100,15.599578857421875
test_00101,13.624114990234375
test_00102,121.28376770019531
test_00103,83.29753875732422
test_00104,156.8044891357422
test_00105,56.04987335205078
test_00106,105.37985229492188
test_00107,7.4745941162109375
test_00108,16.34449005126953
test_00109,33.397525787353516
test_00110,59.69097137451172
test_00111,98.9170913696289
test_00112,120.90008544921875
test_00113,60.19335174560547
test_00114,24.704742431640625
test_00115,37.3428840637207
test_00116,113.46806335449219
test_00117,51.487632751464844
test_00118,84.77467346191406
test_00119,81.13841247558594
test_00120,80.43736267089844
test_00121,61.126068115234375
test_00122,109.16297149658203
test_00123,79.71187591552734
test_00124,51.48518371582031
test_00125,23.089008331298828
test_00126,66.22824096679688
test_00127,35.38022232055664
test_00128,35.93124008178711
test_00129,88.0251693725586
test_00130,110.78242492675781
test_00131,74.41111755371094
test_00132,5.471656799316406
test_00133,25.111103057861328
test_00134,66.57610321044922
test_00135,149.1798095703125
test_00136,120.70035552978516
test_00137,48.951751708984375
test_00138,11.433723449707031
test_00139,121.73628234863281
test_00140,102.04576110839844
test_00141,44.000789642333984
test_00142,79.40425109863281
test_00143,88.87397003173828
test_00144,56.423519134521484
test_00145,91.3675308227539
test_00146,81.68506622314453
test_00147,117.86210632324219
test_00148,13.552268981933594
test_00149,41.69584274291992
test_00150,48.06385803222656
test_00151,65.91477966308594
test_00152,93.21011352539062
test_00153,49.85948944091797
test_00154,35.01402282714844
test_00155,14.599365234375
test_00156,8.137794494628906
test_00157,24.000255584716797
test_00158,76.38174438476562
test_00159,63.22975158691406
test_00160,23.86831283569336
test_00161,58.881248474121094
test_00162,66.66416931152344
test_00163,31.341312408447266
test_00164,79.4923324584961
test_00165,108.40351867675781
test_00166,6.239326477050781
test_00167,18.95789337158203
test_00168,8.845664978027344
test_00169,17.342430114746094
test_00170,23.628963470458984
test_00171,20.262989044189453
test_00172,3.137786865234375
test_00173,10.959388732910156
test_00174,11.177192687988281
test_00175,145.22613525390625
test_00176,35.89485549926758
test_00177,10.346778869628906
test_00178,10.552581787109375
test_00179,9.882156372070312
test_00180,11.786460876464844
test_00181,29.01142120361328
test_00182,41.89751434326172
test_00183,69.03633880615234
test_00184,82.31997680664062
test_00185,155.81954956054688
test_00186,32.4752082824707
test_00187,29.473468780517578
test_00188,9.343437194824219
test_00189,15.544815063476562
test_00190,39.86116409301758
test_00191,88.1536865234375
test_00192,107.13804626464844
test_00193,29.784255981445312
test_00194,181.90211486816406
test_00195,26.847576141357422
test_00196,7.342277526855469
test_00197,32.9390983581543
test_00198,82.49360656738281
test_00199,205.49484252929688
test_00200,167.14163208007812
test_00201,107.54573822021484
test_00202,39.34056854248047
test_00203,59.58961868286133
test_00204,51.06330490112305
test_00205,51.669517517089844
test_00206,21.630882263183594
test_00207,48.04969787597656
test_00208,137.4014129638672
test_00209,48.409385681152344
test_00210,120.530517578125
test_00211,221.48712158203125
test_00212,275.24603271484375
test_00213,121.20721435546875
test_00214,102.06620025634766
test_00215,57.47383117675781
test_00216,182.4390869140625
test_00217,38.466957092285156
test_00218,36.88551712036133
test_00219,11.976165771484375
test_00220,22.915958404541016
test_00221,50.3814697265625
test_00222,118.85445404052734
test_00223,3.086456298828125
test_00224,66.17891693115234
test_00225,0.83197021484375
test_00226,24.18239974975586
test_00227,7.747467041015625
test_00228,6.5343780517578125
test_00229,70.25244140625
test_00230,111.5704345703125
test_00231,295.5452575683594
test_00232,234.00851440429688
test_00233,109.10551452636719
test_00234,109.63212585449219
test_00235,11.426170349121094
test_00236,94.47266387939453
test_00237,211.319580078125
test_00238,23.04339599609375
test_00239,66.29036712646484
test_00240,55.9354248046875
test_00241,9.024368286132812
test_00242,25.99167251586914
test_00243,86.96571350097656
test_00244,64.78494262695312
test_00245,195.58108520507812
test_00246,28.57883071899414
test_00247,73.83401489257812
test_00248,4.738197326660156
test_00249,7.626617431640625
test_00250,9.567062377929688
test_00251,76.51819610595703
test_00252,188.15689086914062
test_00253,243.96444702148438
test_00254,17.27313232421875
test_00255,63.52629852294922
test_00256,145.62269592285156
test_00257,8.128753662109375
test_00258,127.72615051269531
test_00259,126.65752410888672
test_00260,504.3538818359375
test_00261,72.73822021484375
test_00262,26.807857513427734
test_00263,113.12263488769531
test_00264,186.78646850585938
test_00265,5.4606170654296875
test_00266,15.819915771484375
test_00267,104.08057403564453
test_00268,234.2218017578125
test_00269,8.472122192382812
test_00270,14.0008544921875
test_00271,9.270751953125
test_00272,54.67047882080078
test_00273,273.3039855957031
test_00274,197.13766479492188
test_00275,190.00750732421875
test_00276,403.5376892089844
test_00277,388.3809814453125
test_00278,13.558273315429688
test_00279,81.43668365478516
test_00280,163.56655883789062
test_00281,174.76571655273438
test_00282,10.04559326171875
test_00283,139.10653686523438
test_00284,11.998504638671875
test_00285,328.0141906738281
test_00286,283.40093994140625
test_00287,437.51226806640625
test_00288,89.83073425292969
test_00289,292.93115234375
test_00290,331.6908264160156
test_00291,248.15512084960938
test_00292,185.61962890625
test_00293,104.55366516113281
test_00294,19.423442840576172
test_00295,13.978675842285156
test_00296,2.9051589965820312
test_00297,40.447078704833984
test_00298,76.7545394897461
test_00299,12.463645935058594
test_00300,27.584033966064453
test_00301,82.61255645751953
test_00302,122.48014831542969
test_00303,161.7062530517578
test_00304,66.25776672363281
test_00305,8.665672302246094
test_00306,76.20602416992188
test_00307,9.848167419433594
test_00308,22.178787231445312
test_00309,76.99929809570312
test_00310,194.17962646484375
test_00311,241.26864624023438
test_00312,10.702301025390625
test_00313,629.0350952148438
test_00314,0.996978759765625
test_00315,7.6755828857421875
test_00316,88.8560791015625
test_00317,6.192047119140625
test_00318,47.09765625
test_00319,81.296142578125
test_00320,278.40277099609375
test_00321,7.598106384277344
test_00322,7.8681640625
test_00323,80.58491516113281
test_00324,6.456672668457031
test_00325,5.253349304199219
test_00326,8.330459594726562
test_00327,108.55199432373047
test_00328,135.63348388671875
test_00329,166.84378051757812
test_00330,263.3641052246094
test_00331,299.9859313964844
test_00332,5.363983154296875
test_00333,78.17924499511719
test_00334,158.37081909179688
test_00335,3.8113555908203125
test_00336,71.55900573730469
test_00337,90.71231842041016
test_00338,15.150161743164062
test_00339,28.24405288696289
test_00340,12.037277221679688
test_00341,23.125362396240234
test_00342,7.657249450683594
test_00343,116.39006042480469
test_00344,191.08563232421875
test_00345,253.17373657226562
test_00346,44.9735107421875
test_00347,24.49311065673828
test_00348,81.8153076171875
test_00349,8.941551208496094
test_00350,10.551956176757812
test_00351,17.257404327392578
test_00352,16.302745819091797
test_00353,91.91720581054688
test_00354,14.665840148925781
test_00355,79.04263305664062
test_00356,221.2794189453125
test_00357,279.04998779296875
test_00358,64.70823669433594
test_00359,43.58103942871094
test_00360,26.327556610107422
test_00361,110.2044448852539
test_00362,58.84122848510742
test_00363,10.604156494140625
test_00364,9.144111633300781
test_00365,12.572685241699219
test_00366,9.085334777832031
test_00367,18.608173370361328
test_00368,6.45751953125
test_00369,6.357246398925781
test_00370,55.9809684753418
test_00371,62.503814697265625
test_00372,6.040870666503906
test_00373,17.57147216796875
test_00374,37.41376876831055
test_00375,45.25745391845703
test_00376,83.68724060058594
test_00377,16.624004364013672
test_00378,12.081443786621094
test_00379,10.442138671875
test_00380,51.48261260986328
test_00381,29.200565338134766
test_00382,103.05662536621094
test_00383,10.502189636230469
test_00384,38.46536636352539
test_00385,81.52114868164062
test_00386,8.534591674804688
test_00387,17.975200653076172
test_00388,31.177265167236328
test_00389,83.10794830322266
test_00390,71.84857177734375
test_00391,43.46919250488281
test_00392,13.437469482421875
test_00393,46.416744232177734
test_00394,87.71466064453125
test_00395,75.93206787109375
test_00396,73.68718719482422
test_00397,75.10452270507812
test_00398,53.032997131347656
test_00399,150.41287231445312
test_00400,39.94815444946289
test_00401,7.188392639160156
test_00402,11.80181884765625
test_00403,12.017738342285156
test_00404,19.725521087646484
test_00405,77.94021606445312
test_00406,21.868927001953125
test_00407,43.932621002197266
test_00408,192.24337768554688
test_00409,18.383827209472656
test_00410,31.946834564208984
test_00411,59.40513610839844
test_00412,13.148612976074219
test_00413,19.360336303710938
test_00414,43.98945999145508
test_00415,78.30850982666016
test_00416,107.53378295898438
test_00417,79.08082580566406
test_00418,43.71754837036133
test_00419,73.97183990478516
test_00420,24.343624114990234
test_00421,14.000938415527344
test_00422,18.241233825683594
test_00423,22.350250244140625
test_00424,88.86376953125
test_00425,9.735557556152344
test_00426,69.8023681640625
test_00427,46.60396194458008
test_00428,61.345855712890625
test_00429,92.83442687988281
test_00430,104.92750549316406
test_00431,73.06098175048828
test_00432,74.89437866210938
test_00433,113.18095397949219
test_00434,71.40866088867188
test_00435,133.03070068359375
test_00436,41.80541229248047
test_00437,8.504531860351562
test_00438,44.66828155517578
test_00439,27.683773040771484
test_00440,29.95534896850586
test_00441,9.195220947265625
test_00442,18.7435302734375
test_00443,23.604103088378906
test_00444,22.99884033203125
test_00445,51.00909423828125
test_00446,143.81982421875
test_00447,101.0682373046875
test_00448,65.0044174194336
test_00449,40.88455581665039
test_00450,13.225486755371094
test_00451,32.6412353515625
test_00452,74.950927734375
test_00453,64.19441986083984
test_00454,124.095458984375
test_00455,9.60186767578125
test_00456,19.647762298583984
test_00457,37.83763885498047
test_00458,93.85380554199219
test_00459,39.366310119628906
test_00460,85.68598937988281
test_00461,72.81063079833984
test_00462,56.45362091064453
test_00463,49.464637756347656
test_00464,86.12760162353516
test_00465,53.3680305480957
test_00466,40.70671844482422
test_00467,6.6697540283203125
test_00468,40.19623947143555
test_00469,24.90707778930664
test_00470,30.349021911621094
test_00471,64.39857482910156
test_00472,109.61382293701172
test_00473,28.337261199951172
test_00474,5.127418518066406
test_00475,19.914875030517578
test_00476,97.34419250488281
test_00477,151.854248046875
test_00478,69.48438262939453
test_00479,35.04674530029297
test_00480,25.099567413330078
test_00481,14.93878173828125
test_00482,59.68840789794922
test_00483,142.04986572265625
test_00484,33.61774826049805
test_00485,38.171470642089844
test_00486,64.40721130371094
test_00487,21.48459243774414
test_00488,40.32006072998047
test_00489,67.17179870605469
test_00490,94.66963195800781
test_00491,19.5833740234375
test_00492,36.518890380859375
test_00493,45.68125915527344
test_00494,95.92208862304688
test_00495,22.651275634765625
test_00496,25.37060546875
test_00497,7.667869567871094
test_00498,21.98553466796875
test_00499,24.69195556640625
test_00500,60.633766174316406
test_00501,55.154144287109375
test_00502,15.811614990234375
test_00503,42.40013885498047
test_00504,46.42160415649414
test_00505,36.96220779418945
test_00506,62.04856872558594
test_00507,41.04166030883789
test_00508,3.939300537109375
test_00509,12.557304382324219
test_00510,8.275390625
test_00511,17.937515258789062
test_00512,19.33715057373047
test_00513,16.427536010742188
test_00514,9.972953796386719
test_00515,18.074790954589844
test_00516,17.211658477783203
test_00517,132.8841094970703
test_00518,34.703182220458984
test_00519,10.702720642089844
test_00520,53.201820373535156
test_00521,9.244644165039062
test_00522,10.839691162109375
test_00523,16.948986053466797
test_00524,21.865642547607422
test_00525,29.626487731933594
test_00526,117.73434448242188
test_00527,22.842063903808594
test_00528,46.632843017578125
test_00529,33.48735427856445
test_00530,25.813343048095703
test_00531,6.554412841796875
test_00532,12.081428527832031
test_00533,25.97144317626953
test_00534,85.60031127929688
test_00535,100.36849975585938
test_00536,14.736259460449219
test_00537,124.44937133789062
test_00538,21.648948669433594
test_00539,10.366455078125
test_00540,10.227134704589844
test_00541,33.644920349121094
test_00542,111.50044250488281
test_00543,173.36264038085938
test_00544,164.04052734375
test_00545,131.90328979492188
test_00546,46.08809280395508
test_00547,58.59514236450195
test_00548,63.961944580078125
test_00549,37.76303482055664
test_00550,21.574195861816406
test_00551,59.42369079589844
test_00552,99.79662322998047
test_00553,76.96295166015625
test_00554,112.90155792236328
test_00555,159.0760040283203
test_00556,242.65390014648438
test_00557,160.251708984375
test_00558,10.905029296875
test_00559,94.9169692993164
test_00560,142.156494140625
test_00561,119.6158447265625
test_00562,37.14258575439453
test_00563,12.687118530273438
test_00564,35.99723815917969
test_00565,55.55180358886719
test_00566,102.85286712646484
test_00567,17.616695404052734
test_00568,45.07759475708008
test_00569,4.33843994140625
test_00570,30.86269760131836
test_00571,9.322517395019531
test_00572,4.555442810058594
test_00573,69.63528442382812
test_00574,29.432449340820312
test_00575,274.8555908203125
test_00576,243.09103393554688
test_00577,175.27069091796875
test_00578,72.4035415649414
test_00579,20.73598861694336
test_00580,52.007293701171875
test_00581,217.88668823242188
test_00582,27.77398681640625
test_00583,44.616455078125
test_00584,54.89244079589844
test_00585,46.422698974609375
test_00586,20.05423355102539
test_00587,94.91319274902344
test_00588,109.66139221191406
test_00589,184.75619506835938
test_00590,17.899059295654297
test_00591,59.807945251464844
test_00592,8.669845581054688
test_00593,10.713508605957031
test_00594,12.019729614257812
test_00595,63.484039306640625
test_00596,123.82367706298828
test_00597,217.633056640625
test_00598,18.94098663330078
test_00599,71.27127075195312
test_00600,107.66222381591797
test_00601,20.319725036621094
test_00602,27.253559112548828
test_00603,85.66726684570312
test_00604,164.94483947753906
test_00605,150.06997680664062
test_00606,34.18974304199219
test_00607,106.10845184326172
test_00608,174.14773559570312
test_00609,14.174140930175781
test_00610,81.19889068603516
test_00611,71.14801788330078
test_00612,207.3571319580078
test_00613,50.031036376953125
test_00614,8.026496887207031
test_00615,13.350486755371094
test_00616,79.572509765625
test_00617,161.65948486328125
test_00618,234.32150268554688
test_00619,209.18490600585938
test_00620,305.74658203125
test_00621,413.69879150390625
test_00622,10.523460388183594
test_00623,61.387664794921875
test_00624,235.41885375976562
test_00625,227.44827270507812
test_00626,10.608207702636719
test_00627,81.4374771118164
test_00628,9.400108337402344
test_00629,49.255592346191406
test_00630,117.94884490966797
test_00631,371.2943115234375
test_00632,3.1314544677734375
test_00633,136.76217651367188
test_00634,155.95205688476562
test_00635,182.84259033203125
test_00636,165.95887756347656
test_00637,261.8509216308594
test_00638,23.14898681640625
test_00639,9.58819580078125
test_00640,8.29217529296875
test_00641,18.78155517578125
test_00642,26.99819564819336
test_00643,9.388740539550781
test_00644,21.83911895751953
test_00645,100.86515045166016
test_00646,115.74490356445312
test_00647,176.06515502929688
test_00648,52.6207275390625
test_00649,9.239471435546875
test_00650,46.15656661987305
test_00651,13.606788635253906
test_00652,34.22964096069336
test_00653,45.787620544433594
test_00654,93.93656158447266
test_00655,200.24615478515625
test_00656,7.682044982910156
test_00657,266.8514404296875
test_00658,6.777854919433594
test_00659,15.693344116210938
test_00660,63.92667007446289
test_00661,10.543968200683594
test_00662,95.89568328857422
test_00663,96.29183959960938
test_00664,247.99652099609375
test_00665,12.573196411132812
test_00666,14.707290649414062
test_00667,87.6039047241211
test_00668,6.938133239746094
test_00669,8.1435546875
test_00670,12.679939270019531
test_00671,62.25379943847656
test_00672,63.24689865112305
test_00673,79.94792938232422
test_00674,230.84121704101562
test_00675,222.59146118164062
test_00676,7.9859771728515625
test_00677,60.556182861328125
test_00678,120.69760131835938
test_00679,2.029571533203125
test_00680,34.22773361206055
test_00681,111.1292724609375
test_00682,16.780628204345703
test_00683,25.993316650390625
test_00684,13.656875610351562
test_00685,69.63459014892578
test_00686,73.1769790649414
test_00687,9.533821105957031
test_00688,161.75511169433594
test_00689,196.0323486328125
test_00690,361.807861328125
test_00691,46.59737777709961
test_00692,28.091861724853516
test_00693,44.89189529418945
test_00694,6.200309753417969
test_00695,7.294517517089844
test_00696,10.263015747070312
test_00697,13.193428039550781
test_00698,91.48410034179688
test_00699,13.502937316894531
test_00700,98.47537231445312
test_00701,226.45114135742188
test_00702,309.5816345214844
test_00703,63.22022247314453
test_00704,51.759033203125
test_00705,43.5185661315918
test_00706,151.18179321289062
test_00707,90.99256896972656
test_00708,6.517974853515625
test_00709,7.279151916503906
test_00710,11.123031616210938
test_00711,7.715736389160156
test_00712,19.667911529541016
test_00713,7.667877197265625
test_00714,4.54364013671875
test_00715,58.89418029785156
test_00716,105.42831420898438
test_00717,8.131095886230469
test_00718,7.4510498046875
test_00719,34.96968460083008
test_00720,53.30937576293945
test_00721,75.45257568359375
test_00722,21.124080657958984
test_00723,15.903228759765625
test_00724,17.41745376586914
test_00725,64.08958435058594
test_00726,36.962974548339844
test_00727,99.10198974609375
test_00728,15.781578063964844
test_00729,43.95539093017578
test_00730,86.9002914428711
test_00731,7.785087585449219
test_00732,9.690742492675781
test_00733,20.99136734008789
test_00734,118.10772705078125
test_00735,65.24525451660156
test_00736,48.9763298034668
test_00737,10.568161010742188
test_00738,45.26173782348633
test_00739,119.86787414550781
test_00740,90.03001403808594
test_00741,71.31841278076172
test_00742,52.035118103027344
test_00743,48.18567657470703
test_00744,146.391845703125
test_00745,213.40487670898438
test_00746,32.236228942871094
test_00747,30.347858428955078
test_00748,84.38433074951172
test_00749,11.358726501464844
test_00750,17.332561492919922
test_00751,61.043582916259766
test_00752,19.34859848022461
test_00753,43.02124786376953
test_00754,173.77378845214844
test_00755,19.843414306640625
test_00756,29.098438262939453
test_00757,46.690711975097656
test_00758,8.980316162109375
test_00759,16.41027069091797
test_00760,46.01703643798828
test_00761,74.16230773925781
test_00762,94.19599151611328
test_00763,63.99734878540039
test_00764,35.784671783447266
test_00765,65.3441390991211
test_00766,19.675369262695312
test_00767,13.244224548339844
test_00768,15.52337646484375
test_00769,17.513626098632812
test_00770,88.63717651367188
test_00771,11.250579833984375
test_00772,77.79458618164062
test_00773,39.15900421142578
test_00774,26.532939910888672
test_00775,53.252662658691406
test_00776,109.51484680175781
test_00777,71.59809112548828
test_00778,85.06519317626953
test_00779,88.87109375
test_00780,52.03137969970703
test_00781,104.31988525390625
test_00782,47.84404754638672
test_00783,7.942840576171875
test_00784,13.403755187988281
test_00785,30.612224578857422
test_00786,28.8966064453125
test_00787,9.523887634277344
test_00788,17.806716918945312
test_00789,15.215690612792969
test_00790,18.354759216308594
test_00791,40.831912994384766
test_00792,150.15618896484375
test_00793,61.2421875
test_00794,52.526771545410156
test_00795,17.517547607421875
test_00796,6.6786041259765625
test_00797,18.568851470947266
test_00798,43.360958099365234
test_00799,80.36614227294922
test_00800,73.5949935913086
test_00801,119.50961303710938
test_00802,6.760841369628906
test_00803,10.03753662109375
test_00804,19.901756286621094
test_00805,81.32398223876953
test_00806,59.30366897583008
test_00807,87.69386291503906
test_00808,62.248016357421875
test_00809,95.64044952392578
test_00810,75.4111099243164
test_00811,105.78324890136719
test_00812,65.80228424072266
test_00813,40.445281982421875
test_00814,11.168708801269531
test_00815,44.62590408325195
test_00816,19.69251251220703
test_00817,21.032970428466797
test_00818,69.44049072265625
test_00819,108.09439086914062
test_00820,39.71468734741211
test_00821,8.218048095703125
test_00822,19.477909088134766
test_00823,101.46403503417969
test_00824,159.17184448242188
test_00825,74.52408599853516
test_00826,10.645919799804688
test_00827,28.943195343017578
test_00828,16.488636016845703
test_00829,67.48113250732422
test_00830,147.54461669921875
test_00831,40.3748664855957
test_00832,34.14576721191406
test_00833,56.81114196777344
test_00834,28.55754852294922
test_00835,42.21449279785156
test_00836,66.39910888671875
test_00837,91.91697692871094
test_00838,20.596248626708984
test_00839,34.38010025024414
test_00840,46.799652099609375
test_00841,118.07588195800781
test_00842,116.71728515625
test_00843,0.26119232177734375
test_00844,23.104747772216797
test_00845,10.66265869140625
test_00846,11.924224853515625
test_00847,30.28667449951172
test_00848,51.92845916748047
test_00849,45.141666412353516
test_00850,15.140594482421875
test_00851,33.45821762084961
test_00852,50.58771514892578
test_00853,34.25849151611328
test_00854,60.1602897644043
test_00855,41.84941101074219
test_00856,3.039398193359375
test_00857,9.653617858886719
test_00858,6.1781463623046875
test_00859,7.000579833984375
test_00860,15.680000305175781
test_00861,12.968582153320312
test_00862,3.3273696899414062
test_00863,9.998611450195312
test_00864,12.681838989257812
test_00865,119.78977966308594
test_00866,25.716289520263672
test_00867,10.012947082519531
test_00868,51.60600280761719
test_00869,7.631721496582031
test_00870,11.156967163085938
test_00871,14.407447814941406
test_00872,19.897907257080078
test_00873,20.347381591796875
test_00874,124.7220230102539
test_00875,19.13150405883789
test_00876,36.45356369018555
test_00877,27.23949432373047
test_00878,23.241455078125
test_00879,5.189247131347656
test_00880,6.910057067871094
test_00881,79.86080169677734
test_00882,25.94213104248047
test_00883,119.96240234375
test_00884,18.533634185791016
test_00885,6.556846618652344
test_00886,6.1804351806640625
test_00887,27.066417694091797
test_00888,101.64693450927734
test_00889,169.22451782226562
test_00890,151.69219970703125
test_00891,100.47935485839844
test_00892,41.675811767578125
test_00893,72.42506408691406
test_00894,67.31529235839844
test_00895,34.42927932739258
test_00896,146.7098388671875
test_00897,151.94512939453125
test_00898,7.809196472167969
test_00899,80.84725189208984
test_00900,152.02610778808594
test_00901,112.88166809082031
test_00902,35.227195739746094
test_00903,5.8760528564453125
test_00904,18.369747161865234
test_00905,47.95774459838867
test_00906,22.09351348876953
test_00907,35.572147369384766
test_00908,1.5928878784179688
test_00909,31.95656967163086
test_00910,4.974159240722656
test_00911,10.00677490234375
test_00912,59.51744079589844
test_00913,25.69943618774414
test_00914,179.89535522460938
test_00915,260.8906555175781
test_00916,185.77755737304688
test_00917,50.97179412841797
test_00918,5.855812072753906
test_00919,54.56507873535156
test_00920,217.4095458984375
test_00921,15.996025085449219
test_00922,22.622879028320312
test_00923,49.99641799926758
test_00924,31.222145080566406
test_00925,25.936710357666016
test_00926,80.91114044189453
test_00927,111.23697662353516
test_00928,176.20278930664062
test_00929,15.3780517578125
test_00930,58.988365173339844
test_00931,6.6023101806640625
test_00932,10.545112609863281
test_00933,5.873756408691406
test_00934,73.66923522949219
test_00935,114.20293426513672
test_00936,220.21231079101562
test_00937,3.183837890625
test_00938,70.93489074707031
test_00939,91.80296325683594
test_00940,9.513565063476562
test_00941,14.688224792480469
test_00942,72.23152160644531
test_00943,169.2917022705078
test_00944,134.02059936523438
test_00945,25.068954467773438
test_00946,55.91501998901367
test_00947,142.60830688476562
test_00948,14.154022216796875
test_00949,29.234310150146484
test_00950,66.13439178466797
test_00951,197.50152587890625
test_00952,98.7682113647461
test_00953,11.588027954101562
test_00954,8.586769104003906
test_00955,86.46890258789062
test_00956,134.2886199951172
test_00957,230.01687622070312
test_00958,210.40414428710938
test_00959,367.43792724609375
test_00960,398.0552673339844
test_00961,5.895393371582031
test_00962,41.4350471496582
test_00963,202.3840789794922
test_00964,195.0686492919922
test_00965,12.426719665527344
test_00966,71.15186309814453
test_00967,11.617576599121094
test_00968,59.56968688964844
test_00969,128.3072967529297
test_00970,179.95269775390625
test_00971,14.810142517089844
test_00972,129.98538208007812
test_00973,72.6169662475586
test_00974,201.96405029296875
test_00975,165.86761474609375
test_00976,201.00296020507812
test_00977,22.77011489868164
test_00978,11.709228515625
test_00979,6.354225158691406
test_00980,10.9075927734375
test_00981,21.039676666259766
test_00982,13.472007751464844
test_00983,24.831085205078125
test_00984,109.37358093261719
test_00985,125.18990325927734
test_00986,130.50733947753906
test_00987,44.92888641357422
test_00988,3.9922409057617188
test_00989,58.19377136230469
test_00990,9.845878601074219
test_00991,36.38232421875
test_00992,45.446624755859375
test_00993,137.15798950195312
test_00994,194.4215087890625
test_00995,10.819137573242188
test_00996,286.1820983886719
test_00997,6.859825134277344
test_00998,7.9343414306640625
test_00999,62.4503059387207
test_01000,7.172859191894531
test_01001,75.23064422607422
test_01002,107.60155487060547
test_01003,231.94989013671875
test_01004,12.08099365234375
test_01005,15.156143188476562
test_01006,84.43224334716797
test_01007,7.2080078125
test_01008,8.051002502441406
test_01009,8.793441772460938
test_01010,54.15510940551758
test_01011,86.22187805175781
test_01012,41.1243782043457
test_01013,218.40545654296875
test_01014,245.47146606445312
test_01015,3.8070526123046875
test_01016,52.747215270996094
test_01017,111.91674041748047
test_01018,3.8042449951171875
test_01019,29.380050659179688
test_01020,93.19557189941406
test_01021,9.070358276367188
test_01022,18.736717224121094
test_01023,14.832901000976562
test_01024,28.975326538085938
test_01025,85.02426147460938
test_01026,8.854240417480469
test_01027,201.1085662841797
test_01028,107.09712982177734
test_01029,354.2457580566406
test_01030,65.78839111328125
test_01031,46.22458267211914
test_01032,101.22465515136719
test_01033,7.417976379394531
test_01034,3.9637985229492188
test_01035,8.704582214355469
test_01036,17.663963317871094
test_01037,115.97979736328125
test_01038,7.4573974609375
test_01039,119.27035522460938
test_01040,292.78326416015625
test_01041,298.2207336425781
test_01042,66.20463562011719
test_01043,47.8173713684082
test_01044,56.16180419921875
test_01045,135.68441772460938
test_01046,54.24956130981445
test_01047,13.348823547363281
test_01048,42.097984313964844
test_01049,11.273490905761719
test_01050,53.77899932861328
test_01051,10.128257751464844
test_01052,11.297309875488281
test_01053,122.43479919433594
test_01054,64.60086822509766
test_01055,4.9094085693359375
test_01056,13.66961669921875
test_01057,75.1536636352539
test_01058,104.29902648925781
test_01059,120.2049560546875
test_01060,29.63760757446289
test_01061,17.935161590576172
test_01062,58.207008361816406
test_01063,66.54222106933594
test_01064,44.09013366699219
test_01065,95.22233581542969
test_01066,54.016319274902344
test_01067,38.553855895996094
test_01068,102.06971740722656
test_01069,6.816139221191406
test_01070,16.368568420410156
test_01071,32.3414421081543
test_01072,66.51356506347656
test_01073,90.9366226196289
test_01074,52.71844482421875
test_01075,24.408096313476562
test_01076,73.51251220703125
test_01077,69.44073486328125
test_01078,100.23961639404297
test_01079,103.66739654541016
test_01080,62.57537078857422
test_01081,219.16177368164062
test_01082,43.661521911621094
test_01083,17.231346130371094
test_01084,58.8552360534668
test_01085,48.85316467285156
test_01086,31.981922149658203
test_01087,77.94984436035156
test_01088,25.193275451660156
test_01089,61.88987731933594
test_01090,177.71231079101562
test_01091,30.45562744140625
test_01092,37.76248550415039
test_01093,63.07209777832031
test_01094,43.6710205078125
test_01095,46.695404052734375
test_01096,50.678340911865234
test_01097,86.99876403808594
test_01098,132.68353271484375
test_01099,86.5018310546875
test_01100,70.1878662109375
test_01101,87.46664428710938
test_01102,55.069217681884766
test_01103,8.629623413085938
test_01104,24.73192596435547
test_01105,76.3924560546875
test_01106,41.15607452392578
test_01107,14.17529296875
test_01108,99.42153930664062
test_01109,40.71139907836914
test_01110,41.12800979614258
test_01111,48.959434509277344
test_01112,80.55738830566406
test_01113,134.85055541992188
test_01114,91.44398498535156
test_01115,182.6956024169922
test_01116,46.37218475341797
test_01117,10.901252746582031
test_01118,56.611175537109375
test_01119,65.00127410888672
test_01120,60.63352966308594
test_01121,15.54302978515625
test_01122,31.179840087890625
test_01123,29.487247467041016
test_01124,36.19449234008789
test_01125,110.482421875
test_01126,87.58535766601562
test_01127,176.76844787597656
test_01128,58.667930603027344
test_01129,128.79202270507812
test_01130,7.794593811035156
test_01131,18.196189880371094
test_01132,31.580188751220703
test_01133,76.89729309082031
test_01134,102.60688018798828
test_01135,121.85598754882812
test_01136,71.82746124267578
test_01137,36.5827751159668
test_01138,45.1037712097168
test_01139,136.85809326171875
test_01140,43.71863555908203
test_01141,91.51129150390625
test_01142,84.17382049560547
test_01143,94.9709243774414
test_01144,92.30650329589844
test_01145,161.02499389648438
test_01146,142.28619384765625
test_01147,21.726924896240234
test_01148,27.13265609741211
test_01149,31.9425048828125
test_01150,34.63893127441406
test_01151,101.2942886352539
test_01152,104.64054870605469
test_01153,101.75131225585938
test_01154,0.5119476318359375
test_01155,31.968830108642578
test_01156,69.9439468383789
test_01157,34.086856842041016
test_01158,56.821414947509766
test_01159,114.9100341796875
test_01160,47.231590270996094
test_01161,65.52278137207031
test_01162,178.0688018798828
test_01163,91.78118133544922
test_01164,108.62759399414062
test_01165,77.14097595214844
test_01166,141.28973388671875
test_01167,28.582664489746094
test_01168,51.121002197265625
test_01169,44.12627029418945
test_01170,78.7019271850586
test_01171,86.65154266357422
test_01172,59.16192626953125
test_01173,35.57368850708008
test_01174,18.414752960205078
test_01175,9.494163513183594
test_01176,33.005348205566406
test_01177,91.7833023071289
test_01178,65.10196685791016
test_01179,38.19740295410156
test_01180,77.88929748535156
test_01181,73.75355529785156
test_01182,39.35887145996094
test_01183,85.6168212890625
test_01184,126.50343322753906
test_01185,7.068275451660156
test_01186,29.926616668701172
test_01187,12.861648559570312
test_01188,18.95819854736328
test_01189,30.598724365234375
test_01190,20.727462768554688
test_01191,3.404632568359375
test_01192,9.486671447753906
test_01193,13.254051208496094
test_01194,134.76670837402344
test_01195,34.0028190612793
test_01196,11.1805419921875
test_01197,48.84568786621094
test_01198,15.266166687011719
test_01199,12.217826843261719
test_01200,16.01363754272461
test_01201,35.46396255493164
test_01202,44.046878814697266
test_01203,68.30197143554688
test_01204,78.30623626708984
test_01205,164.1158447265625
test_01206,33.69192886352539
test_01207,32.453369140625
test_01208,13.995201110839844
test_01209,31.146976470947266
test_01210,47.38441848754883
test_01211,83.33062744140625
test_01212,105.20631408691406
test_01213,38.02223205566406
test_01214,191.65875244140625
test_01215,37.28034591674805
test_01216,8.859672546386719
test_01217,8.003158569335938
test_01218,43.154754638671875
test_01219,94.80268859863281
test_01220,231.91384887695312
test_01221,194.7343292236328
test_01222,113.87249755859375
test_01223,64.85406494140625
test_01224,52.545047760009766
test_01225,49.58409881591797
test_01226,24.67963409423828
test_01227,57.48921585083008
test_01228,175.39183044433594
test_01229,49.48298645019531
test_01230,127.23817443847656
test_01231,307.91827392578125
test_01232,130.52886962890625
test_01233,113.92798614501953
test_01234,57.022430419921875
test_01235,211.4356689453125
test_01236,29.853717803955078
test_01237,44.832183837890625
test_01238,7.07208251953125
test_01239,17.114837646484375
test_01240,54.39253616333008
test_01241,128.98367309570312
test_01242,2.13299560546875
test_01243,2.4944915771484375
test_01244,28.314559936523438
test_01245,6.62628173828125
test_01246,9.761322021484375
test_01247,77.40633392333984
test_01248,159.94549560546875
test_01249,280.3223571777344
test_01250,261.388916015625
test_01251,116.91410827636719
test_01252,124.03671264648438
test_01253,10.263084411621094
test_01254,97.64079284667969
test_01255,185.96810913085938
test_01256,101.47003936767578
test_01257,58.672569274902344
test_01258,53.968814849853516
test_01259,3.6234283447265625
test_01260,14.608543395996094
test_01261,86.7539291381836
test_01262,69.72466278076172
test_01263,193.79049682617188
test_01264,26.921600341796875
test_01265,79.44857025146484
test_01266,6.365684509277344
test_01267,7.117645263671875
test_01268,28.465003967285156
test_01269,101.3539047241211
test_01270,205.31053161621094
test_01271,281.2212829589844
test_01272,16.264583587646484
test_01273,146.00637817382812
test_01274,159.0791778564453
test_01275,6.5788421630859375
test_01276,118.295166015625
test_01277,203.027099609375
test_01278,530.0518798828125
test_01279,70.0179214477539
test_01280,39.227474212646484
test_01281,115.27217864990234
test_01282,226.23135375976562
test_01283,6.2651519775390625
test_01284,14.859107971191406
test_01285,213.27005004882812
test_01286,242.66156005859375
test_01287,7.399925231933594
test_01288,10.168220520019531
test_01289,7.829681396484375
test_01290,95.47178649902344
test_01291,292.93212890625
test_01292,209.162109375
test_01293,233.31832885742188
test_01294,429.8781433105469
test_01295,477.7322082519531
test_01296,13.720458984375
test_01297,95.84977722167969
test_01298,144.12741088867188
test_01299,168.49075317382812
test_01300,4.0346527099609375
test_01301,149.21746826171875
test_01302,13.818290710449219
test_01303,412.91204833984375
test_01304,367.4360656738281
test_01305,382.92657470703125
test_01306,99.13663482666016
test_01307,343.1942443847656
test_01308,342.6366271972656
test_01309,271.8378601074219
test_01310,171.28634643554688
test_01311,136.72555541992188
test_01312,20.51268768310547
test_01313,14.558746337890625
test_01314,3.6809234619140625
test_01315,54.707420349121094
test_01316,83.73812103271484
test_01317,9.723365783691406
test_01318,31.743404388427734
test_01319,88.93766784667969
test_01320,136.73440551757812
test_01321,181.9383544921875
test_01322,61.998809814453125
test_01323,4.690986633300781
test_01324,75.54098510742188
test_01325,14.396499633789062
test_01326,30.94940948486328
test_01327,103.45818328857422
test_01328,122.68197631835938
test_01329,311.90716552734375
test_01330,10.445037841796875
test_01331,555.2869262695312
test_01332,0.9389190673828125
test_01333,10.189254760742188
test_01334,72.41393280029297
test_01335,4.1280975341796875
test_01336,86.81498718261719
test_01337,322.0804748535156
test_01338,6.5526275634765625
test_01339,8.42559814453125
test_01340,62.878623962402344
test_01341,11.391159057617188
test_01342,11.803123474121094
test_01343,13.830459594726562
test_01344,134.67567443847656
test_01345,156.39019775390625
test_01346,192.32168579101562
test_01347,261.33251953125
test_01348,250.74176025390625
test_01349,5.999458312988281
test_01350,91.62861633300781
test_01351,157.90060424804688
test_01352,3.7593612670898438
test_01353,67.08008575439453
test_01354,98.45100402832031
test_01355,11.986282348632812
test_01356,22.177616119384766
test_01357,10.958023071289062
test_01358,23.475444793701172
test_01359,113.11997985839844
test_01360,6.727020263671875
test_01361,170.5717010498047
test_01362,135.5893096923828
test_01363,357.4247131347656
test_01364,77.83930206298828
test_01365,55.01287841796875
test_01366,79.55502319335938
test_01367,6.780693054199219
test_01368,4.075958251953125
test_01369,7.3533782958984375
test_01370,15.231689453125
test_01371,109.50196838378906
test_01372,7.2709503173828125
test_01373,104.19608306884766
test_01374,278.56396484375
test_01375,316.33868408203125
test_01376,69.81938934326172
test_01377,49.11261749267578
test_01378,49.860076904296875
test_01379,130.04335021972656
test_01380,60.89222717285156
test_01381,13.3919677734375
test_01382,29.916160583496094
test_01383,38.933284759521484
test_01384,14.505691528320312
test_01385,47.21999740600586
test_01386,9.127578735351562
test_01387,10.543449401855469
test_01388,120.16207885742188
test_01389,66.87437438964844
test_01390,5.974822998046875
test_01391,11.744575500488281
test_01392,60.898406982421875
test_01393,108.36419677734375
test_01394,124.7904281616211
test_01395,29.506450653076172
test_01396,15.898345947265625
test_01397,55.44380187988281
test_01398,64.61347198486328
test_01399,84.16537475585938
test_01400,84.50247192382812
test_01401,42.79509353637695
test_01402,90.76522827148438
test_01403,13.479759216308594
test_01404,20.63434600830078
test_01405,39.280555725097656
test_01406,66.22402954101562
test_01407,85.23258972167969
test_01408,44.903385162353516
test_01409,20.533573150634766
test_01410,55.446800231933594
test_01411,61.09912109375
test_01412,70.1613998413086
test_01413,91.6328125
test_01414,128.4367218017578
test_01415,58.12525177001953
test_01416,186.72381591796875
test_01417,209.14984130859375
test_01418,31.259052276611328
test_01419,22.28515625
test_01420,60.7326545715332
test_01421,18.116657257080078
test_01422,23.87847900390625
test_01423,66.131103515625
test_01424,26.194438934326172
test_01425,47.77069854736328
test_01426,189.11294555664062
test_01427,23.430057525634766
test_01428,29.077266693115234
test_01429,62.73274230957031
test_01430,36.46902084350586
test_01431,42.08440017700195
test_01432,48.48106002807617
test_01433,86.60095977783203
test_01434,91.49566650390625
test_01435,88.3379135131836
test_01436,66.65626525878906
test_01437,86.36143493652344
test_01438,57.31452560424805
test_01439,15.192131042480469
test_01440,17.771690368652344
test_01441,53.70531463623047
test_01442,36.8718376159668
test_01443,7.90478515625
test_01444,99.49187469482422
test_01445,44.393375396728516
test_01446,47.89423751831055
test_01447,51.866825103759766
test_01448,83.45745849609375
test_01449,79.02037811279297
test_01450,95.53337097167969
test_01451,131.72137451171875
test_01452,98.58567810058594
test_01453,205.54336547851562
test_01454,41.14677810668945
test_01455,7.574867248535156
test_01456,64.91484832763672
test_01457,32.30464172363281
test_01458,69.1795425415039
test_01459,17.879955291748047
test_01460,28.61219024658203
test_01461,30.664443969726562
test_01462,36.06904602050781
test_01463,114.55522918701172
test_01464,97.73869323730469
test_01465,178.76828002929688
test_01466,68.31468200683594
test_01467,85.27110290527344
test_01468,8.713554382324219
test_01469,16.199501037597656
test_01470,33.58137893676758
test_01471,74.51831817626953
test_01472,108.4589614868164
test_01473,127.33573913574219
test_01474,86.50723266601562
test_01475,31.067306518554688
test_01476,33.9312858581543
test_01477,117.80199432373047
test_01478,49.28732681274414
test_01479,85.86491394042969
test_01480,101.1455078125
test_01481,70.05872344970703
test_01482,65.27886199951172
test_01483,133.46722412109375
test_01484,110.43718719482422
test_01485,88.35542297363281
test_01486,16.05706787109375
test_01487,48.72991943359375
test_01488,45.71580505371094
test_01489,37.023155212402344
test_01490,113.95005798339844
test_01491,137.28668212890625
test_01492,82.02059173583984
test_01493,6.290840148925781
test_01494,52.880043029785156
test_01495,125.41015625
test_01496,33.8116340637207
test_01497,50.878578186035156
test_01498,13.119132995605469
test_01499,119.61064147949219
test_01500,142.9551544189453
test_01501,58.285888671875
test_01502,71.11536407470703
test_01503,147.87435913085938
test_01504,72.79643249511719
test_01505,97.79523468017578
test_01506,74.542724609375
test_01507,114.5607681274414
test_01508,27.423660278320312
test_01509,45.90001678466797
test_01510,48.81987762451172
test_01511,76.91162109375
test_01512,89.75110626220703
test_01513,75.20218658447266
test_01514,30.118343353271484
test_01515,18.05197525024414
test_01516,8.731864929199219
test_01517,26.923995971679688
test_01518,85.17877197265625
test_01519,62.381134033203125
test_01520,33.388816833496094
test_01521,70.01323699951172
test_01522,73.60012817382812
test_01523,35.78657913208008
test_01524,112.42936706542969
test_01525,132.23855590820312
test_01526,4.980125427246094
test_01527,29.79352569580078
test_01528,9.189460754394531
test_01529,20.234691619873047
test_01530,23.86871337890625
test_01531,21.841785430908203
test_01532,7.540870666503906
test_01533,20.11005401611328
test_01534,19.100326538085938
test_01535,140.6268310546875
test_01536,27.520824432373047
test_01537,19.86422348022461
test_01538,56.8146858215332
test_01539,18.969871520996094
test_01540,8.164634704589844
test_01541,8.838775634765625
test_01542,39.120361328125
test_01543,41.15291976928711
test_01544,78.3548355102539
test_01545,54.956886291503906
test_01546,154.95103454589844
test_01547,37.59804916381836
test_01548,28.642200469970703
test_01549,9.372779846191406
test_01550,24.6495361328125
test_01551,46.91395568847656
test_01552,97.25540161132812
test_01553,78.82144165039062
test_01554,36.684051513671875
test_01555,186.96273803710938
test_01556,27.211994171142578
test_01557,9.257720947265625
test_01558,11.120323181152344
test_01559,39.9035758972168
test_01560,97.5243148803711
test_01561,204.2332305908203
test_01562,173.6353759765625
test_01563,100.54498291015625
test_01564,38.83020782470703
test_01565,64.30584716796875
test_01566,49.863807678222656
test_01567,50.64440155029297
test_01568,18.006752014160156
test_01569,49.57530212402344
test_01570,167.539794921875
test_01571,52.53666687011719
test_01572,121.71974182128906
test_01573,252.27960205078125
test_01574,267.4767150878906
test_01575,126.57380676269531
test_01576,127.13499450683594
test_01577,80.93376922607422
test_01578,246.60711669921875
test_01579,46.262813568115234
test_01580,39.52347946166992
test_01581,4.721138000488281
test_01582,20.36681365966797
test_01583,83.50099182128906
test_01584,112.65677642822266
test_01585,9.631301879882812
test_01586,52.85157012939453
test_01587,1.7132492065429688
test_01588,28.016727447509766
test_01589,9.813896179199219
test_01590,8.021392822265625
test_01591,76.44171905517578
test_01592,144.41354370117188
test_01593,259.7210998535156
test_01594,230.93698120117188
test_01595,115.7542953491211
test_01596,128.94915771484375
test_01597,11.324546813964844
test_01598,97.82479858398438
test_01599,207.67117309570312
test_01600,138.01895141601562
test_01601,75.7969741821289
test_01602,62.418006896972656
test_01603,23.284168243408203
test_01604,13.193641662597656
test_01605,79.1736831665039
test_01606,67.74563598632812
test_01607,192.8052978515625
test_01608,44.10767364501953
test_01609,72.79534912109375
test_01610,6.395111083984375
test_01611,6.5772552490234375
test_01612,18.77846908569336
test_01613,104.05313110351562
test_01614,209.65960693359375
test_01615,297.7576599121094
test_01616,19.043689727783203
test_01617,106.71139526367188
test_01618,135.44140625
test_01619,4.522346496582031
test_01620,133.5674285888672
test_01621,171.32992553710938
test_01622,464.0714416503906
test_01623,91.94514465332031
test_01624,33.13852310180664
test_01625,124.01652526855469
test_01626,194.18756103515625
test_01627,6.774932861328125
test_01628,20.065475463867188
test_01629,155.13394165039062
test_01630,232.498046875
test_01631,7.134071350097656
test_01632,15.175430297851562
test_01633,13.372848510742188
test_01634,83.85979461669922
test_01635,273.04473876953125
test_01636,225.29867553710938
test_01637,196.6641845703125
test_01638,389.93243408203125
test_01639,476.5303649902344
test_01640,14.800094604492188
test_01641,88.01383209228516
test_01642,172.57308959960938
test_01643,169.90179443359375
test_01644,9.310302734375
test_01645,151.85260009765625
test_01646,9.216972351074219
test_01647,347.96990966796875
test_01648,246.608642578125
test_01649,417.26953125
test_01650,169.57827758789062
test_01651,280.77862548828125
test_01652,256.31732177734375
test_01653,173.59683227539062
test_01654,135.76278686523438
test_01655,29.462207794189453
test_01656,9.837501525878906
test_01657,5.7708740234375
test_01658,71.712646484375
test_01659,93.1928939819336
test_01660,12.103599548339844
test_01661,30.32274627685547
test_01662,85.80718231201172
test_01663,118.4499282836914
test_01664,174.61053466796875
test_01665,51.11671447753906
test_01666,5.354522705078125
test_01667,70.34685516357422
test_01668,8.696159362792969
test_01669,19.86363983154297
test_01670,74.71054077148438
test_01671,170.09927368164062
test_01672,275.64703369140625
test_01673,7.78912353515625
test_01674,571.5919189453125
test_01675,3.3022537231445312
test_01676,9.897193908691406
test_01677,62.343109130859375
test_01678,3.3944778442382812
test_01679,53.789031982421875
test_01680,82.91393280029297
test_01681,8.907745361328125
test_01682,8.598121643066406
test_01683,60.288169860839844
test_01684,8.87176513671875
test_01685,8.319686889648438
test_01686,10.981475830078125
test_01687,122.70848083496094
test_01688,150.36138916015625
test_01689,157.63595581054688
test_01690,248.7337646484375
test_01691,274.7579650878906
test_01692,4.043998718261719
test_01693,85.3746337890625
test_01694,140.31216430664062
test_01695,2.2198028564453125
test_01696,72.91413116455078
test_01697,87.13032531738281
test_01698,18.586246490478516
test_01699,35.39411926269531
test_01700,9.016365051269531
test_01701,23.847618103027344
test_01702,69.60414123535156
test_01703,10.4306640625
test_01704,151.11666870117188
test_01705,178.50680541992188
test_01706,337.7405700683594
test_01707,80.32823181152344
test_01708,58.47222900390625
test_01709,57.95140838623047
test_01710,5.283905029296875
test_01711,7.09686279296875
test_01712,7.5979461669921875
test_01713,14.555931091308594
test_01714,93.4331283569336
test_01715,4.326454162597656
test_01716,114.42437744140625
test_01717,261.0562438964844
test_01718,354.4893493652344
test_01719,93.5025863647461
test_01720,54.08708572387695
test_01721,54.70512771606445
test_01722,121.088134765625
test_01723,60.688995361328125
test_01724,6.20281982421875
test_01725,33.434234619140625
test_01726,54.718318939208984
test_01727,12.647903442382812
test_01728,66.5362319946289
test_01729,6.887542724609375
test_01730,9.968002319335938
test_01731,89.72642517089844
test_01732,69.30859375
test_01733,4.55511474609375
test_01734,11.266975402832031
test_01735,66.3661117553711
test_01736,127.48875427246094
test_01737,83.54959869384766
test_01738,12.448829650878906
test_01739,17.239059448242188
test_01740,50.2947998046875
test_01741,58.73331069946289
test_01742,43.30154800415039
test_01743,130.2806396484375
test_01744,108.02194213867188
test_01745,75.34842681884766
test_01746,89.59672546386719
test_01747,16.280384063720703
test_01748,38.25957489013672
test_01749,41.52860641479492
test_01750,66.9325180053711
test_01751,84.42095947265625
test_01752,22.21402359008789
test_01753,13.090751647949219
test_01754,57.066795349121094
test_01755,56.01174545288086
test_01756,74.82332611083984
test_01757,76.024658203125
test_01758,67.84107971191406
test_01759,45.09663391113281
test_01760,230.10736083984375
test_01761,213.3294677734375
test_01762,19.400375366210938
test_01763,11.994789123535156
test_01764,21.39761734008789
test_01765,47.74828338623047
test_01766,12.2784423828125
test_01767,21.330726623535156
test_01768,61.74040985107422
test_01769,29.677024841308594
test_01770,55.689903259277344
test_01771,201.46078491210938
test_01772,23.08228302001953
test_01773,37.07112121582031
test_01774,59.04469299316406
test_01775,51.96854019165039
test_01776,43.95789337158203
test_01777,52.72926330566406
test_01778,90.00328826904297
test_01779,94.70843505859375
test_01780,84.31968688964844
test_01781,41.70909881591797
test_01782,80.25102996826172
test_01783,29.835643768310547
test_01784,9.060081481933594
test_01785,14.052825927734375
test_01786,61.22101593017578
test_01787,20.527969360351562
test_01788,96.99088287353516
test_01789,40.267826080322266
test_01790,47.88190841674805
test_01791,70.7498779296875
test_01792,62.29350662231445
test_01793,75.44586181640625
test_01794,119.89398193359375
test_01795,88.32698822021484
test_01796,244.68658447265625
test_01797,43.73713302612305
test_01798,8.579971313476562
test_01799,35.44664764404297
test_01800,25.04521942138672
test_01801,54.19371795654297
test_01802,7.2783355712890625
test_01803,27.823699951171875
test_01804,28.977882385253906
test_01805,35.95158767700195
test_01806,73.0437240600586
test_01807,105.63253021240234
test_01808,117.34616088867188
test_01809,79.9600601196289
test_01810,22.85879898071289
test_01811,10.255615234375
test_01812,14.142654418945312
test_01813,41.421539306640625
test_01814,92.59346008300781
test_01815,97.81123352050781
test_01816,113.05655670166016
test_01817,51.01654052734375
test_01818,30.57636260986328
test_01819,40.63922119140625
test_01820,98.01690673828125
test_01821,52.712486267089844
test_01822,101.04979705810547
test_01823,90.38018798828125
test_01824,61.093605041503906
test_01825,104.08712005615234
test_01826,115.13899993896484
test_01827,86.67095184326172
test_01828,71.35307312011719
test_01829,15.535011291503906
test_01830,45.60136795043945
test_01831,27.32999038696289
test_01832,29.20775604248047
test_01833,78.67322540283203
test_01834,115.3406982421875
test_01835,53.83918762207031
test_01836,0.0
test_01837,25.92151641845703
test_01838,54.632022857666016
test_01839,145.9793243408203
test_01840,127.95633697509766
test_01841,34.031211853027344
test_01842,38.61504364013672
test_01843,16.877086639404297
test_01844,86.62329864501953
test_01845,118.4149169921875
test_01846,51.00129699707031
test_01847,74.72445678710938
test_01848,66.88953399658203
test_01849,23.71609878540039
test_01850,36.816612243652344
test_01851,78.64013671875
test_01852,91.86902618408203
test_01853,23.842185974121094
test_01854,42.12831497192383
test_01855,47.4500617980957
test_01856,67.63334655761719
test_01857,111.79682922363281
test_01858,37.538429260253906
test_01859,40.584293365478516
test_01860,18.294021606445312
test_01861,10.968376159667969
test_01862,26.952205657958984
test_01863,69.95136260986328
test_01864,61.05670166015625
test_01865,24.933979034423828
test_01866,63.18475341796875
test_01867,75.4946517944336
test_01868,46.890682220458984
test_01869,97.28943634033203
test_01870,84.23780059814453
test_01871,2.324951171875
test_01872,6.542457580566406
test_01873,12.288169860839844
test_01874,12.651451110839844
test_01875,26.062088012695312
test_01876,14.271774291992188
test_01877,1.016693115234375
test_01878,21.611244201660156
test_01879,14.081031799316406
test_01880,135.97901916503906
test_01881,15.183609008789062
test_01882,56.17034149169922
test_01883,8.569099426269531
test_01884,7.775665283203125
test_01885,11.910308837890625
test_01886,32.84623336791992
test_01887,39.36053466796875
test_01888,93.26749420166016
test_01889,37.767234802246094
test_01890,168.71047973632812
test_01891,77.76041412353516
test_01892,24.01877212524414
test_01893,12.591827392578125
test_01894,19.98318099975586
test_01895,84.79690551757812
test_01896,88.3397216796875
test_01897,95.91752624511719
test_01898,206.82058715820312
test_01899,27.321868896484375
test_01900,11.332328796386719
test_01901,7.140777587890625
test_01902,197.14158630371094
test_01903,196.81143188476562
test_01904,100.19612121582031
test_01905,31.680400848388672
test_01906,59.8038215637207
test_01907,54.14478302001953
test_01908,43.02960205078125
test_01909,35.84115219116211
test_01910,83.4290771484375
test_01911,155.71546936035156
test_01912,77.39012145996094
test_01913,121.8117904663086
test_01914,195.197509765625
test_01915,258.9387512207031
test_01916,145.14358520507812
test_01917,102.30979919433594
test_01918,82.7373275756836
test_01919,198.9144287109375
test_01920,64.4659652709961
test_01921,54.191192626953125
test_01922,17.734905242919922
test_01923,18.46343231201172
test_01924,34.60279083251953
test_01925,94.75830078125
test_01926,9.36376953125
test_01927,37.23797607421875
test_01928,1.675811767578125
test_01929,24.66842269897461
test_01930,3.2348403930664062
test_01931,6.831672668457031
test_01932,76.93598937988281
test_01933,141.70089721679688
test_01934,305.0234069824219
test_01935,234.45706176757812
test_01936,86.70957946777344
test_01937,114.65294647216797
test_01938,8.085113525390625
test_01939,97.58578491210938
test_01940,207.39535522460938
test_01941,47.84288787841797
test_01942,73.65007019042969
test_01943,50.22476577758789
test_01944,9.470863342285156
test_01945,18.364540100097656
test_01946,77.61123657226562
test_01947,72.07011413574219
test_01948,166.40171813964844
test_01949,14.581298828125
test_01950,60.72535705566406
test_01951,2.2060928344726562
test_01952,3.7464675903320312
test_01953,2.9603347778320312
test_01954,87.03507995605469
test_01955,170.24903869628906
test_01956,432.4521789550781
test_01957,15.151924133300781
test_01958,119.2300796508789
test_01959,137.08248901367188
test_01960,4.2547454833984375
test_01961,65.08345031738281
test_01962,93.12213134765625
test_01963,353.16473388671875
test_01964,145.90402221679688
test_01965,40.903160095214844
test_01966,69.18325805664062
test_01967,186.78768920898438
test_01968,6.206169128417969
test_01969,20.39666748046875
test_01970,108.17521667480469
test_01971,240.28048706054688
test_01972,8.32489013671875
test_01973,1.7892379760742188
test_01974,92.0259780883789
test_01975,157.5504150390625
test_01976,266.24578857421875
test_01977,207.98583984375
test_01978,529.8331909179688
test_01979,452.4923400878906
test_01980,6.2616729736328125
test_01981,94.74462890625
test_01982,156.39010620117188
test_01983,157.17779541015625
test_01984,11.471046447753906
test_01985,167.945556640625
test_01986,6.0775146484375
test_01987,64.18547058105469
test_01988,188.52862548828125
test_01989,398.01580810546875
test_01990,6.428825378417969
test_01991,187.92112731933594
test_01992,363.295166015625
test_01993,255.78323364257812
test_01994,163.63336181640625
test_01995,245.34548950195312
test_01996,19.045238494873047
test_01997,16.65444564819336
test_01998,4.7257232666015625
test_01999,60.683353424072266
test_02000,100.72360229492188
test_02001,4.13995361328125
test_02002,24.768680572509766
test_02003,93.21003723144531
test_02004,121.83383178710938
test_02005,170.58108520507812
test_02006,67.18849182128906
test_02007,0.6982574462890625
test_02008,67.70179748535156
test_02009,14.017265319824219
test_02010,19.97931671142578
test_02011,42.40101623535156
test_02012,80.15528106689453
test_02013,219.7039794921875
test_02014,2.61370849609375
test_02015,521.4791870117188
test_02016,0.0
test_02017,10.884796142578125
test_02018,73.52747344970703
test_02019,5.204307556152344
test_02020,55.1660041809082
test_02021,103.76956939697266
test_02022,254.989013671875
test_02023,1.0274734497070312
test_02024,11.68963623046875
test_02025,70.63264465332031
test_02026,8.0792236328125
test_02027,6.160392761230469
test_02028,8.320732116699219
test_02029,164.33877563476562
test_02030,171.65097045898438
test_02031,110.62168884277344
test_02032,213.12078857421875
test_02033,280.3747863769531
test_02034,5.020637512207031
test_02035,74.26374816894531
test_02036,129.32020568847656
test_02037,6.0295562744140625
test_02038,72.90340423583984
test_02039,98.55526733398438
test_02040,19.610721588134766
test_02041,28.647201538085938
test_02042,10.66357421875
test_02043,28.254798889160156
test_02044,73.6858901977539
test_02045,3.9514389038085938
test_02046,120.04173278808594
test_02047,129.93919372558594
test_02048,322.39898681640625
test_02049,36.535831451416016
test_02050,28.088119506835938
test_02051,98.36648559570312
test_02052,9.603240966796875
test_02053,7.785285949707031
test_02054,7.899139404296875
test_02055,16.533023834228516
test_02056,78.79652404785156
test_02057,8.624763488769531
test_02058,72.10616302490234
test_02059,207.43310546875
test_02060,272.8769226074219
test_02061,30.166179656982422
test_02062,52.9156608581543
test_02063,34.721805572509766
test_02064,130.51319885253906
test_02065,54.792781829833984
test_02066,7.159637451171875
test_02067,18.111980438232422
test_02068,16.84194564819336
test_02069,9.017387390136719
test_02070,24.58755111694336
test_02071,7.511688232421875
test_02072,4.226005554199219
test_02073,49.66290283203125
test_02074,71.86052703857422
test_02075,7.463569641113281
test_02076,13.161720275878906
test_02077,84.91272735595703
test_02078,88.5532455444336
test_02079,0.0
test_02080,8.310523986816406
test_02081,51.296661376953125
test_02082,52.53215789794922
test_02083,36.60622024536133
test_02084,72.78727722167969
test_02085,45.108848571777344
test_02086,43.01374435424805
test_02087,77.97808837890625
test_02088,11.881523132324219
test_02089,15.198287963867188
test_02090,22.129554748535156
test_02091,43.69416809082031
test_02092,63.63714599609375
test_02093,35.53776168823242
test_02094,14.553604125976562
test_02095,29.25249481201172
test_02096,58.98767852783203
test_02097,63.97441101074219
test_02098,57.29651641845703
test_02099,65.25222778320312
test_02100,37.736507415771484
test_02101,132.77784729003906
test_02102,178.27268981933594
test_02103,43.7586784362793
test_02104,5.058189392089844
test_02105,58.42878723144531
test_02106,53.754859924316406
test_02107,27.068878173828125
test_02108,29.118297576904297
test_02109,51.88067626953125
test_02110,24.121360778808594
test_02111,86.16047668457031
test_02112,119.35372924804688
test_02113,14.85443115234375
test_02114,29.211963653564453
test_02115,63.57257080078125
test_02116,10.150367736816406
test_02117,18.679744720458984
test_02118,64.63280487060547
test_02119,103.87916564941406
test_02120,75.79605102539062
test_02121,52.031944274902344
test_02122,33.05466079711914
test_02123,51.27611541748047
test_02124,14.783012390136719
test_02125,8.180526733398438
test_02126,16.180267333984375
test_02127,71.65400695800781
test_02128,59.40351486206055
test_02129,14.083511352539062
test_02130,71.62451171875
test_02131,31.006057739257812
test_02132,34.62147521972656
test_02133,56.570255279541016
test_02134,55.74394226074219
test_02135,91.35321807861328
test_02136,55.24205780029297
test_02137,47.81137466430664
test_02138,70.609375
test_02139,76.515380859375
test_02140,39.775211334228516
test_02141,6.742225646972656
test_02142,51.60336685180664
test_02143,12.073158264160156
test_02144,37.426177978515625
test_02145,10.366561889648438
test_02146,12.149261474609375
test_02147,19.366405487060547
test_02148,20.198665618896484
test_02149,56.93547058105469
test_02150,78.92996978759766
test_02151,112.63705444335938
test_02152,43.74817657470703
test_02153,40.08820343017578
test_02154,3.7173233032226562
test_02155,16.685466766357422
test_02156,77.57150268554688
test_02157,63.746246337890625
test_02158,43.942474365234375
test_02159,112.82066345214844
test_02160,32.96187210083008
test_02161,12.249664306640625
test_02162,48.91358947753906
test_02163,67.78060913085938
test_02164,35.79479217529297
test_02165,91.63117218017578
test_02166,108.1612548828125
test_02167,61.76816940307617
test_02168,42.69096755981445
test_02169,126.92057800292969
test_02170,101.99068450927734
test_02171,86.62036895751953
test_02172,9.33929443359375
test_02173,40.117122650146484
test_02174,32.62635040283203
test_02175,21.094894409179688
test_02176,43.471920013427734
test_02177,86.26071166992188
test_02178,71.73080444335938
test_02179,7.365020751953125
test_02180,11.913482666015625
test_02181,79.11883544921875
test_02182,110.37690734863281
test_02183,104.31643676757812
test_02184,33.34360122680664
test_02185,28.925003051757812
test_02186,23.431377410888672
test_02187,183.5327606201172
test_02188,45.427093505859375
test_02189,35.014610290527344
test_02190,46.024261474609375
test_02191,32.8901252746582
test_02192,58.14007568359375
test_02193,67.9202651977539
test_02194,100.89369201660156
test_02195,15.898422241210938
test_02196,19.64641571044922
test_02197,29.934268951416016
test_02198,131.53646850585938
test_02199,117.70407104492188
test_02200,0.3576202392578125
test_02201,15.597877502441406
test_02202,10.958282470703125
test_02203,14.210189819335938
test_02204,27.753719329833984
test_02205,54.45747756958008
test_02206,51.69163513183594
test_02207,17.43960189819336
test_02208,47.6996955871582
test_02209,64.6801528930664
test_02210,42.71513748168945
test_02211,62.628684997558594
test_02212,90.43505859375
test_02213,2.3267364501953125
test_02214,12.231437683105469
test_02215,9.80609130859375
test_02216,9.02734375
test_02217,16.095020294189453
test_02218,19.651546478271484
test_02219,4.9646453857421875
test_02220,13.584266662597656
test_02221,13.816444396972656
test_02222,108.73564910888672
test_02223,33.96588134765625
test_02224,13.333450317382812
test_02225,40.366310119628906
test_02226,11.799041748046875
test_02227,7.3647308349609375
test_02228,10.786354064941406
test_02229,20.12970733642578
test_02230,33.64571762084961
test_02231,107.98184967041016
test_02232,80.44876861572266
test_02233,48.42742156982422
test_02234,25.92072296142578
test_02235,18.901653289794922
test_02236,7.559974670410156
test_02237,16.934478759765625
test_02238,76.70057678222656
test_02239,134.18368530273438
test_02240,21.394237518310547
test_02241,143.13145446777344
test_02242,21.415325164794922
test_02243,6.142723083496094
test_02244,6.17852783203125
test_02245,18.316879272460938
test_02246,203.90365600585938
test_02247,153.4436492919922
test_02248,57.51873016357422
test_02249,37.051788330078125
test_02250,77.26628875732422
test_02251,81.72858428955078
test_02252,39.739654541015625
test_02253,13.167182922363281
test_02254,60.82674789428711
test_02255,116.09739685058594
test_02256,75.74655151367188
test_02257,102.11710357666016
test_02258,150.706298828125
test_02259,255.9847412109375
test_02260,96.29959106445312
test_02261,70.43975830078125
test_02262,53.88139724731445
test_02263,177.53558349609375
test_02264,128.3370819091797
test_02265,36.167236328125
test_02266,5.109580993652344
test_02267,17.78217315673828
test_02268,25.268943786621094
test_02269,4.9854583740234375
test_02270,36.04243087768555
test_02271,0.5832977294921875
test_02272,30.877330780029297
test_02273,4.849861145019531
test_02274,9.048606872558594
test_02275,70.73007202148438
test_02276,133.04698181152344
test_02277,290.6180725097656
test_02278,209.05667114257812
test_02279,163.07704162597656
test_02280,65.52144622802734
test_02281,14.219902038574219
test_02282,44.54800796508789
test_02283,164.02545166015625
test_02284,75.29624938964844
test_02285,62.40516662597656
test_02286,52.62277603149414
test_02287,66.11251068115234
test_02288,14.451911926269531
test_02289,66.76481628417969
test_02290,129.94573974609375
test_02291,181.68728637695312
test_02292,16.968307495117188
test_02293,46.32802200317383
test_02294,5.790443420410156
test_02295,7.390144348144531
test_02296,8.277137756347656
test_02297,81.2262191772461
test_02298,93.15332794189453
test_02299,218.56808471679688
test_02300,35.125755310058594
test_02301,49.520721435546875
test_02302,76.58765411376953
test_02303,6.3082122802734375
test_02304,31.76116943359375
test_02305,62.450286865234375
test_02306,281.91998291015625
test_02307,109.5707015991211
test_02308,13.113883972167969
test_02309,45.7227783203125
test_02310,133.1565399169922
test_02311,11.039268493652344
test_02312,15.4228515625
test_02313,45.93315124511719
test_02314,204.70101928710938
test_02315,9.622657775878906
test_02316,9.406990051269531
test_02317,6.475196838378906
test_02318,23.537391662597656
test_02319,67.00244140625
test_02320,103.58609771728516
test_02321,74.83577728271484
test_02322,381.6559143066406
test_02323,392.2479553222656
test_02324,6.965705871582031
test_02325,35.56306457519531
test_02326,135.95103454589844
test_02327,150.21624755859375
test_02328,17.80486297607422
test_02329,52.761390686035156
test_02330,23.831981658935547
test_02331,42.8573112487793
test_02332,124.67819213867188
test_02333,313.7669677734375
test_02334,284.7272033691406
test_02335,143.85140991210938
test_02336,88.12422943115234
test_02337,250.80810546875
test_02338,132.48135375976562
test_02339,146.84585571289062
test_02340,34.58353805541992
test_02341,11.085906982421875
test_02342,3.4258880615234375
test_02343,48.86227035522461
test_02344,19.96190643310547
test_02345,13.80560302734375
test_02346,10.047248840332031
test_02347,84.83329772949219
test_02348,138.80462646484375
test_02349,158.23385620117188
test_02350,39.305091857910156
test_02351,6.495140075683594
test_02352,38.09249496459961
test_02353,11.611610412597656
test_02354,10.743927001953125
test_02355,21.768421173095703
test_02356,81.50341033935547
test_02357,185.2239227294922
test_02358,5.283012390136719
test_02359,218.06097412109375
test_02360,5.1978302001953125
test_02361,11.478729248046875
test_02362,65.7663345336914
test_02363,6.4166412353515625
test_02364,32.60663604736328
test_02365,51.01868438720703
test_02366,236.73211669921875
test_02367,5.756683349609375
test_02368,6.201164245605469
test_02369,84.35488891601562
test_02370,4.467948913574219
test_02371,7.5560150146484375
test_02372,10.817733764648438
test_02373,139.9688720703125
test_02374,80.71974182128906
test_02375,128.2582550048828
test_02376,216.59197998046875
test_02377,229.21914672851562
test_02378,3.6339187622070312
test_02379,29.59247589111328
test_02380,102.16899108886719
test_02381,4.261421203613281
test_02382,23.818862915039062
test_02383,93.10649871826172
test_02384,14.526885986328125
test_02385,22.94046401977539
test_02386,33.98143768310547
test_02387,19.8197021484375
test_02388,55.227012634277344
test_02389,10.667930603027344
test_02390,205.4744415283203
test_02391,109.8543472290039
test_02392,392.70751953125
test_02393,57.79465866088867
test_02394,51.19300842285156
test_02395,123.94125366210938
test_02396,10.02838134765625
test_02397,4.805046081542969
test_02398,10.559585571289062
test_02399,16.491134643554688
test_02400,98.9923095703125
test_02401,6.6622161865234375
test_02402,124.46307373046875
test_02403,271.0760192871094
test_02404,280.3873596191406
test_02405,57.88336181640625
test_02406,46.66644287109375
test_02407,50.568328857421875
test_02408,130.28103637695312
test_02409,51.55977249145508
test_02410,11.848426818847656
test_02411,30.453689575195312
test_02412,32.950504302978516
test_02413,10.589393615722656
test_02414,49.544700622558594
test_02415,7.719993591308594
test_02416,9.851112365722656
test_02417,117.26209259033203
test_02418,82.42342376708984
test_02419,4.442222595214844
test_02420,18.047786712646484
test_02421,65.91117858886719
test_02422,82.78689575195312
test_02423,105.60276794433594
test_02424,20.50588607788086
test_02425,12.519264221191406
test_02426,54.57966232299805
test_02427,63.28179931640625
test_02428,38.343894958496094
test_02429,86.5905532836914
test_02430,52.7744140625
test_02431,40.54916000366211
test_02432,85.76553344726562
test_02433,5.43316650390625
test_02434,14.455490112304688
test_02435,29.913135528564453
test_02436,54.200435638427734
test_02437,79.91687774658203
test_02438,56.36077880859375
test_02439,27.079696655273438
test_02440,71.03412628173828
test_02441,63.33428955078125
test_02442,75.86993408203125
test_02443,88.7430648803711
test_02444,100.77693939208984
test_02445,62.466346740722656
test_02446,130.5391082763672
test_02447,197.05010986328125
test_02448,46.80892562866211
test_02449,8.553863525390625
test_02450,27.991451263427734
test_02451,43.91767501831055
test_02452,17.456329345703125
test_02453,31.23009490966797
test_02454,96.27073669433594
test_02455,23.68688201904297
test_02456,41.5316162109375
test_02457,148.17071533203125
test_02458,17.52434539794922
test_02459,31.96044158935547
test_02460,56.421356201171875
test_02461,32.83942794799805
test_02462,43.26545333862305
test_02463,45.54541015625
test_02464,81.4975357055664
test_02465,117.17111206054688
test_02466,91.84417724609375
test_02467,73.17633056640625
test_02468,79.8611068725586
test_02469,45.27928924560547
test_02470,10.905464172363281
test_02471,20.671184539794922
test_02472,83.83535766601562
test_02473,34.826499938964844
test_02474,6.065673828125
test_02475,102.65411376953125
test_02476,42.86603927612305
test_02477,34.06511306762695
test_02478,50.163063049316406
test_02479,95.25495910644531
test_02480,76.38941955566406
test_02481,62.99690246582031
test_02482,131.51937866210938
test_02483,90.56353759765625
test_02484,177.6891632080078
test_02485,38.10822677612305
test_02486,6.433219909667969
test_02487,58.482513427734375
test_02488,65.16554260253906
test_02489,68.3660888671875
test_02490,13.941627502441406
test_02491,27.562557220458984
test_02492,32.423160552978516
test_02493,47.149600982666016
test_02494,121.22425079345703
test_02495,81.01872253417969
test_02496,183.885498046875
test_02497,62.051483154296875
test_02498,139.23324584960938
test_02499,12.494041442871094
test_02500,18.90093994140625
test_02501,35.32345962524414
test_02502,71.56858825683594
test_02503,98.22562408447266
test_02504,113.2982177734375
test_02505,48.889747619628906
test_02506,37.248252868652344
test_02507,44.9808235168457
test_02508,136.75601196289062
test_02509,57.97450256347656
test_02510,89.66825866699219
test_02511,76.28829193115234
test_02512,58.60313415527344
test_02513,71.00798797607422
test_02514,121.68443298339844
test_02515,91.94684600830078
test_02516,68.40531158447266
test_02517,18.350086212158203
test_02518,57.48175048828125
test_02519,37.02253341674805
test_02520,33.0657958984375
test_02521,97.8268814086914
test_02522,95.71349334716797
test_02523,96.76748657226562
test_02524,3.6138916015625
test_02525,38.99266052246094
test_02526,69.01798248291016
test_02527,143.4156494140625
test_02528,126.54646301269531
test_02529,25.843414306640625
test_02530,47.76163864135742
test_02531,11.830986022949219
test_02532,130.54856872558594
test_02533,121.90469360351562
test_02534,32.56523132324219
test_02535,57.8302001953125
test_02536,168.4293670654297
test_02537,97.7179183959961
test_02538,109.64717102050781
test_02539,72.6032943725586
test_02540,141.4815216064453
test_02541,25.377506256103516
test_02542,46.47445297241211
test_02543,61.02301788330078
test_02544,77.98796081542969
test_02545,89.27996826171875
test_02546,56.91130447387695
test_02547,29.80739974975586
test_02548,18.38483428955078
test_02549,14.878707885742188
test_02550,31.181930541992188
test_02551,89.94849395751953
test_02552,57.87714767456055
test_02553,35.03561782836914
test_02554,72.1873779296875
test_02555,67.56654357910156
test_02556,40.709388732910156
test_02557,85.17776489257812
test_02558,99.88463592529297
test_02559,6.6721649169921875
test_02560,33.989830017089844
test_02561,12.709060668945312
test_02562,23.0052490234375
test_02563,40.59790802001953
test_02564,24.84459686279297
test_02565,7.485588073730469
test_02566,8.109298706054688
test_02567,13.219337463378906
test_02568,136.70523071289062
test_02569,38.46019744873047
test_02570,13.015167236328125
test_02571,41.971221923828125
test_02572,12.357490539550781
test_02573,6.970115661621094
test_02574,11.422882080078125
test_02575,35.39189147949219
test_02576,48.2720947265625
test_02577,68.33463287353516
test_02578,55.50762176513672
test_02579,164.50953674316406
test_02580,37.16914367675781
test_02581,27.180938720703125
test_02582,8.045791625976562
test_02583,41.181884765625
test_02584,58.96525573730469
test_02585,89.94217681884766
test_02586,126.38522338867188
test_02587,32.1544303894043
test_02588,199.67877197265625
test_02589,30.882896423339844
test_02590,8.927864074707031
test_02591,6.094703674316406
test_02592,48.38617706298828
test_02593,88.55355072021484
test_02594,224.5679931640625
test_02595,188.79855346679688
test_02596,100.7344970703125
test_02597,46.163578033447266
test_02598,62.87517547607422
test_02599,57.3702507019043
test_02600,45.97238540649414
test_02601,14.67724609375
test_02602,52.382957458496094
test_02603,156.2151336669922
test_02604,53.28577423095703
test_02605,136.18247985839844
test_02606,261.3888244628906
test_02607,116.41181945800781
test_02608,106.39639282226562
test_02609,45.876243591308594
test_02610,153.4556884765625
test_02611,29.183135986328125
test_02612,44.63740158081055
test_02613,7.1385345458984375
test_02614,26.07013702392578
test_02615,60.55642318725586
test_02616,114.64192199707031
test_02617,2.4385528564453125
test_02618,68.3660888671875
test_02619,2.6157073974609375
test_02620,29.678638458251953
test_02621,6.530525207519531
test_02622,12.897239685058594
test_02623,76.11079406738281
test_02624,156.99929809570312
test_02625,299.51318359375
test_02626,257.1704406738281
test_02627,123.48936462402344
test_02628,111.51993560791016
test_02629,8.394004821777344
test_02630,89.7687759399414
test_02631,226.65200805664062
test_02632,33.21559524536133
test_02633,67.81887817382812
test_02634,60.461734771728516
test_02635,6.293159484863281
test_02636,16.439334869384766
test_02637,91.42456817626953
test_02638,65.42649841308594
test_02639,185.86050415039062
test_02640,24.907150268554688
test_02641,75.92029571533203
test_02642,5.320121765136719
test_02643,7.0479278564453125
test_02644,5.615959167480469
test_02645,89.80238342285156
test_02646,204.5337677001953
test_02647,246.277099609375
test_02648,16.669178009033203
test_02649,150.8155059814453
test_02650,104.86058044433594
test_02651,8.430282592773438
test_02652,121.67887878417969
test_02653,225.70626831054688
test_02654,503.0276794433594
test_02655,67.82222747802734
test_02656,41.621376037597656
test_02657,133.62364196777344
test_02658,223.95050048828125
test_02659,7.4105072021484375
test_02660,18.015117645263672
test_02661,183.9987335205078
test_02662,233.00973510742188
test_02663,9.250900268554688
test_02664,9.617500305175781
test_02665,6.997489929199219
test_02666,87.06819915771484
test_02667,272.263671875
test_02668,196.22714233398438
test_02669,258.14544677734375
test_02670,372.6338806152344
test_02671,397.0044860839844
test_02672,6.7115936279296875
test_02673,91.02812194824219
test_02674,140.2618408203125
test_02675,188.5924835205078
test_02676,10.716056823730469
test_02677,133.41671752929688
test_02678,11.114501953125
test_02679,381.8895263671875
test_02680,356.5467224121094
test_02681,142.5552978515625
test_02682,341.3271484375
test_02683,491.7056579589844
test_02684,259.6878662109375
test_02685,244.24755859375
test_02686,161.91407775878906
test_02687,17.614505767822266
test_02688,10.498466491699219
test_02689,7.428184509277344
test_02690,14.452972412109375
test_02691,61.182682037353516
test_02692,6.4791259765625
test_02693,31.02658462524414
test_02694,69.09272003173828
test_02695,133.17166137695312
test_02696,179.04052734375
test_02697,62.814979553222656
test_02698,3.9564132690429688
test_02699,70.19676971435547
test_02700,9.211769104003906
test_02701,22.00149917602539
test_02702,134.39016723632812
test_02703,194.82870483398438
test_02704,326.2190246582031
test_02705,9.417686462402344
test_02706,390.1873779296875
test_02707,1.8071975708007812
test_02708,6.7130889892578125
test_02709,93.92288208007812
test_02710,3.9330368041992188
test_02711,40.024024963378906
test_02712,73.5707778930664
test_02713,273.9169616699219
test_02714,4.6383819580078125
test_02715,8.700363159179688
test_02716,48.570220947265625
test_02717,2.8033981323242188
test_02718,5.7854766845703125
test_02719,7.7857513427734375
test_02720,90.26502227783203
test_02721,131.7026824951172
test_02722,184.15782165527344
test_02723,258.0590515136719
test_02724,285.53619384765625
test_02725,4.756263732910156
test_02726,85.94877624511719
test_02727,177.5711669921875
test_02728,6.969612121582031
test_02729,67.59678649902344
test_02730,13.973678588867188
test_02731,34.91755294799805
test_02732,19.29214096069336
test_02733,23.132606506347656
test_02734,92.30365753173828
test_02735,5.8804473876953125
test_02736,208.02188110351562
test_02737,411.36065673828125
test_02738,32.00214767456055
test_02739,35.78714370727539
test_02740,120.50120544433594
test_02741,7.115013122558594
test_02742,6.266044616699219
test_02743,12.211669921875
test_02744,8.652259826660156
test_02745,228.81976318359375
test_02746,74.18717193603516
test_02747,331.9114074707031
test_02748,272.74737548828125
test_02749,46.865509033203125
test_02750,45.85772705078125
test_02751,39.71991729736328
test_02752,130.7510986328125
test_02753,60.52589416503906
test_02754,10.780067443847656
test_02755,38.711334228515625
test_02756,68.13679504394531
test_02757,15.522071838378906
test_02758,55.128761291503906
test_02759,5.314361572265625
test_02760,8.128692626953125
test_02761,114.22650909423828
test_02762,125.43052673339844
test_02763,15.347068786621094
test_02764,18.27220916748047
test_02765,75.00801086425781
test_02766,89.77557373046875
test_02767,47.78083419799805
test_02768,7.13934326171875
test_02769,84.0213394165039
test_02770,60.73194122314453
test_02771,44.4543342590332
test_02772,111.24105072021484
test_02773,0.13018798828125
test_02774,31.50973129272461
test_02775,103.01168823242188
test_02776,20.217086791992188
test_02777,27.772647857666016
test_02778,52.44587707519531
test_02779,69.72962951660156
test_02780,34.82037353515625
test_02781,15.040489196777344
test_02782,46.15119552612305
test_02783,51.7592658996582
test_02784,67.02814483642578
test_02785,86.72109985351562
test_02786,72.72420501708984
test_02787,53.231868743896484
test_02788,168.29476928710938
test_02789,211.35769653320312
test_02790,9.48004150390625
test_02791,45.22899627685547
test_02792,11.412429809570312
test_02793,17.825519561767578
test_02794,49.70555877685547
test_02795,18.271217346191406
test_02796,35.602481842041016
test_02797,126.52548217773438
test_02798,22.508594512939453
test_02799,34.62342071533203
test_02800,68.23019409179688
test_02801,26.03417205810547
test_02802,44.004615783691406
test_02803,43.37499237060547
test_02804,83.90026092529297
test_02805,107.00031280517578
test_02806,58.61747741699219
test_02807,38.35367202758789
test_02808,63.81251525878906
test_02809,22.655933380126953
test_02810,11.891120910644531
test_02811,13.870132446289062
test_02812,102.5285415649414
test_02813,48.49455261230469
test_02814,8.819732666015625
test_02815,84.78474426269531
test_02816,36.8285026550293
test_02817,30.846080780029297
test_02818,45.4520149230957
test_02819,72.77696990966797
test_02820,98.39927673339844
test_02821,46.600040435791016
test_02822,145.3786163330078
test_02823,80.00176239013672
test_02824,171.93832397460938
test_02825,35.105628967285156
test_02826,5.35687255859375
test_02827,67.0372314453125
test_02828,25.773704528808594
test_02829,53.86500549316406
test_02830,14.098777770996094
test_02831,13.777702331542969
test_02832,21.63671875
test_02833,23.091129302978516
test_02834,73.28911590576172
test_02835,77.99623107910156
test_02836,141.93869018554688
test_02837,50.791324615478516
test_02838,168.40428161621094
test_02839,15.321601867675781
test_02840,25.516639709472656
test_02841,72.97003936767578
test_02842,94.98135375976562
test_02843,66.79937744140625
test_02844,96.63018798828125
test_02845,43.921634674072266
test_02846,11.927566528320312
test_02847,96.0921630859375
test_02848,121.3643798828125
test_02849,113.42387390136719
test_02850,38.898651123046875
test_02851,54.856895446777344
test_02852,131.74786376953125
test_02853,92.63957214355469
test_02854,90.56145477294922
test_02855,16.109935760498047
test_02856,34.342124938964844
test_02857,35.748779296875
test_02858,25.042373657226562
test_02859,71.88016510009766
test_02860,77.18228149414062
test_02861,8.788444519042969
test_02862,27.594425201416016
test_02863,78.34559631347656
test_02864,81.64808654785156
test_02865,112.25135803222656
test_02866,39.222469329833984
test_02867,57.01740264892578
test_02868,14.153106689453125
test_02869,96.10941314697266
test_02870,180.3680877685547
test_02871,41.8614387512207
test_02872,48.91899871826172
test_02873,69.60972595214844
test_02874,100.88900756835938
test_02875,168.706298828125
test_02876,71.72291564941406
test_02877,103.47520446777344
test_02878,20.408275604248047
test_02879,17.28875732421875
test_02880,39.140838623046875
test_02881,90.41532897949219
test_02882,100.89263153076172
test_02883,51.650108337402344
test_02884,24.188323974609375
test_02885,11.303573608398438
test_02886,20.214595794677734
test_02887,47.3330192565918
test_02888,66.28157806396484
test_02889,35.24913024902344
test_02890,25.912837982177734
test_02891,28.388626098632812
test_02892,56.022705078125
test_02893,84.48805236816406
test_02894,72.34272766113281
test_02895,147.83633422851562
test_02896,5.741508483886719
test_02897,18.22064971923828
test_02898,6.1830902099609375
test_02899,8.448783874511719
test_02900,17.227237701416016
test_02901,26.768848419189453
test_02902,9.408500671386719
test_02903,11.115074157714844
test_02904,12.263694763183594
test_02905,28.89025115966797
test_02906,15.560302734375
test_02907,36.44150161743164
test_02908,14.397933959960938
test_02909,9.161842346191406
test_02910,10.706306457519531
test_02911,25.17346954345703
test_02912,38.069000244140625
test_02913,92.27605438232422
test_02914,158.25848388671875
test_02915,25.797412872314453
test_02916,17.03430938720703
test_02917,9.671859741210938
test_02918,26.20205307006836
test_02919,36.09614944458008
test_02920,60.55322265625
test_02921,118.67396545410156
test_02922,18.08188247680664
test_02923,188.07838439941406
test_02924,26.91805648803711
test_02925,9.787750244140625
test_02926,7.157737731933594
test_02927,33.34711837768555
test_02928,75.33854675292969
test_02929,221.20852661132812
test_02930,169.85940551757812
test_02931,36.551082611083984
test_02932,55.82658386230469
test_02933,83.76978302001953
test_02934,88.3005599975586
test_02935,79.09725189208984
test_02936,17.50261688232422
test_02937,42.67577362060547
test_02938,149.5513458251953
test_02939,88.330078125
test_02940,118.52340698242188
test_02941,201.5516357421875
test_02942,171.75001525878906
test_02943,140.23312377929688
test_02944,79.34974670410156
test_02945,49.153228759765625
test_02946,160.89149475097656
test_02947,81.03038787841797
test_02948,32.887840270996094
test_02949,4.473060607910156
test_02950,17.227733612060547
test_02951,40.40028762817383
test_02952,64.13780212402344
test_02953,2.0484390258789062
test_02954,1.821746826171875
test_02955,23.331878662109375
test_02956,13.936553955078125
test_02957,6.82757568359375
test_02958,75.29129028320312
test_02959,130.04449462890625
test_02960,279.74200439453125
test_02961,141.68716430664062
test_02962,120.32720947265625
test_02963,93.07979583740234
test_02964,6.898796081542969
test_02965,76.49248504638672
test_02966,158.05479431152344
test_02967,96.22599792480469
test_02968,49.28074645996094
test_02969,57.327842712402344
test_02970,53.75707244873047
test_02971,11.542167663574219
test_02972,80.04499053955078
test_02973,127.33036041259766
test_02974,165.21221923828125
test_02975,37.677398681640625
test_02976,65.8841552734375
test_02977,6.772666931152344
test_02978,6.1023101806640625
test_02979,9.6171875
test_02980,87.08685302734375
test_02981,137.39349365234375
test_02982,208.15228271484375
test_02983,11.457481384277344
test_02984,65.85771179199219
test_02985,107.86263275146484
test_02986,5.14434814453125
test_02987,60.33584976196289
test_02988,131.8913116455078
test_02989,473.4971008300781
test_02990,263.688720703125
test_02991,54.36891174316406
test_02992,39.444297790527344
test_02993,133.7134552001953
test_02994,11.041755676269531
test_02995,13.507736206054688
test_02996,56.241119384765625
test_02997,192.6790313720703
test_02998,7.453285217285156
test_02999,6.5446014404296875
test_03000,6.096687316894531
test_03001,42.39592361450195
test_03002,222.16659545898438
test_03003,96.88372802734375
test_03004,76.77639770507812
test_03005,365.1469421386719
test_03006,416.7644958496094
test_03007,16.230934143066406
test_03008,51.78868865966797
test_03009,129.4289093017578
test_03010,191.70858764648438
test_03011,6.9334259033203125
test_03012,117.61534118652344
test_03013,7.530769348144531
test_03014,150.01751708984375
test_03015,202.72540283203125
test_03016,374.7474365234375
test_03017,341.690185546875
test_03018,192.60946655273438
test_03019,407.8550109863281
test_03020,279.39227294921875
test_03021,244.29031372070312
test_03022,175.89306640625
test_03023,25.495956420898438
test_03024,10.712699890136719
test_03025,9.683326721191406
test_03026,36.128143310546875
test_03027,26.60910415649414
test_03028,8.560539245605469
test_03029,30.67441177368164
test_03030,64.32953643798828
test_03031,123.73005676269531
test_03032,204.90847778320312
test_03033,87.66344451904297
test_03034,4.906028747558594
test_03035,92.91934204101562
test_03036,17.93993377685547
test_03037,14.243751525878906
test_03038,89.82481384277344
test_03039,134.7242431640625
test_03040,252.72491455078125
test_03041,9.833839416503906
test_03042,549.1204833984375
test_03043,0.8720321655273438
test_03044,8.610794067382812
test_03045,91.88909912109375
test_03046,7.505157470703125
test_03047,25.26844024658203
test_03048,77.12621307373047
test_03049,280.2637634277344
test_03050,6.3794097900390625
test_03051,12.552520751953125
test_03052,104.59356689453125
test_03053,6.594367980957031
test_03054,5.9409027099609375
test_03055,9.504592895507812
test_03056,69.74655151367188
test_03057,165.2798614501953
test_03058,194.82470703125
test_03059,274.73004150390625
test_03060,258.8720703125
test_03061,7.728889465332031
test_03062,72.86241912841797
test_03063,149.9810791015625
test_03064,4.640777587890625
test_03065,71.56826782226562
test_03066,84.7207260131836
test_03067,17.387603759765625
test_03068,21.39876937866211
test_03069,15.422019958496094
test_03070,18.1951904296875
test_03071,102.62227630615234
test_03072,7.913047790527344
test_03073,182.32171630859375
test_03074,128.2746124267578
test_03075,85.1408920288086
test_03076,42.05973434448242
test_03077,117.56260681152344
test_03078,8.34991455078125
test_03079,3.3517227172851562
test_03080,10.715751647949219
test_03081,13.745033264160156
test_03082,98.91448974609375
test_03083,5.14794921875
test_03084,96.9607925415039
test_03085,293.4147644042969
test_03086,268.7851257324219
test_03087,64.06300354003906
test_03088,41.0802116394043
test_03089,48.76831817626953
test_03090,123.93714141845703
test_03091,55.38440704345703
test_03092,7.640678405761719
test_03093,37.0469970703125
test_03094,35.52930450439453
test_03095,14.556907653808594
test_03096,53.645729064941406
test_03097,9.749305725097656
test_03098,10.656425476074219
test_03099,119.99392700195312
test_03100,65.13312530517578
test_03101,7.3199310302734375
test_03102,10.127861022949219
test_03103,104.23651885986328
test_03104,137.23143005371094
test_03105,115.99018859863281
test_03106,35.01661682128906
test_03107,20.33060073852539
test_03108,77.66506958007812
test_03109,81.70919036865234
test_03110,46.646873474121094
test_03111,75.2118911743164
test_03112,61.53321075439453
test_03113,37.277408599853516
test_03114,105.78341674804688
test_03115,14.962310791015625
test_03116,29.798843383789062
test_03117,60.052345275878906
test_03118,90.7404556274414
test_03119,11.795440673828125
test_03120,43.6903076171875
test_03121,46.49490737915039
test_03122,58.68402099609375
test_03123,63.44314956665039
test_03124,100.21025085449219
test_03125,58.57883834838867
test_03126,165.38250732421875
test_03127,27.61083984375
test_03128,9.339607238769531
test_03129,12.85693359375
test_03130,46.87956237792969
test_03131,21.43158721923828
test_03132,23.26691436767578
test_03133,60.55741882324219
test_03134,20.45248794555664
test_03135,41.172523498535156
test_03136,107.1061019897461
test_03137,27.93120574951172
test_03138,38.51918029785156
test_03139,50.295440673828125
test_03140,40.343021392822266
test_03141,44.739341735839844
test_03142,39.2376594543457
test_03143,75.80259704589844
test_03144,106.19267272949219
test_03145,77.35429382324219
test_03146,75.613037109375
test_03147,78.30489349365234
test_03148,47.75007629394531
test_03149,11.571159362792969
test_03150,24.86418914794922
test_03151,81.17973327636719
test_03152,38.25897979736328
test_03153,13.210273742675781
test_03154,99.44992065429688
test_03155,38.91954040527344
test_03156,34.73330307006836
test_03157,51.819515228271484
test_03158,88.38238525390625
test_03159,69.89938354492188
test_03160,83.54776000976562
test_03161,120.7585220336914
test_03162,85.48089599609375
test_03163,196.10691833496094
test_03164,36.79658126831055
test_03165,0.8149795532226562
test_03166,70.88856506347656
test_03167,85.01031494140625
test_03168,50.119712829589844
test_03169,15.144027709960938
test_03170,27.809040069580078
test_03171,38.84147262573242
test_03172,45.36190414428711
test_03173,105.20745086669922
test_03174,99.40664672851562
test_03175,182.48953247070312
test_03176,67.64637756347656
test_03177,137.06675720214844
test_03178,7.5442657470703125
test_03179,32.51225280761719
test_03180,64.91565704345703
test_03181,105.09344482421875
test_03182,112.32696533203125
test_03183,67.06945037841797
test_03184,26.383880615234375
test_03185,37.80910873413086
test_03186,102.23928833007812
test_03187,53.62844467163086
test_03188,86.9017333984375
test_03189,74.922119140625
test_03190,70.6839599609375
test_03191,67.24372100830078
test_03192,117.55171203613281
test_03193,92.5552978515625
test_03194,57.97649383544922
test_03195,31.805179595947266
test_03196,41.323463439941406
test_03197,30.837997436523438
test_03198,35.69581985473633
test_03199,103.70159912109375
test_03200,99.9852066040039
test_03201,104.07827758789062
test_03202,1.3682785034179688
test_03203,36.240360260009766
test_03204,61.117759704589844
test_03205,164.79090881347656
test_03206,119.62152099609375
test_03207,26.921897888183594
test_03208,45.075096130371094
test_03209,7.204132080078125
test_03210,93.66870880126953
test_03211,124.64573669433594
test_03212,47.78471374511719
test_03213,64.07501220703125
test_03214,150.77243041992188
test_03215,93.35855865478516
test_03216,94.53288269042969
test_03217,83.29481506347656
test_03218,133.29074096679688
test_03219,23.24587631225586
test_03220,59.561519622802734
test_03221,71.95441436767578
test_03222,78.13703155517578
test_03223,58.24078369140625
test_03224,31.609722137451172
test_03225,24.04147720336914
test_03226,13.610870361328125
test_03227,33.599876403808594
test_03228,95.18250274658203
test_03229,59.1458854675293
test_03230,38.598575592041016
test_03231,65.78057098388672
test_03232,71.99110412597656
test_03233,32.98868942260742
test_03234,88.34730529785156
test_03235,114.38458251953125
test_03236,5.577239990234375
test_03237,29.233734130859375
test_03238,6.973533630371094
test_03239,24.795612335205078
test_03240,47.81462860107422
test_03241,31.20575714111328
test_03242,4.8658599853515625
test_03243,16.912506103515625
test_03244,16.526836395263672
test_03245,125.33201599121094
test_03246,36.18911361694336
test_03247,19.938152313232422
test_03248,42.0269775390625
test_03249,10.054573059082031
test_03250,9.347511291503906
test_03251,13.607536315917969
test_03252,34.683494567871094
test_03253,35.80876922607422
test_03254,58.80131149291992
test_03255,77.148681640625
test_03256,140.2364959716797
test_03257,33.154605865478516
test_03258,35.04887008666992
test_03259,12.465087890625
test_03260,16.577266693115234
test_03261,52.68751525878906
test_03262,87.20230102539062
test_03263,88.62650299072266
test_03264,43.63307189941406
test_03265,200.1998748779297
test_03266,36.15943145751953
test_03267,13.155517578125
test_03268,5.947975158691406
test_03269,53.310302734375
test_03270,89.48571014404297
test_03271,219.80575561523438
test_03272,198.43743896484375
test_03273,106.34745788574219
test_03274,47.03999710083008
test_03275,55.94243240356445
test_03276,51.645877838134766
test_03277,45.10417938232422
test_03278,17.69878387451172
test_03279,48.132530212402344
test_03280,125.3638916015625
test_03281,56.18721008300781
test_03282,123.69505310058594
test_03283,209.3544921875
test_03284,141.2468719482422
test_03285,121.9770278930664
test_03286,106.38570404052734
test_03287,49.925384521484375
test_03288,161.10885620117188
test_03289,35.287837982177734
test_03290,44.092063903808594
test_03291,5.6967620849609375
test_03292,19.86526870727539
test_03293,59.031673431396484
test_03294,128.72520446777344
test_03295,6.781776428222656
test_03296,65.63688659667969
test_03297,4.354835510253906
test_03298,25.790916442871094
test_03299,16.558582305908203
test_03300,11.636146545410156
test_03301,70.34928894042969
test_03302,133.30743408203125
test_03303,253.38015747070312
test_03304,217.94180297851562
test_03305,118.4148941040039
test_03306,106.3369369506836
test_03307,8.434417724609375
test_03308,85.06299591064453
test_03309,191.8622283935547
test_03310,108.75930786132812
test_03311,60.95225524902344
test_03312,55.52927017211914
test_03313,28.61960220336914
test_03314,16.2498779296875
test_03315,80.69139862060547
test_03316,67.75798034667969
test_03317,198.6094970703125
test_03318,28.593578338623047
test_03319,66.59326171875
test_03320,5.4260101318359375
test_03321,7.446998596191406
test_03322,32.31855010986328
test_03323,94.23594665527344
test_03324,199.2494659423828
test_03325,275.84478759765625
test_03326,18.11206817626953
test_03327,110.95931243896484
test_03328,147.23484802246094
test_03329,6.042335510253906
test_03330,107.86239624023438
test_03331,242.63919067382812
test_03332,408.5527648925781
test_03333,82.6366958618164
test_03334,36.247196197509766
test_03335,125.6946792602539
test_03336,227.43170166015625
test_03337,7.726615905761719
test_03338,32.259765625
test_03339,170.07745361328125
test_03340,231.08840942382812
test_03341,7.8729705810546875
test_03342,13.129341125488281
test_03343,5.8398895263671875
test_03344,209.52951049804688
test_03345,273.22900390625
test_03346,207.3057861328125
test_03347,207.10708618164062
test_03348,359.1011962890625
test_03349,392.895751953125
test_03350,11.060371398925781
test_03351,77.65127563476562
test_03352,124.56135559082031
test_03353,174.5677490234375
test_03354,11.856086730957031
test_03355,139.2783203125
test_03356,11.683021545410156
test_03357,299.9188537597656
test_03358,293.1957702636719
test_03359,341.5948791503906
test_03360,126.8985366821289
test_03361,338.3434753417969
test_03362,482.3689880371094
test_03363,247.72930908203125
test_03364,140.65798950195312
test_03365,203.96212768554688
test_03366,22.916362762451172
test_03367,10.100723266601562
test_03368,2.9668197631835938
test_03369,67.92333221435547
test_03370,82.54747009277344
test_03371,11.464576721191406
test_03372,24.466411590576172
test_03373,65.63790893554688
test_03374,29.047107696533203
test_03375,152.7674102783203
test_03376,61.82097625732422
test_03377,2.788787841796875
test_03378,61.3026123046875
test_03379,4.8168182373046875
test_03380,20.666271209716797
test_03381,97.78648376464844
test_03382,172.13714599609375
test_03383,312.1585388183594
test_03384,6.2680816650390625
test_03385,329.43408203125
test_03386,2.5112152099609375
test_03387,8.137855529785156
test_03388,94.33506774902344
test_03389,2.8305587768554688
test_03390,51.9405517578125
test_03391,108.60103607177734
test_03392,324.10052490234375
test_03393,6.361785888671875
test_03394,18.57024383544922
test_03395,47.50379943847656
test_03396,12.003082275390625
test_03397,8.829666137695312
test_03398,9.850715637207031
test_03399,65.56582641601562
test_03400,116.032958984375
test_03401,190.91671752929688
test_03402,200.24041748046875
test_03403,249.56808471679688
test_03404,4.8454437255859375
test_03405,82.40518188476562
test_03406,130.87315368652344
test_03407,3.9075469970703125
test_03408,65.30754089355469
test_03409,82.66416931152344
test_03410,16.115482330322266
test_03411,35.08048629760742
test_03412,18.6248779296875
test_03413,20.81523895263672
test_03414,105.56393432617188
test_03415,7.606758117675781
test_03416,187.82131958007812
test_03417,203.01422119140625
test_03418,347.3203430175781
test_03419,79.00410461425781
test_03420,56.26457214355469
test_03421,100.62041473388672
test_03422,4.425987243652344
test_03423,5.373260498046875
test_03424,6.288261413574219
test_03425,14.73016357421875
test_03426,105.86029052734375
test_03427,6.001350402832031
test_03428,96.03596496582031
test_03429,251.1602783203125
test_03430,338.8200378417969
test_03431,78.54690551757812
test_03432,51.285491943359375
test_03433,50.733253479003906
test_03434,113.08547973632812
test_03435,54.287532806396484
test_03436,13.184043884277344
test_03437,23.229915618896484
test_03438,45.897911071777344
test_03439,13.765426635742188
test_03440,54.1245002746582
test_03441,7.348930358886719
test_03442,36.0938606262207
test_03443,91.66126251220703
test_03444,63.455535888671875
test_03445,4.856101989746094
test_03446,23.08586883544922
test_03447,53.96640396118164
test_03448,107.45797729492188
test_03449,93.24797058105469
test_03450,15.544631958007812
test_03451,8.094306945800781
test_03452,38.778438568115234
test_03453,53.98097229003906
test_03454,33.158790588378906
test_03455,79.3333740234375
test_03456,52.33460998535156
test_03457,27.38265609741211
test_03458,76.31318664550781
test_03459,11.836669921875
test_03460,15.569900512695312
test_03461,40.901248931884766
test_03462,76.87948608398438
test_03463,59.19108963012695
test_03464,28.692649841308594
test_03465,11.590988159179688
test_03466,35.92342758178711
test_03467,51.88568878173828
test_03468,64.38092041015625
test_03469,81.70962524414062
test_03470,68.81768798828125
test_03471,49.622833251953125
test_03472,166.8089599609375
test_03473,192.57244873046875
test_03474,26.60388946533203
test_03475,6.571540832519531
test_03476,25.602535247802734
test_03477,50.1356201171875
test_03478,16.438419342041016
test_03479,30.507972717285156
test_03480,54.040374755859375
test_03481,20.284698486328125
test_03482,39.638275146484375
test_03483,174.87841796875
test_03484,22.107959747314453
test_03485,29.048404693603516
test_03486,50.69761657714844
test_03487,58.772239685058594
test_03488,33.74758529663086
test_03489,43.21003341674805
test_03490,83.88087463378906
test_03491,84.74852752685547
test_03492,70.78192138671875
test_03493,48.771053314208984
test_03494,92.1532974243164
test_03495,56.19679260253906
test_03496,6.570472717285156
test_03497,17.362815856933594
test_03498,52.90930938720703
test_03499,39.963951110839844
test_03500,8.280029296875
test_03501,88.10108184814453
test_03502,30.50672149658203
test_03503,43.44271469116211
test_03504,43.25168228149414
test_03505,64.27127075195312
test_03506,64.63423156738281
test_03507,75.51148223876953
test_03508,115.83277893066406
test_03509,81.58486938476562
test_03510,176.17343139648438
test_03511,46.452369689941406
test_03512,8.420745849609375
test_03513,38.11952209472656
test_03514,50.14488983154297
test_03515,62.49388122558594
test_03516,14.300201416015625
test_03517,30.405288696289062
test_03518,24.39517593383789
test_03519,29.08716583251953
test_03520,84.96778106689453
test_03521,142.92071533203125
test_03522,61.28577423095703
test_03523,42.94718933105469
test_03524,7.139862060546875
test_03525,13.224800109863281
test_03526,30.077922821044922
test_03527,77.67414093017578
test_03528,95.03631591796875
test_03529,118.36166381835938
test_03530,35.727386474609375
test_03531,20.232715606689453
test_03532,29.333995819091797
test_03533,120.79046630859375
test_03534,44.95176696777344
test_03535,87.64501190185547
test_03536,78.28388214111328
test_03537,59.27064514160156
test_03538,53.365943908691406
test_03539,108.66732788085938
test_03540,88.02511596679688
test_03541,64.9868392944336
test_03542,23.89990234375
test_03543,44.47261428833008
test_03544,37.25537872314453
test_03545,47.35472106933594
test_03546,79.2053451538086
test_03547,143.7100830078125
test_03548,52.19966125488281
test_03549,4.002967834472656
test_03550,32.19178009033203
test_03551,60.84311294555664
test_03552,169.29415893554688
test_03553,179.45779418945312
test_03554,36.38481140136719
test_03555,39.39821243286133
test_03556,13.109474182128906
test_03557,87.69960021972656
test_03558,123.91062927246094
test_03559,49.930259704589844
test_03560,60.646690368652344
test_03561,96.0394515991211
test_03562,41.749176025390625
test_03563,50.235633850097656
test_03564,64.8941421508789
test_03565,102.129150390625
test_03566,17.178348541259766
test_03567,48.891456604003906
test_03568,55.411643981933594
test_03569,85.9012680053711
test_03570,110.32421875
test_03571,65.86515045166016
test_03572,24.402385711669922
test_03573,14.768455505371094
test_03574,12.380409240722656
test_03575,23.363567352294922
test_03576,69.96482849121094
test_03577,62.068389892578125
test_03578,16.516456604003906
test_03579,61.209716796875
test_03580,62.50519561767578
test_03581,38.635440826416016
test_03582,113.18321228027344
test_03583,84.48703002929688
test_03584,0.88616943359375
test_03585,19.171035766601562
test_03586,7.6780853271484375
test_03587,21.52007293701172
test_03588,28.06792449951172
test_03589,18.77016830444336
test_03590,4.199012756347656
test_03591,21.484291076660156
test_03592,13.758026123046875
test_03593,145.35357666015625
test_03594,15.149620056152344
test_03595,56.26488494873047
test_03596,5.464317321777344
test_03597,9.35614013671875
test_03598,11.703819274902344
test_03599,38.003997802734375
test_03600,39.68922424316406
test_03601,77.41610717773438
test_03602,45.35856628417969
test_03603,145.701171875
test_03604,70.79666137695312
test_03605,27.785446166992188
test_03606,8.097038269042969
test_03607,22.626911163330078
test_03608,33.9842529296875
test_03609,97.93072509765625
test_03610,57.4122314453125
test_03611,28.989253997802734
test_03612,187.25192260742188
test_03613,28.797740936279297
test_03614,4.147850036621094
test_03615,7.274955749511719
test_03616,25.606834411621094
test_03617,104.25251007080078
test_03618,202.31033325195312
test_03619,165.1490478515625
test_03620,110.42530822753906
test_03621,30.865615844726562
test_03622,53.34642028808594
test_03623,63.1574821472168
test_03624,47.67277908325195
test_03625,23.79996109008789
test_03626,43.445274353027344
test_03627,129.22357177734375
test_03628,55.18575668334961
test_03629,103.01527404785156
test_03630,170.13650512695312
test_03631,245.4091796875
test_03632,143.59559631347656
test_03633,106.06012725830078
test_03634,86.2923812866211
test_03635,170.76312255859375
test_03636,85.83836364746094
test_03637,42.37642288208008
test_03638,10.19281005859375
test_03639,19.024215698242188
test_03640,44.0590705871582
test_03641,93.61603546142578
test_03642,9.903678894042969
test_03643,48.69830322265625
test_03644,1.6766815185546875
test_03645,27.544246673583984
test_03646,10.4510498046875
test_03647,7.395683288574219
test_03648,78.31822204589844
test_03649,139.8544464111328
test_03650,261.57012939453125
test_03651,251.04913330078125
test_03652,107.6209716796875
test_03653,112.67465209960938
test_03654,12.051933288574219
test_03655,82.86210632324219
test_03656,204.3953857421875
test_03657,52.73081970214844
test_03658,64.49604034423828
test_03659,44.1982536315918
test_03660,8.458175659179688
test_03661,20.00954818725586
test_03662,84.29805755615234
test_03663,58.81207275390625
test_03664,161.94082641601562
test_03665,27.32494354248047
test_03666,65.84403228759766
test_03667,3.399627685546875
test_03668,5.4380035400390625
test_03669,10.391311645507812
test_03670,77.73824310302734
test_03671,187.39598083496094
test_03672,310.5293884277344
test_03673,20.398052215576172
test_03674,94.96173095703125
test_03675,145.93328857421875
test_03676,4.2354736328125
test_03677,117.8453369140625
test_03678,116.9967269897461
test_03679,359.8593444824219
test_03680,70.68907928466797
test_03681,45.74825668334961
test_03682,101.80648803710938
test_03683,178.80096435546875
test_03684,4.871368408203125
test_03685,46.00023651123047
test_03686,92.99262237548828
test_03687,229.29885864257812
test_03688,7.025077819824219
test_03689,14.17205810546875
test_03690,3.8930282592773438
test_03691,66.69405364990234
test_03692,224.7333984375
test_03693,224.47512817382812
test_03694,163.461181640625
test_03695,246.6417236328125
test_03696,350.6375732421875
test_03697,9.02679443359375
test_03698,85.51913452148438
test_03699,160.44662475585938
test_03700,168.0879364013672
test_03701,6.1186065673828125
test_03702,150.65272521972656
test_03703,17.308349609375
test_03704,159.25338745117188
test_03705,417.3976135253906
test_03706,106.69877624511719
test_03707,195.46571350097656
test_03708,422.7084655761719
test_03709,254.01260375976562
test_03710,204.41554260253906
test_03711,161.54034423828125
test_03712,18.24435043334961
test_03713,10.985382080078125
test_03714,4.810554504394531
test_03715,35.09178161621094
test_03716,93.77344512939453
test_03717,13.074378967285156
test_03718,25.8558349609375
test_03719,88.40658569335938
test_03720,115.92969512939453
test_03721,165.34759521484375
test_03722,55.24993896484375
test_03723,5.2572784423828125
test_03724,89.5203857421875
test_03725,13.349838256835938
test_03726,21.856605529785156
test_03727,64.82015228271484
test_03728,148.1937713623047
test_03729,203.42015075683594
test_03730,6.541908264160156
test_03731,600.73828125
test_03732,3.3217315673828125
test_03733,10.597541809082031
test_03734,95.74708557128906
test_03735,2.7132568359375
test_03736,55.301979064941406
test_03737,94.67498779296875
test_03738,247.49691772460938
test_03739,3.5670318603515625
test_03740,5.295280456542969
test_03741,82.94570922851562
test_03742,8.477134704589844
test_03743,5.448646545410156
test_03744,5.976371765136719
test_03745,155.0169219970703
test_03746,148.47442626953125
test_03747,143.88339233398438
test_03748,162.83230590820312
test_03749,265.8572998046875
test_03750,1.7314071655273438
test_03751,81.74931335449219
test_03752,133.76971435546875
test_03753,2.2167816162109375
test_03754,75.4625244140625
test_03755,87.38876342773438
test_03756,11.943878173828125
test_03757,43.33285140991211
test_03758,14.398994445800781
test_03759,29.852272033691406
test_03760,63.02582550048828
test_03761,2.7327880859375
test_03762,219.03668212890625
test_03763,138.88125610351562
test_03764,380.6232604980469
test_03765,91.43743896484375
test_03766,58.96290588378906
test_03767,125.69418334960938
test_03768,9.656074523925781
test_03769,7.535789489746094
test_03770,6.337455749511719
test_03771,13.796195983886719
test_03772,102.6530990600586
test_03773,7.799156188964844
test_03774,91.07720184326172
test_03775,289.7056884765625
test_03776,65.26315307617188
test_03777,48.226593017578125
test_03778,51.67911911010742
test_03779,122.28886413574219
test_03780,54.61788558959961
test_03781,8.468765258789062
test_03782,49.91138458251953
test_03783,48.58537292480469
test_03784,10.229606628417969
test_03785,57.484336853027344
test_03786,6.808570861816406
test_03787,9.303169250488281
test_03788,109.76602935791016
test_03789,60.321292877197266
test_03790,3.5823211669921875
test_03791,59.409912109375
test_03792,108.16908264160156
test_03793,108.60920715332031
test_03794,18.752914428710938
test_03795,11.449653625488281
test_03796,45.03590393066406
test_03797,66.9686508178711
test_03798,31.19275665283203
test_03799,84.54259490966797
test_03800,56.325584411621094
test_03801,84.60743713378906
test_03802,9.746757507324219
test_03803,13.56536865234375
test_03804,28.877090454101562
test_03805,63.489784240722656
test_03806,96.67826080322266
test_03807,38.205989837646484
test_03808,25.635135650634766
test_03809,52.66751480102539
test_03810,59.138362884521484
test_03811,56.67131042480469
test_03812,73.90670776367188
test_03813,111.60049438476562
test_03814,51.45606994628906
test_03815,167.5223846435547
test_03816,203.41421508789062
test_03817,23.656246185302734
test_03818,7.108177185058594
test_03819,29.702911376953125
test_03820,47.7060546875
test_03821,9.768035888671875
test_03822,39.58378219604492
test_03823,83.02706909179688
test_03824,27.48202133178711
test_03825,39.838722229003906
test_03826,147.54678344726562
test_03827,11.185760498046875
test_03828,32.61021041870117
test_03829,55.40542984008789
test_03830,92.3328857421875
test_03831,40.98163604736328
test_03832,44.233070373535156
test_03833,76.89581298828125
test_03834,96.80679321289062
test_03835,78.10447692871094
test_03836,64.21882629394531
test_03837,84.9041748046875
test_03838,59.95915222167969
test_03839,10.335166931152344
test_03840,12.634231567382812
test_03841,75.27861022949219
test_03842,40.4239387512207
test_03843,13.378448486328125
test_03844,90.1927261352539
test_03845,29.210430145263672
test_03846,34.83564376831055
test_03847,38.82487106323242
test_03848,73.31407928466797
test_03849,73.37849426269531
test_03850,81.704833984375
test_03851,110.92276763916016
test_03852,96.13681030273438
test_03853,213.938720703125
test_03854,43.78399658203125
test_03855,21.369335174560547
test_03856,57.412452697753906
test_03857,66.10299682617188
test_03858,68.63755798339844
test_03859,13.291641235351562
test_03860,27.657249450683594
test_03861,18.60303497314453
test_03862,29.51348876953125
test_03863,98.04508972167969
test_03864,108.76852416992188
test_03865,69.05043029785156
test_03866,115.02239990234375
test_03867,6.1011962890625
test_03868,16.14309310913086
test_03869,68.14358520507812
test_03870,102.72270202636719
test_03871,122.65403747558594
test_03872,76.11323547363281
test_03873,29.032142639160156
test_03874,38.00537109375
test_03875,109.03692626953125
test_03876,48.72623062133789
test_03877,88.19265747070312
test_03878,86.04827117919922
test_03879,65.30414581298828
test_03880,58.06575012207031
test_03881,121.93376922607422
test_03882,102.15921020507812
test_03883,65.48300170898438
test_03884,25.87247085571289
test_03885,36.92032241821289
test_03886,28.956676483154297
test_03887,35.01385498046875
test_03888,103.826416015625
test_03889,101.83177185058594
test_03890,88.17735290527344
test_03891,1.199493408203125
test_03892,32.8983268737793
test_03893,58.519676208496094
test_03894,156.99496459960938
test_03895,134.2852783203125
test_03896,31.29873275756836
test_03897,49.969207763671875
test_03898,6.530403137207031
test_03899,115.7030029296875
test_03900,122.06790161132812
test_03901,33.369693756103516
test_03902,68.59237670898438
test_03903,179.1004180908203
test_03904,98.17311096191406
test_03905,91.17046356201172
test_03906,84.20356750488281
test_03907,128.31761169433594
test_03908,24.677570343017578
test_03909,56.62918472290039
test_03910,36.646480560302734
test_03911,75.05878448486328
test_03912,87.01885986328125
test_03913,56.37071990966797
test_03914,30.702743530273438
test_03915,27.394615173339844
test_03916,12.001190185546875
test_03917,28.415935516357422
test_03918,99.94102478027344
test_03919,55.35210418701172
test_03920,43.10926818847656
test_03921,75.1570053100586
test_03922,72.22050476074219
test_03923,45.17906188964844
test_03924,82.8569564819336
test_03925,124.93161010742188
test_03926,3.5735397338867188
test_03927,30.214099884033203
test_03928,6.0336761474609375
test_03929,26.15290069580078
test_03930,42.90878677368164
test_03931,20.15378189086914
test_03932,3.752777099609375
test_03933,12.757125854492188
test_03934,21.580875396728516
test_03935,133.45068359375
test_03936,42.096893310546875
test_03937,16.558929443359375
test_03938,50.25515365600586
test_03939,10.741157531738281
test_03940,9.804931640625
test_03941,16.04177474975586
test_03942,32.83340835571289
test_03943,43.38515090942383
test_03944,86.88680267333984
test_03945,71.84814453125
test_03946,162.24832153320312
test_03947,30.25350570678711
test_03948,34.89059829711914
test_03949,11.595252990722656
test_03950,32.73411560058594
test_03951,52.893943786621094
test_03952,94.18675231933594
test_03953,73.41706848144531
test_03954,174.216552734375
test_03955,30.439395904541016
test_03956,9.973518371582031
test_03957,3.7275314331054688
test_03958,46.84800720214844
test_03959,84.94236755371094
test_03960,199.07254028320312
test_03961,180.4370880126953
test_03962,103.34112548828125
test_03963,39.76066207885742
test_03964,55.10395812988281
test_03965,42.72480010986328
test_03966,42.531864166259766
test_03967,18.560344696044922
test_03968,51.768707275390625
test_03969,147.30267333984375
test_03970,47.42342758178711
test_03971,115.34261322021484
test_03972,238.89404296875
test_03973,119.61001586914062
test_03974,131.83103942871094
test_03975,103.55708312988281
test_03976,62.77165985107422
test_03977,225.4683837890625
test_03978,32.43794250488281
test_03979,41.587799072265625
test_03980,8.765769958496094
test_03981,20.810218811035156
test_03982,71.35575866699219
test_03983,111.87492370605469
test_03984,9.939178466796875
test_03985,57.001617431640625
test_03986,0.306549072265625
test_03987,24.715869903564453
test_03988,11.658058166503906
test_03989,5.849983215332031
test_03990,74.71118927001953
test_03991,157.69577026367188
test_03992,260.51348876953125
test_03993,226.22882080078125
test_03994,117.24368286132812
test_03995,136.7439727783203
test_03996,14.16748046875
test_03997,97.89363098144531
test_03998,179.97409057617188
test_03999,142.0217742919922
test_04000,58.09722900390625
test_04001,51.294498443603516
test_04002,4.7364654541015625
test_04003,16.392223358154297
test_04004,64.9022216796875
test_04005,56.795616149902344
test_04006,184.4459991455078
test_04007,25.10926055908203
test_04008,65.1717758178711
test_04009,5.59423828125
test_04010,9.499534606933594
test_04011,35.75559616088867
test_04012,89.06448364257812
test_04013,211.23513793945312
test_04014,315.43072509765625
test_04015,11.287147521972656
test_04016,127.15459442138672
test_04017,140.16180419921875
test_04018,6.850212097167969
test_04019,138.14849853515625
test_04020,280.362548828125
test_04021,469.4155578613281
test_04022,104.0550537109375
test_04023,40.280853271484375
test_04024,130.3875732421875
test_04025,235.718994140625
test_04026,8.210983276367188
test_04027,16.285762786865234
test_04028,194.00006103515625
test_04029,232.1759033203125
test_04030,5.500457763671875
test_04031,12.326896667480469
test_04032,6.2850799560546875
test_04033,262.1204528808594
test_04034,270.8400573730469
test_04035,254.240966796875
test_04036,234.10675048828125
test_04037,390.6378173828125
test_04038,441.39190673828125
test_04039,9.5347900390625
test_04040,91.13941955566406
test_04041,127.06013488769531
test_04042,161.35577392578125
test_04043,4.407112121582031
test_04044,161.93881225585938
test_04045,8.520637512207031
test_04046,384.8370361328125
test_04047,347.1392822265625
test_04048,361.8324890136719
test_04049,81.89138793945312
test_04050,319.6734924316406
test_04051,461.1983947753906
test_04052,256.6138000488281
test_04053,211.47109985351562
test_04054,183.65403747558594
test_04055,17.830036163330078
test_04056,12.731201171875
test_04057,7.4686431884765625
test_04058,72.69397735595703
test_04059,86.77882385253906
test_04060,10.756011962890625
test_04061,25.7191162109375
test_04062,79.17390441894531
test_04063,125.80726623535156
test_04064,165.375732421875
test_04065,55.60920333862305
test_04066,4.662162780761719
test_04067,76.50001525878906
test_04068,5.81280517578125
test_04069,20.181591033935547
test_04070,103.05957794189453
test_04071,186.21463012695312
test_04072,355.34222412109375
test_04073,5.985107421875
test_04074,531.7005615234375
test_04075,2.1202926635742188
test_04076,6.189178466796875
test_04077,118.05056762695312
test_04078,6.427978515625
test_04079,51.049190521240234
test_04080,98.08256530761719
test_04081,400.4159240722656
test_04082,5.12359619140625
test_04083,9.984794616699219
test_04084,39.038761138916016
test_04085,7.533226013183594
test_04086,5.521705627441406
test_04087,7.937248229980469
test_04088,129.75738525390625
test_04089,151.0789794921875
test_04090,191.63670349121094
test_04091,232.65719604492188
test_04092,262.96343994140625
test_04093,3.2068099975585938
test_04094,101.98524475097656
test_04095,142.27308654785156
test_04096,4.997917175292969
test_04097,82.52627563476562
test_04098,94.58931732177734
test_04099,11.239288330078125
test_04100,27.750648498535156
test_04101,5.461090087890625
test_04102,27.03314208984375
test_04103,4.709861755371094
