id,PM2.5
test_00001,180.77798461914062
test_00002,156.18063964843748
test_00003,419.4941040039063
test_00004,71.27574768066407
test_00005,46.27736511230469
test_00006,118.27375183105468
test_00007,10.079197692871094
test_00008,7.549952697753906
test_00009,44.615483856201166
test_00010,118.7694564819336
test_00011,11.339158630371092
test_00012,114.79447631835939
test_00013,270.76311035156255
test_00014,328.5166320800781
test_00015,70.99967803955079
test_00016,47.448664855957034
test_00017,44.30859298706055
test_00018,124.21335754394532
test_00019,54.03703155517579
test_00020,13.156015014648439
test_00021,24.335518646240235
test_00022,31.17321090698242
test_00023,10.762326049804688
test_00024,49.97475051879883
test_00025,11.339189147949218
test_00026,10.571461486816407
test_00027,105.38670959472657
test_00028,64.25200805664062
test_00029,8.662126159667968
test_00030,8.864195251464844
test_00031,56.061083221435545
test_00032,98.55563507080079
test_00033,99.3072723388672
test_00034,22.446997833251956
test_00035,12.400469970703126
test_00036,81.28154754638672
test_00037,95.93118743896486
test_00038,18.039460754394533
test_00039,31.705588531494143
test_00040,80.2732192993164
test_00041,10.243800354003906
test_00042,14.568603515625
test_00043,27.068524932861326
test_00044,62.33836975097657
test_00045,69.2945556640625
test_00046,51.19984588623046
test_00047,21.143627929687497
test_00048,55.216251373291016
test_00049,55.673624420166014
test_00050,71.86505584716797
test_00051,93.59940490722656
test_00052,107.62297515869142
test_00053,56.2574447631836
test_00054,159.060498046875
test_00055,185.012939453125
test_00056,25.935791015625
test_00057,10.630941772460936
test_00058,23.151974487304685
test_00059,53.41061706542969
test_00060,30.992595672607422
test_00061,27.801004028320314
test_00062,58.879539489746094
test_00063,23.853780364990232
test_00064,53.06404800415039
test_00065,142.67147827148438
test_00066,22.453366851806642
test_00067,32.65941467285156
test_00068,60.48255386352539
test_00069,55.093220520019536
test_00070,39.21898574829102
test_00071,44.949520874023435
test_00072,78.45728759765625
test_00073,124.39769897460937
test_00074,85.90072021484374
test_00075,58.29686126708984
test_00076,75.55013732910157
test_00077,49.120014953613286
test_00078,10.39666290283203
test_00079,17.80416793823242
test_00080,52.66972961425782
test_00081,36.52260055541992
test_00082,11.701231384277342
test_00083,85.50902862548827
test_00084,33.43125686645508
test_00085,34.323664855957034
test_00086,41.73432312011719
test_00087,72.01670989990234
test_00088,71.84659118652344
test_00089,74.11401062011718
test_00090,124.72396240234376
test_00091,78.86961059570312
test_00092,203.10032958984374
test_00093,41.881612396240236
test_00094,6.8280029296875
test_00095,64.03668518066407
test_00096,33.571197509765625
test_00097,60.78779296875
test_00098,13.551734924316406
test_00099,104.25916290283203
test_00100,16.479045867919922
test_00101,14.544293212890626
test_00102,121.67673492431643
test_00103,84.39988861083984
test_00104,143.22235717773438
test_00105,54.35624389648437
test_00106,114.85883789062501
test_00107,8.494102478027344
test_00108,15.857521057128906
test_00109,30.255879974365236
test_00110,56.96650390625
test_00111,96.84126586914063
test_00112,117.19841613769532
test_00113,59.312529754638675
test_00114,24.41481781005859
test_00115,36.139183044433594
test_00116,111.83186950683594
test_00117,53.18921813964844
test_00118,80.3279800415039
test_00119,79.71664428710938
test_00120,78.5079116821289
test_00121,60.91305694580078
test_00122,104.81446838378908
test_00123,78.17954864501954
test_00124,50.904876708984375
test_00125,23.269712829589842
test_00126,64.01492385864258
test_00127,34.18959274291992
test_00128,35.76575393676758
test_00129,83.66377563476561
test_00130,110.93098297119141
test_00131,71.74338989257812
test_00132,12.868492889404298
test_00133,24.66959915161133
test_00134,65.21197662353515
test_00135,143.517529296875
test_00136,119.50353240966797
test_00137,47.09111404418945
test_00138,8.934164428710938
test_00139,121.09348144531249
test_00140,101.76518859863282
test_00141,43.21306533813477
test_00142,78.20867309570312
test_00143,86.70846405029297
test_00144,52.19561614990235
test_00145,87.94624176025391
test_00146,80.34107666015625
test_00147,113.12283325195314
test_00148,13.268235778808595
test_00149,39.015986633300784
test_00150,46.485788726806646
test_00151,62.441836547851565
test_00152,89.26214904785157
test_00153,47.22337951660157
test_00154,34.55549468994141
test_00155,13.874510192871092
test_00156,8.66343994140625
test_00157,23.218878173828127
test_00158,75.49724426269532
test_00159,62.058544921875
test_00160,23.274277496337888
test_00161,56.59705810546875
test_00162,65.67379302978516
test_00163,30.5772087097168
test_00164,76.9256103515625
test_00165,105.83880615234375
test_00166,6.741923522949219
test_00167,17.854932403564455
test_00168,8.449864196777344
test_00169,17.160899353027343
test_00170,22.6676025390625
test_00171,19.480760192871095
test_00172,4.534812927246094
test_00173,12.279217529296876
test_00174,11.95542297363281
test_00175,141.47969665527341
test_00176,35.12600250244141
test_00177,10.64610137939453
test_00178,9.832835388183593
test_00179,9.658406066894532
test_00180,11.417201232910156
test_00181,27.553347778320312
test_00182,39.16483459472656
test_00183,67.11476593017579
test_00184,81.62073364257813
test_00185,156.21688842773438
test_00186,33.72297592163086
test_00187,27.79733734130859
test_00188,11.053358459472657
test_00189,14.764749145507812
test_00190,38.69712600708007
test_00191,86.57617797851563
test_00192,108.6661346435547
test_00193,26.550725555419923
test_00194,173.9840026855469
test_00195,24.883035278320314
test_00196,8.45763702392578
test_00197,30.753892517089845
test_00198,81.21981048583984
test_00199,202.94088745117188
test_00200,162.51763305664065
test_00201,102.99993896484374
test_00202,37.83006057739258
test_00203,58.55785369873047
test_00204,50.66207275390625
test_00205,52.58539505004883
test_00206,20.907794189453124
test_00207,45.27647171020507
test_00208,136.44879760742188
test_00209,49.959130859374994
test_00210,118.61731719970703
test_00211,221.06299438476563
test_00212,269.05690307617186
test_00213,116.94062805175783
test_00214,98.44751892089843
test_00215,56.57276229858398
test_00216,179.155712890625
test_00217,35.25487518310547
test_00218,35.121822357177734
test_00219,11.816859436035157
test_00220,22.552880859375
test_00221,47.80083389282227
test_00222,117.74780578613282
test_00223,4.748912048339844
test_00224,65.53199615478516
test_00225,4.391819763183594
test_00226,22.629956054687504
test_00227,8.388459777832031
test_00228,8.237419128417969
test_00229,68.50104217529297
test_00230,111.70333709716796
test_00231,298.07403564453125
test_00232,232.7835021972656
test_00233,111.13587951660156
test_00234,108.77608489990234
test_00235,11.98330078125
test_00236,94.30683898925781
test_00237,208.22586669921873
test_00238,23.29326629638672
test_00239,65.32912750244141
test_00240,54.19980926513672
test_00241,11.123928833007813
test_00242,24.346051025390626
test_00243,86.10057678222657
test_00244,63.20159301757812
test_00245,194.74645385742187
test_00246,28.167827606201172
test_00247,72.83603515625
test_00248,7.71383056640625
test_00249,8.982398986816406
test_00250,10.768728637695313
test_00251,73.53792114257813
test_00252,187.81392517089844
test_00253,243.9180480957031
test_00254,17.545938873291014
test_00255,64.76757049560547
test_00256,145.41464233398438
test_00257,9.002899169921875
test_00258,127.42164611816406
test_00259,128.52791442871091
test_00260,506.1496887207031
test_00261,73.0288314819336
test_00262,26.117943572998044
test_00263,113.76658020019534
test_00264,186.18697204589841
test_00265,6.6570785522460945
test_00266,15.847642517089845
test_00267,105.62159423828125
test_00268,231.85212402343748
test_00269,9.43570556640625
test_00270,14.87829132080078
test_00271,9.457560729980468
test_00272,52.78054656982421
test_00273,266.5799682617187
test_00274,200.64639587402343
test_00275,195.1421417236328
test_00276,407.4521179199219
test_00277,391.5473327636719
test_00278,15.131455993652343
test_00279,76.12372741699218
test_00280,163.0548889160156
test_00281,175.58132324218752
test_00282,11.1496826171875
test_00283,137.68921813964846
test_00284,12.419276428222656
test_00285,327.0240661621094
test_00286,281.2893859863281
test_00287,444.67802734375
test_00288,86.39405975341796
test_00289,294.9080505371094
test_00290,298.85869750976565
test_00291,252.6574279785156
test_00292,185.54457397460936
test_00293,105.98802642822265
test_00294,20.219525909423826
test_00295,14.98970184326172
test_00296,5.484561157226563
test_00297,39.01604309082032
test_00298,75.26715087890625
test_00299,12.831060791015624
test_00300,26.838783264160156
test_00301,80.48851013183594
test_00302,122.40049743652342
test_00303,162.3842010498047
test_00304,63.03782501220703
test_00305,10.52398223876953
test_00306,72.80343475341797
test_00307,10.43236541748047
test_00308,21.24340896606445
test_00309,74.86418762207032
test_00310,194.92396850585936
test_00311,243.98889770507816
test_00312,9.893272399902344
test_00313,619.47724609375
test_00314,7.392674255371094
test_00315,8.384228515625
test_00316,90.3717758178711
test_00317,7.4920089721679695
test_00318,45.946126556396486
test_00319,79.72589416503907
test_00320,281.03498535156245
test_00321,9.16656494140625
test_00322,9.286123657226563
test_00323,79.56867980957031
test_00324,9.389971923828124
test_00325,7.111228942871094
test_00326,10.391654968261719
test_00327,103.67926483154297
test_00328,135.9645935058594
test_00329,164.2051208496094
test_00330,265.80988159179685
test_00331,305.247998046875
test_00332,6.7618560791015625
test_00333,75.72391510009766
test_00334,156.7767120361328
test_00335,6.163821411132812
test_00336,69.45979766845703
test_00337,90.02889099121094
test_00338,16.06658172607422
test_00339,27.57925872802734
test_00340,12.050639343261718
test_00341,22.571745300292967
test_00342,8.174833679199219
test_00343,114.73299255371093
test_00344,191.19051513671874
test_00345,250.34911499023437
test_00346,46.861392211914065
test_00347,24.59919967651367
test_00348,84.6255599975586
test_00349,10.04235382080078
test_00350,11.359272766113282
test_00351,17.20106735229492
test_00352,16.742984008789062
test_00353,89.66804351806641
test_00354,15.431555175781249
test_00355,79.6778533935547
test_00356,219.9707824707031
test_00357,273.3388366699219
test_00358,61.195394897460936
test_00359,43.10171966552734
test_00360,26.081728363037108
test_00361,108.35923156738282
test_00362,59.11429138183593
test_00363,10.59190216064453
test_00364,9.613140869140624
test_00365,12.773849487304688
test_00366,10.015025329589845
test_00367,18.72996597290039
test_00368,6.754365539550781
test_00369,7.647480773925781
test_00370,56.50912704467773
test_00371,61.12781829833984
test_00372,7.337564086914062
test_00373,17.303900146484374
test_00374,36.08744430541992
test_00375,45.816335296630854
test_00376,83.58267364501953
test_00377,19.393916320800784
test_00378,13.590988159179688
test_00379,11.484837341308594
test_00380,53.5812484741211
test_00381,29.402427673339844
test_00382,101.86302490234374
test_00383,14.829754638671876
test_00384,35.4847915649414
test_00385,82.57758026123047
test_00386,9.934510803222656
test_00387,18.602515411376952
test_00388,29.08330078125
test_00389,82.51126251220703
test_00390,69.97592468261719
test_00391,39.49998779296875
test_00392,13.017819213867188
test_00393,44.01840591430664
test_00394,87.4129852294922
test_00395,78.83878936767579
test_00396,72.38436889648438
test_00397,75.1145751953125
test_00398,52.18678894042969
test_00399,150.65834350585936
test_00400,39.703564453125
test_00401,10.137947082519531
test_00402,12.485919189453126
test_00403,13.811677551269531
test_00404,17.95281982421875
test_00405,75.1793243408203
test_00406,21.94923706054687
test_00407,42.1013900756836
test_00408,185.3342224121094
test_00409,19.19504165649414
test_00410,30.563216400146484
test_00411,57.58140563964844
test_00412,12.905632019042969
test_00413,18.434056091308594
test_00414,44.78132247924805
test_00415,77.11083984375
test_00416,103.06811065673827
test_00417,77.75135650634766
test_00418,43.09623489379883
test_00419,73.10771942138672
test_00420,23.38023986816406
test_00421,14.638191223144531
test_00422,17.973247528076172
test_00423,20.7319206237793
test_00424,87.74406585693359
test_00425,10.66039581298828
test_00426,68.69046020507812
test_00427,45.80076065063477
test_00428,57.64890594482422
test_00429,89.58604431152344
test_00430,100.6871856689453
test_00431,70.44160308837891
test_00432,73.00289001464844
test_00433,109.69392089843751
test_00434,69.68094635009766
test_00435,132.1707824707031
test_00436,44.86754684448242
test_00437,7.61732177734375
test_00438,43.51618881225586
test_00439,27.520367431640626
test_00440,31.922345733642576
test_00441,9.082304382324217
test_00442,18.47161865234375
test_00443,22.360883331298826
test_00444,23.353346252441405
test_00445,49.95333557128906
test_00446,138.1436737060547
test_00447,97.67834167480467
test_00448,65.05608520507812
test_00449,40.68396606445313
test_00450,13.734661865234376
test_00451,28.688235473632812
test_00452,69.11507720947266
test_00453,61.79838180541992
test_00454,118.72503051757812
test_00455,8.638069152832031
test_00456,19.032351684570315
test_00457,35.30996398925781
test_00458,96.34760131835938
test_00459,40.59088973999023
test_00460,84.53795013427734
test_00461,71.17310485839843
test_00462,55.80778503417969
test_00463,48.21191482543945
test_00464,83.53020019531249
test_00465,49.899827575683595
test_00466,40.38293533325195
test_00467,6.368000793457031
test_00468,38.1800033569336
test_00469,21.573114013671876
test_00470,28.57519454956055
test_00471,61.018699645996094
test_00472,107.39921722412109
test_00473,28.618062591552736
test_00474,6.839971923828125
test_00475,17.167851257324216
test_00476,92.37973175048828
test_00477,152.51680603027341
test_00478,67.6550537109375
test_00479,34.7015022277832
test_00480,24.363265991210938
test_00481,17.107904052734376
test_00482,59.82091445922852
test_00483,140.64031982421875
test_00484,32.817080688476565
test_00485,39.28731079101562
test_00486,62.06269683837891
test_00487,19.520198059082034
test_00488,38.09260330200195
test_00489,65.89385986328125
test_00490,91.88329315185547
test_00491,18.16287841796875
test_00492,35.003282928466795
test_00493,44.22483367919922
test_00494,92.27580871582032
test_00495,21.140982818603515
test_00496,24.63190994262695
test_00497,6.997195434570312
test_00498,19.848453521728516
test_00499,22.966758728027344
test_00500,59.7530517578125
test_00501,55.03424224853515
test_00502,14.866648864746093
test_00503,39.95304183959961
test_00504,44.67424240112304
test_00505,35.87582015991211
test_00506,60.129293823242186
test_00507,42.92454071044922
test_00508,5.0541839599609375
test_00509,11.358462524414062
test_00510,8.06558837890625
test_00511,17.377468872070313
test_00512,17.364855194091795
test_00513,15.934579467773437
test_00514,9.5750244140625
test_00515,17.495566558837893
test_00516,15.46810302734375
test_00517,133.22019958496094
test_00518,34.16440811157227
test_00519,10.04315185546875
test_00520,52.330911254882814
test_00521,8.920799255371094
test_00522,10.96363525390625
test_00523,14.964820861816406
test_00524,20.165366363525393
test_00525,26.731748199462892
test_00526,114.57728118896485
test_00527,26.192083740234374
test_00528,46.4672607421875
test_00529,31.655445861816403
test_00530,24.470458984375
test_00531,7.199992370605469
test_00532,12.844598388671875
test_00533,24.342681121826175
test_00534,79.67925720214845
test_00535,96.49280700683595
test_00536,13.837129211425783
test_00537,115.48902740478516
test_00538,20.350252532958983
test_00539,12.484156799316406
test_00540,10.636073303222656
test_00541,31.10148468017578
test_00542,109.82209777832031
test_00543,168.76215209960938
test_00544,157.73069458007814
test_00545,130.37860717773438
test_00546,44.9202163696289
test_00547,56.28275146484375
test_00548,63.443600463867185
test_00549,38.715322875976554
test_00550,19.79882354736328
test_00551,59.889442443847656
test_00552,99.57274475097657
test_00553,77.43551025390624
test_00554,113.65018005371093
test_00555,156.26728515625
test_00556,242.00499267578124
test_00557,154.56606445312502
test_00558,14.895732879638672
test_00559,93.41486358642578
test_00560,140.67759704589844
test_00561,110.6103469848633
test_00562,33.35579986572266
test_00563,11.056129455566406
test_00564,33.341078186035155
test_00565,53.84740295410157
test_00566,101.20843353271485
test_00567,18.032335662841795
test_00568,42.20841445922852
test_00569,6.634710693359375
test_00570,28.597737884521486
test_00571,8.97216339111328
test_00572,7.81400604248047
test_00573,65.93164672851563
test_00574,28.520325469970704
test_00575,272.5044250488281
test_00576,244.3007019042969
test_00577,171.03156127929685
test_00578,70.24044799804688
test_00579,19.753598022460935
test_00580,50.69161682128906
test_00581,217.6502990722656
test_00582,26.144281768798827
test_00583,47.9614990234375
test_00584,53.59137115478516
test_00585,53.06699905395507
test_00586,18.34410171508789
test_00587,92.88337707519531
test_00588,109.15145263671874
test_00589,185.20101318359374
test_00590,19.103945922851562
test_00591,58.25137023925782
test_00592,11.373228454589842
test_00593,11.275248718261718
test_00594,12.867778015136718
test_00595,62.03590393066406
test_00596,125.14676513671876
test_00597,214.49970092773438
test_00598,19.964271545410156
test_00599,69.900341796875
test_00600,110.01747741699218
test_00601,20.355290985107423
test_00602,26.161424255371095
test_00603,83.02376861572264
test_00604,166.1372314453125
test_00605,147.68947753906252
test_00606,32.993256378173825
test_00607,105.79800109863282
test_00608,174.49971923828127
test_00609,14.157377624511717
test_00610,78.36701354980468
test_00611,67.38196868896485
test_00612,200.97528381347655
test_00613,52.225633239746095
test_00614,9.825471496582031
test_00615,14.083183288574219
test_00616,78.4973373413086
test_00617,163.3382141113281
test_00618,233.9527648925781
test_00619,207.1799377441406
test_00620,305.76264038085935
test_00621,407.24989013671876
test_00622,10.404840087890625
test_00623,57.832315063476564
test_00624,233.19946899414063
test_00625,226.37532958984372
test_00626,11.560383605957032
test_00627,81.84310607910156
test_00628,9.59702453613281
test_00629,46.978694152832034
test_00630,114.9571807861328
test_00631,371.9512023925781
test_00632,16.37842330932617
test_00633,137.097900390625
test_00634,153.16739807128906
test_00635,178.70077209472657
test_00636,162.96949768066406
test_00637,259.0158996582031
test_00638,23.85913162231445
test_00639,10.829119873046874
test_00640,10.413140869140626
test_00641,20.056619262695314
test_00642,25.876129913330075
test_00643,11.705033874511717
test_00644,21.341268920898436
test_00645,96.80474548339845
test_00646,114.36063995361329
test_00647,169.57906494140627
test_00648,49.22061004638672
test_00649,10.662420654296877
test_00650,43.20642166137695
test_00651,13.055490112304689
test_00652,31.397216796875
test_00653,42.673561859130864
test_00654,95.02840576171874
test_00655,197.25320434570315
test_00656,8.88726348876953
test_00657,262.4495849609375
test_00658,9.636204528808594
test_00659,15.159239196777342
test_00660,62.40756530761719
test_00661,11.108468627929687
test_00662,95.02872009277343
test_00663,101.56505279541017
test_00664,248.5510009765625
test_00665,14.039898681640626
test_00666,14.018173217773438
test_00667,86.86354522705079
test_00668,8.630128479003904
test_00669,9.044850158691407
test_00670,13.833815002441407
test_00671,54.80442352294922
test_00672,66.1965103149414
test_00673,74.97352600097656
test_00674,229.57205810546876
test_00675,235.1705505371094
test_00676,9.417916870117187
test_00677,56.278001403808595
test_00678,119.45864562988281
test_00679,4.754048156738281
test_00680,33.01154479980468
test_00681,110.0585220336914
test_00682,17.172020721435548
test_00683,23.75325927734375
test_00684,14.923526000976564
test_00685,67.6752700805664
test_00686,71.33133087158203
test_00687,9.948651123046876
test_00688,161.0288513183594
test_00689,198.37560424804687
test_00690,359.3842041015625
test_00691,53.36248168945312
test_00692,29.52714996337891
test_00693,45.96505126953125
test_00694,7.963825988769531
test_00695,8.114527893066406
test_00696,10.851910400390626
test_00697,14.209429931640624
test_00698,90.23520202636719
test_00699,14.544816589355468
test_00700,96.92969665527345
test_00701,227.3685546875
test_00702,305.26164550781255
test_00703,64.16788940429689
test_00704,52.97835998535156
test_00705,43.424188995361334
test_00706,148.0321044921875
test_00707,89.41722564697265
test_00708,7.75802001953125
test_00709,8.29870147705078
test_00710,11.704670715332032
test_00711,8.529438781738282
test_00712,20.043383026123045
test_00713,8.153056335449218
test_00714,6.279122924804686
test_00715,60.381509399414064
test_00716,103.11511993408203
test_00717,9.658941650390625
test_00718,8.487248229980468
test_00719,34.458943939208986
test_00720,51.938236236572266
test_00721,76.64806213378907
test_00722,23.01838912963867
test_00723,16.45534439086914
test_00724,17.650375366210938
test_00725,66.3599639892578
test_00726,35.63498153686523
test_00727,99.83070831298828
test_00728,17.300286865234376
test_00729,41.74631042480469
test_00730,88.42999572753905
test_00731,9.632237243652344
test_00732,10.996577453613279
test_00733,21.86339569091797
test_00734,118.85602416992188
test_00735,64.33058319091796
test_00736,47.57515182495118
test_00737,10.116416931152344
test_00738,44.83580474853515
test_00739,118.2578369140625
test_00740,94.13827819824218
test_00741,69.43658294677735
test_00742,51.76144638061524
test_00743,47.7554313659668
test_00744,146.1241455078125
test_00745,213.2928527832031
test_00746,31.49605941772461
test_00747,30.129106903076174
test_00748,83.76954498291016
test_00749,12.725137329101564
test_00750,16.42443389892578
test_00751,60.81305084228515
test_00752,19.709810638427733
test_00753,43.037725067138666
test_00754,166.9031494140625
test_00755,23.732643127441406
test_00756,29.450973510742188
test_00757,46.877978515625
test_00758,9.161567687988283
test_00759,16.424166107177733
test_00760,47.60715866088867
test_00761,72.43717041015626
test_00762,90.8255645751953
test_00763,61.708228302001956
test_00764,35.10734634399414
test_00765,64.06921920776367
test_00766,20.408855438232422
test_00767,15.156058502197265
test_00768,15.912118530273437
test_00769,17.369629669189454
test_00770,86.6133026123047
test_00771,12.173445129394532
test_00772,77.14052886962891
test_00773,40.92228469848633
test_00774,26.136949157714845
test_00775,50.16921691894531
test_00776,106.44123840332031
test_00777,70.36959991455078
test_00778,83.36970977783203
test_00779,84.05352935791015
test_00780,51.40132522583008
test_00781,105.1832046508789
test_00782,50.304449462890624
test_00783,7.524966430664062
test_00784,14.180900573730469
test_00785,30.623375701904298
test_00786,29.392071533203122
test_00787,10.610128784179686
test_00788,17.691845703125
test_00789,15.37791290283203
test_00790,19.277816772460938
test_00791,40.95247192382813
test_00792,146.305224609375
test_00793,57.09327621459961
test_00794,50.916157531738286
test_00795,17.121987152099607
test_00796,7.262239074707031
test_00797,18.55199203491211
test_00798,39.62969207763672
test_00799,74.08155517578126
test_00800,72.93791961669922
test_00801,117.36631774902344
test_00802,6.385845947265626
test_00803,9.50378875732422
test_00804,18.769635772705076
test_00805,81.7376220703125
test_00806,58.36370162963867
test_00807,84.64701080322266
test_00808,59.65819320678712
test_00809,91.63380432128906
test_00810,73.31208953857421
test_00811,101.666845703125
test_00812,62.27283477783203
test_00813,39.17760620117188
test_00814,11.01666259765625
test_00815,42.6130989074707
test_00816,17.268397521972656
test_00817,20.989123535156253
test_00818,66.04100952148437
test_00819,106.12793884277345
test_00820,39.04250717163086
test_00821,8.872915649414063
test_00822,16.760639953613282
test_00823,98.4287139892578
test_00824,158.65813293457032
test_00825,73.32539978027344
test_00826,9.884004211425783
test_00827,27.464810943603517
test_00828,16.86325607299805
test_00829,66.7951644897461
test_00830,144.97999572753906
test_00831,39.29031677246093
test_00832,33.19929733276367
test_00833,55.34893951416016
test_00834,27.057072448730466
test_00835,40.10930404663086
test_00836,63.40656127929688
test_00837,92.33095092773436
test_00838,19.618053436279297
test_00839,33.1045166015625
test_00840,45.273728942871095
test_00841,113.34632263183593
test_00842,115.38841552734374
test_00843,7.7531494140624995
test_00844,22.218764495849612
test_00845,10.204066467285156
test_00846,10.907138061523437
test_00847,28.130243682861327
test_00848,50.303734588623044
test_00849,43.49573593139648
test_00850,14.198924255371095
test_00851,31.763224029541018
test_00852,50.018975830078126
test_00853,33.78097991943359
test_00854,58.783105468749994
test_00855,42.655493927001956
test_00856,4.319113159179688
test_00857,9.765870666503908
test_00858,6.5895019531250005
test_00859,7.646205139160156
test_00860,15.29470977783203
test_00861,14.028007507324219
test_00862,3.9268798828125
test_00863,10.376600646972657
test_00864,12.649708557128907
test_00865,121.44039306640624
test_00866,26.675704956054688
test_00867,10.022743225097656
test_00868,50.560129547119146
test_00869,8.117884826660156
test_00870,11.458459472656248
test_00871,13.957543945312501
test_00872,19.277809143066406
test_00873,19.099710083007814
test_00874,119.82301788330079
test_00875,23.058432006835936
test_00876,35.57952117919922
test_00877,24.68041229248047
test_00878,21.57286529541016
test_00879,6.344688415527344
test_00880,8.068638610839844
test_00881,74.87720184326172
test_00882,24.404962921142577
test_00883,113.37555389404297
test_00884,17.112554931640624
test_00885,8.9142333984375
test_00886,7.047425842285157
test_00887,25.70553894042969
test_00888,98.59804077148438
test_00889,165.01064758300782
test_00890,142.4500701904297
test_00891,100.36250152587891
test_00892,40.273798370361334
test_00893,70.85258636474609
test_00894,65.76353302001954
test_00895,34.55632705688477
test_00896,145.50171813964846
test_00897,149.42416076660157
test_00898,9.806044006347655
test_00899,78.53479461669923
test_00900,148.75294189453126
test_00901,99.47268066406251
test_00902,32.534142303466794
test_00903,6.210609436035156
test_00904,18.07178192138672
test_00905,45.2168685913086
test_00906,23.0495964050293
test_00907,33.146240234375
test_00908,5.163444519042969
test_00909,31.260709381103517
test_00910,5.924774169921875
test_00911,10.765147399902343
test_00912,57.951637268066406
test_00913,23.63500213623047
test_00914,180.0979064941406
test_00915,260.8080749511719
test_00916,187.1563232421875
test_00917,50.43762054443359
test_00918,6.975634765624999
test_00919,53.32685546875
test_00920,217.84747924804688
test_00921,17.15664138793945
test_00922,24.11757125854492
test_00923,49.58234558105469
test_00924,30.68804473876953
test_00925,24.731329345703124
test_00926,79.35791625976563
test_00927,111.20533142089843
test_00928,177.67812500000002
test_00929,16.412412261962892
test_00930,58.8593147277832
test_00931,9.195010375976562
test_00932,10.99695281982422
test_00933,7.65631103515625
test_00934,74.31890716552735
test_00935,117.86292877197266
test_00936,222.89345092773436
test_00937,6.185137939453125
test_00938,70.41353912353516
test_00939,95.17604522705078
test_00940,10.328022766113282
test_00941,15.397616577148437
test_00942,71.52300872802735
test_00943,170.31145324707032
test_00944,134.3967529296875
test_00945,24.300932312011717
test_00946,56.107383728027344
test_00947,141.8724609375
test_00948,14.600122070312501
test_00949,28.95304641723633
test_00950,64.03224487304688
test_00951,193.4689208984375
test_00952,97.75507965087891
test_00953,12.117633056640624
test_00954,10.293975830078125
test_00955,87.01595306396484
test_00956,135.87266540527344
test_00957,229.33751831054687
test_00958,209.30217895507815
test_00959,370.2026733398437
test_00960,394.1706848144531
test_00961,7.839552307128907
test_00962,43.041097259521486
test_00963,205.95116577148437
test_00964,197.31528930664064
test_00965,12.695587158203125
test_00966,71.57052459716797
test_00967,11.93447265625
test_00968,57.48454132080078
test_00969,125.79400939941408
test_00970,182.49205932617184
test_00971,16.774394989013672
test_00972,128.66716918945312
test_00973,70.40037384033204
test_00974,204.70304260253909
test_00975,162.9925109863281
test_00976,204.27467041015623
test_00977,23.814482116699217
test_00978,12.73304443359375
test_00979,8.750393676757813
test_00980,14.087210083007813
test_00981,21.203022766113282
test_00982,14.404389953613283
test_00983,26.143099975585933
test_00984,108.3205780029297
test_00985,125.62441711425781
test_00986,128.33359375
test_00987,44.28994445800782
test_00988,6.576577758789062
test_00989,56.62520294189453
test_00990,10.545748901367187
test_00991,34.45220031738281
test_00992,43.88344192504883
test_00993,136.29746704101564
test_00994,192.8580810546875
test_00995,12.030252075195312
test_00996,288.0749145507813
test_00997,9.315873718261718
test_00998,8.09764404296875
test_00999,61.34227752685547
test_01000,8.29120330810547
test_01001,73.60545959472657
test_01002,109.02814331054688
test_01003,235.3765441894531
test_01004,13.492512512207032
test_01005,14.931756591796876
test_01006,85.82023773193359
test_01007,9.062532043457033
test_01008,8.47454833984375
test_01009,10.020706176757812
test_01010,50.294463348388675
test_01011,86.00674743652344
test_01012,42.29802017211914
test_01013,220.12728881835938
test_01014,248.7226135253906
test_01015,6.422933959960938
test_01016,51.27619171142578
test_01017,111.73165283203124
test_01018,6.4064392089843745
test_01019,28.420843505859374
test_01020,91.50924835205078
test_01021,11.1292236328125
test_01022,19.053787231445312
test_01023,15.030055236816406
test_01024,28.622679138183592
test_01025,85.3379119873047
test_01026,9.931394958496094
test_01027,203.22157592773436
test_01028,112.78475646972656
test_01029,358.07753295898436
test_01030,64.69540252685547
test_01031,46.02901916503906
test_01032,102.07743225097656
test_01033,8.746575927734375
test_01034,5.604391479492187
test_01035,9.495565795898438
test_01036,18.868472290039062
test_01037,114.96488952636717
test_01038,10.408407592773436
test_01039,118.52008056640625
test_01040,290.9359497070312
test_01041,296.51250610351565
test_01042,67.66377563476563
test_01043,48.47099609375
test_01044,57.074406433105466
test_01045,133.4360382080078
test_01046,55.976220703125
test_01047,15.076670837402343
test_01048,41.507517242431646
test_01049,12.587066650390625
test_01050,54.03855590820313
test_01051,11.71703643798828
test_01052,11.84439239501953
test_01053,124.13119812011718
test_01054,63.619798278808595
test_01055,6.560456848144531
test_01056,13.246473693847657
test_01057,75.34971466064454
test_01058,102.03539428710937
test_01059,118.0064407348633
test_01060,34.1580924987793
test_01061,19.829737854003906
test_01062,61.038047790527344
test_01063,67.68766021728516
test_01064,43.580029296875004
test_01065,96.50529632568359
test_01066,56.4481704711914
test_01067,38.22816390991211
test_01068,102.67897338867189
test_01069,10.094061279296874
test_01070,18.49272689819336
test_01071,33.61073379516601
test_01072,70.60113830566407
test_01073,91.35768280029296
test_01074,54.39741668701171
test_01075,24.388996124267575
test_01076,73.60181274414063
test_01077,73.00376586914064
test_01078,102.59629821777344
test_01079,100.92750701904296
test_01080,64.34898986816407
test_01081,214.86859130859375
test_01082,40.19565353393555
test_01083,17.07828598022461
test_01084,58.88185272216797
test_01085,47.05192642211914
test_01086,31.016001892089847
test_01087,77.89093933105468
test_01088,25.4397834777832
test_01089,62.387960815429686
test_01090,176.87916259765626
test_01091,28.823448181152344
test_01092,37.22969207763672
test_01093,63.5898078918457
test_01094,44.4690055847168
test_01095,47.56951065063477
test_01096,52.66241455078125
test_01097,87.46787109375
test_01098,136.81834716796874
test_01099,86.28202209472656
test_01100,70.02764892578125
test_01101,86.37651672363282
test_01102,54.779052734375
test_01103,10.680738830566408
test_01104,24.822542572021483
test_01105,77.43824005126953
test_01106,42.26796875
test_01107,16.245478820800784
test_01108,99.9199478149414
test_01109,41.704096221923834
test_01110,39.609605407714845
test_01111,47.22073822021484
test_01112,81.16858978271485
test_01113,135.23946228027344
test_01114,91.557666015625
test_01115,176.65163879394532
test_01116,44.92355728149414
test_01117,12.813853454589843
test_01118,55.841844177246095
test_01119,59.89798278808594
test_01120,59.491075134277345
test_01121,14.944316101074218
test_01122,30.814322662353515
test_01123,30.29772720336914
test_01124,36.515174102783206
test_01125,107.78103485107422
test_01126,90.83848724365234
test_01127,169.1721252441406
test_01128,57.333309173583984
test_01129,143.64088745117186
test_01130,8.955239868164062
test_01131,18.479364776611327
test_01132,30.536730194091795
test_01133,71.63295135498046
test_01134,102.03551330566405
test_01135,118.60233154296876
test_01136,72.87629852294921
test_01137,36.69677658081055
test_01138,44.82014541625976
test_01139,140.2999267578125
test_01140,47.51152801513672
test_01141,88.70982818603514
test_01142,85.45550842285157
test_01143,95.85572204589843
test_01144,92.51510620117188
test_01145,162.26340942382814
test_01146,140.361279296875
test_01147,22.530535888671878
test_01148,26.36126251220703
test_01149,31.565252685546877
test_01150,35.77320556640625
test_01151,97.69706268310546
test_01152,104.9579071044922
test_01153,102.76097869873047
test_01154,10.71985321044922
test_01155,29.986502838134765
test_01156,70.49767150878907
test_01157,33.411740112304685
test_01158,58.409761047363276
test_01159,113.96416625976562
test_01160,46.62722549438477
test_01161,64.85621337890625
test_01162,176.91551208496094
test_01163,89.08216094970703
test_01164,107.16045684814455
test_01165,76.32864227294922
test_01166,139.02750244140626
test_01167,27.228302001953125
test_01168,49.300235748291016
test_01169,45.05368576049804
test_01170,77.05495758056641
test_01171,81.52101440429688
test_01172,53.7778060913086
test_01173,34.98563842773437
test_01174,17.897967529296878
test_01175,10.45262451171875
test_01176,32.80487747192383
test_01177,91.79306640625
test_01178,64.10423889160157
test_01179,37.001898193359374
test_01180,78.42930755615234
test_01181,75.26010131835938
test_01182,39.16485061645508
test_01183,86.02273864746094
test_01184,126.82997436523436
test_01185,8.102706909179688
test_01186,29.03910675048828
test_01187,12.559831237792968
test_01188,17.87235107421875
test_01189,29.225275421142577
test_01190,20.11861877441406
test_01191,5.279783630371094
test_01192,10.9437744140625
test_01193,14.221310424804686
test_01194,133.82031860351563
test_01195,34.04655380249024
test_01196,11.551385498046873
test_01197,49.79512634277344
test_01198,14.006259155273439
test_01199,11.899163818359376
test_01200,16.203009796142577
test_01201,33.969993591308594
test_01202,42.297191619873054
test_01203,67.00919647216797
test_01204,79.07322387695312
test_01205,166.42698364257814
test_01206,35.38987045288086
test_01207,31.02942657470703
test_01208,15.192330932617187
test_01209,29.996435546875002
test_01210,45.668731689453125
test_01211,81.77821350097656
test_01212,107.95410919189453
test_01213,36.003787231445315
test_01214,189.86528930664062
test_01215,36.24990615844727
test_01216,10.608517456054688
test_01217,9.78575439453125
test_01218,41.54006423950196
test_01219,91.75390472412109
test_01220,230.01312255859375
test_01221,193.01461181640627
test_01222,108.15475463867188
test_01223,64.3912109375
test_01224,51.23897705078125
test_01225,50.26676635742187
test_01226,23.44635696411133
test_01227,55.94895782470704
test_01228,176.94246826171877
test_01229,50.73267669677735
test_01230,126.81152038574218
test_01231,307.2113952636719
test_01232,129.07806091308595
test_01233,111.22176055908203
test_01234,55.34598999023438
test_01235,209.97531127929688
test_01236,29.294081115722655
test_01237,43.31775741577149
test_01238,8.205331420898439
test_01239,17.6616340637207
test_01240,54.42265243530274
test_01241,129.97642517089844
test_01242,5.126467895507813
test_01243,5.432363891601561
test_01244,26.403570556640627
test_01245,7.906427001953125
test_01246,10.798925781250002
test_01247,76.67782135009766
test_01248,161.18172302246094
test_01249,286.52049560546874
test_01250,259.9504028320313
test_01251,122.47235717773438
test_01252,125.60460815429687
test_01253,11.3101318359375
test_01254,100.03756103515624
test_01255,184.34133605957027
test_01256,99.01360168457032
test_01257,56.155175781249994
test_01258,53.41559600830078
test_01259,9.011325073242187
test_01260,13.941796875000001
test_01261,87.43177185058593
test_01262,69.20607147216796
test_01263,195.87335815429688
test_01264,27.275133514404295
test_01265,78.59024505615234
test_01266,8.683401489257811
test_01267,8.141200256347656
test_01268,27.53946990966797
test_01269,101.21381988525391
test_01270,206.989599609375
test_01271,285.6791687011719
test_01272,16.91194381713867
test_01273,148.29412536621095
test_01274,159.1588928222656
test_01275,8.545005798339844
test_01276,121.705908203125
test_01277,202.5158142089844
test_01278,534.7986328125
test_01279,72.38413848876954
test_01280,38.3126838684082
test_01281,116.84768676757812
test_01282,227.55463867187498
test_01283,7.936108398437499
test_01284,15.505873107910155
test_01285,216.56525268554682
test_01286,241.73676757812498
test_01287,9.368629455566404
test_01288,12.254309082031249
test_01289,9.226528930664063
test_01290,96.02183990478514
test_01291,289.9205383300781
test_01292,210.45983276367187
test_01293,238.4664489746094
test_01294,432.0755187988281
test_01295,476.7047302246094
test_01296,15.571730804443359
test_01297,93.47444152832031
test_01298,147.67571105957032
test_01299,170.83455810546874
test_01300,6.575666809082031
test_01301,151.6624755859375
test_01302,14.364210510253907
test_01303,416.8044494628906
test_01304,375.8671936035156
test_01305,381.4904602050782
test_01306,96.0751937866211
test_01307,352.0208801269531
test_01308,294.6802062988281
test_01309,268.75205688476564
test_01310,164.71815185546876
test_01311,130.96517639160157
test_01312,20.807613372802734
test_01313,16.728363037109375
test_01314,7.216278076171875
test_01315,55.5196533203125
test_01316,83.82950897216797
test_01317,11.007035827636718
test_01318,32.022498321533206
test_01319,89.13571014404297
test_01320,139.32193298339843
test_01321,185.8137268066406
test_01322,62.35115509033203
test_01323,7.315798950195313
test_01324,74.83775482177734
test_01325,14.504225158691405
test_01326,31.23349533081055
test_01327,101.53959045410156
test_01328,138.6629638671875
test_01329,312.6413452148437
test_01330,11.528115844726564
test_01331,563.3931518554688
test_01332,8.680577087402343
test_01333,10.880459594726563
test_01334,77.75904235839843
test_01335,5.958135986328125
test_01336,85.96467742919921
test_01337,324.24912109375
test_01338,8.455244445800782
test_01339,10.871539306640626
test_01340,62.48271789550781
test_01341,13.403890991210938
test_01342,12.642080688476563
test_01343,15.165607452392578
test_01344,133.08653869628904
test_01345,161.3992126464844
test_01346,194.32621459960936
test_01347,268.6843505859375
test_01348,257.290966796875
test_01349,7.02510986328125
test_01350,91.49406127929686
test_01351,164.05119934082032
test_01352,6.403184509277344
test_01353,66.87218780517578
test_01354,96.77586364746094
test_01355,12.354338073730467
test_01356,22.148401641845705
test_01357,11.630450439453124
test_01358,23.153089904785155
test_01359,113.39362182617188
test_01360,8.184645080566407
test_01361,172.81478881835938
test_01362,139.04266967773438
test_01363,364.39751586914065
test_01364,80.2111312866211
test_01365,56.04193115234375
test_01366,80.93654937744141
test_01367,7.814483642578125
test_01368,6.152365112304687
test_01369,8.475059509277342
test_01370,15.593904113769533
test_01371,109.52166137695313
test_01372,10.88641357421875
test_01373,104.59571533203126
test_01374,276.14678955078125
test_01375,315.4946228027344
test_01376,73.52689056396484
test_01377,49.369104766845695
test_01378,51.165074157714855
test_01379,128.0009002685547
test_01380,61.52789382934571
test_01381,14.281755065917968
test_01382,30.879016113281253
test_01383,38.048562622070314
test_01384,15.483000946044921
test_01385,46.752252197265626
test_01386,10.464266967773437
test_01387,10.86087646484375
test_01388,123.03422546386719
test_01389,66.0097412109375
test_01390,7.878140258789061
test_01391,11.581863403320312
test_01392,60.65505294799805
test_01393,108.78718872070313
test_01394,122.85585021972656
test_01395,32.2915901184082
test_01396,18.26179351806641
test_01397,60.225257873535156
test_01398,65.98411712646484
test_01399,85.24125671386719
test_01400,86.19533233642578
test_01401,43.6426498413086
test_01402,91.74231567382813
test_01403,15.389617919921875
test_01404,21.303070068359375
test_01405,39.43336639404296
test_01406,70.45944213867188
test_01407,84.35914459228516
test_01408,46.41246490478516
test_01409,19.79634475708008
test_01410,53.97386322021484
test_01411,63.34127502441406
test_01412,75.56412353515626
test_01413,93.55548400878907
test_01414,129.3817565917969
test_01415,58.25922775268555
test_01416,185.12704467773432
test_01417,203.79107666015625
test_01418,32.655755615234376
test_01419,24.343115234375
test_01420,59.39909973144531
test_01421,18.399905395507815
test_01422,22.99355773925781
test_01423,66.01239624023438
test_01424,27.086279296875
test_01425,47.59240646362305
test_01426,187.4623504638672
test_01427,23.090085601806642
test_01428,29.110152435302734
test_01429,62.82168350219727
test_01430,36.48966827392578
test_01431,42.07057800292969
test_01432,50.92095184326172
test_01433,87.82130279541016
test_01434,92.63619842529296
test_01435,88.15006103515626
test_01436,66.52294616699218
test_01437,87.87182159423828
test_01438,57.435244750976565
test_01439,16.609754180908205
test_01440,18.615332794189452
test_01441,53.77830505371094
test_01442,37.37080459594726
test_01443,10.229313659667968
test_01444,97.06041259765625
test_01445,43.19227676391601
test_01446,44.884333801269534
test_01447,50.073272705078125
test_01448,81.21055297851564
test_01449,76.45600891113281
test_01450,96.8408721923828
test_01451,130.86145629882813
test_01452,98.54674072265625
test_01453,201.69586181640625
test_01454,38.73903274536133
test_01455,10.289566040039062
test_01456,68.73118743896484
test_01457,30.66764678955078
test_01458,68.36285095214845
test_01459,16.76923294067383
test_01460,29.041002655029295
test_01461,31.711914825439454
test_01462,37.31771545410156
test_01463,114.49522094726564
test_01464,99.73659362792966
test_01465,171.51290893554688
test_01466,67.25069274902344
test_01467,91.50313415527344
test_01468,9.743243408203124
test_01469,16.46439971923828
test_01470,31.25511779785156
test_01471,70.15268096923828
test_01472,105.96749114990234
test_01473,123.37332763671876
test_01474,86.94476318359375
test_01475,31.051129150390626
test_01476,33.70279083251953
test_01477,116.28606872558593
test_01478,50.76591720581055
test_01479,84.1580551147461
test_01480,102.23103942871094
test_01481,69.57405242919921
test_01482,66.12415008544923
test_01483,132.9132843017578
test_01484,108.05948944091799
test_01485,87.71702117919921
test_01486,17.93759078979492
test_01487,48.102297973632815
test_01488,45.13084716796875
test_01489,37.45977935791015
test_01490,110.30703735351564
test_01491,136.99356689453123
test_01492,82.00890502929687
test_01493,14.648938751220703
test_01494,50.956247711181646
test_01495,124.76603698730467
test_01496,33.84363632202148
test_01497,49.60809860229493
test_01498,10.164122009277344
test_01499,119.85289916992187
test_01500,141.93158569335938
test_01501,57.395703125
test_01502,70.06807403564453
test_01503,145.55780029296875
test_01504,70.40745544433594
test_01505,95.10301666259767
test_01506,76.12216033935547
test_01507,112.59990539550782
test_01508,27.46229782104492
test_01509,45.5289924621582
test_01510,49.43108367919922
test_01511,75.75868377685546
test_01512,87.13443756103516
test_01513,71.76163024902344
test_01514,30.48252182006836
test_01515,18.03030014038086
test_01516,8.990542602539062
test_01517,27.07998352050781
test_01518,85.1485824584961
test_01519,60.99107055664062
test_01520,32.22758483886719
test_01521,69.91862640380859
test_01522,73.49299316406251
test_01523,35.339195251464844
test_01524,113.81989746093748
test_01525,131.5488708496094
test_01526,6.370449829101562
test_01527,28.962842559814455
test_01528,8.660276794433594
test_01529,19.972862243652344
test_01530,23.46152114868164
test_01531,21.010328674316405
test_01532,8.789155578613283
test_01533,21.082744598388672
test_01534,20.157891082763673
test_01535,139.88463134765624
test_01536,27.987727355957034
test_01537,19.858295440673828
test_01538,57.4781982421875
test_01539,18.890863800048827
test_01540,8.47200927734375
test_01541,9.768370056152344
test_01542,38.13428802490235
test_01543,40.160641479492185
test_01544,78.50302276611328
test_01545,55.77719421386719
test_01546,157.7170440673828
test_01547,40.054788970947264
test_01548,28.071959686279296
test_01549,11.4243896484375
test_01550,24.022315216064456
test_01551,45.787861633300786
test_01552,97.2890884399414
test_01553,81.30626983642578
test_01554,34.75476760864258
test_01555,182.96975708007812
test_01556,25.89929275512695
test_01557,10.356857299804688
test_01558,12.399923706054688
test_01559,37.850869750976564
test_01560,95.28898162841797
test_01561,201.21983642578124
test_01562,172.90607604980468
test_01563,97.05112915039062
test_01564,39.094092559814456
test_01565,64.36586456298829
test_01566,50.69290466308594
test_01567,52.27425537109375
test_01568,18.03046417236328
test_01569,47.47023925781251
test_01570,170.15849609375
test_01571,55.170675659179686
test_01572,122.27611694335937
test_01573,252.071923828125
test_01574,265.16017456054686
test_01575,124.93194580078125
test_01576,127.25381164550782
test_01577,81.6918212890625
test_01578,242.3819030761719
test_01579,43.20779037475586
test_01580,39.05906448364258
test_01581,6.463015747070312
test_01582,20.745436859130862
test_01583,79.8022247314453
test_01584,113.14727020263672
test_01585,11.321347045898438
test_01586,53.42057495117188
test_01587,4.8070312500000005
test_01588,26.48621520996094
test_01589,10.127862548828126
test_01590,9.417306518554687
test_01591,75.26714782714843
test_01592,145.12508239746094
test_01593,264.4482055664063
test_01594,228.31866455078125
test_01595,118.31913146972657
test_01596,128.36593475341797
test_01597,12.443875122070311
test_01598,99.02865753173828
test_01599,206.21306762695312
test_01600,132.17666015625
test_01601,75.75697021484376
test_01602,61.266845703125
test_01603,24.45183639526367
test_01604,13.115103149414063
test_01605,79.22307586669922
test_01606,66.42798614501953
test_01607,194.3680480957031
test_01608,40.58009185791016
test_01609,71.97977447509766
test_01610,8.968498229980469
test_01611,7.817781066894531
test_01612,19.203509521484378
test_01613,101.49356842041016
test_01614,206.58737182617188
test_01615,303.33906249999995
test_01616,19.034799957275393
test_01617,108.17129516601562
test_01618,138.83630981445313
test_01619,6.894866943359375
test_01620,136.89955444335936
test_01621,173.13556518554688
test_01622,469.2830810546875
test_01623,95.21625061035157
test_01624,32.82380828857421
test_01625,125.97709045410154
test_01626,196.6434539794922
test_01627,8.408659362792969
test_01628,21.33797607421875
test_01629,155.385107421875
test_01630,230.5580993652344
test_01631,9.52207794189453
test_01632,16.38938751220703
test_01633,13.282797241210936
test_01634,82.35567016601563
test_01635,268.3195556640625
test_01636,228.87780151367187
test_01637,203.6856201171875
test_01638,366.41513671875003
test_01639,481.7387634277344
test_01640,15.57143783569336
test_01641,86.15216674804688
test_01642,178.57222900390624
test_01643,172.46241455078126
test_01644,11.177456665039063
test_01645,156.79368286132814
test_01646,11.266719055175782
test_01647,355.8642822265625
test_01648,254.64700927734373
test_01649,416.38681640625
test_01650,149.07111511230468
test_01651,283.2466125488281
test_01652,259.8042358398437
test_01653,175.90030822753906
test_01654,136.14716186523435
test_01655,29.227196502685548
test_01656,12.248529052734376
test_01657,7.963351440429688
test_01658,71.53577117919922
test_01659,92.73567504882811
test_01660,13.022976684570313
test_01661,29.43859634399414
test_01662,84.90548400878907
test_01663,120.09797363281251
test_01664,178.59849853515624
test_01665,49.99328460693359
test_01666,7.585470581054688
test_01667,68.228466796875
test_01668,9.693186950683593
test_01669,20.639730072021486
test_01670,74.0168960571289
test_01671,174.58925781250002
test_01672,277.5067626953125
test_01673,6.725532531738281
test_01674,569.0848754882812
test_01675,9.005856323242186
test_01676,11.01591796875
test_01677,67.83299560546875
test_01678,5.576014709472656
test_01679,52.439004516601564
test_01680,83.03783569335937
test_01681,10.111100769042968
test_01682,10.014881896972657
test_01683,58.762448120117185
test_01684,11.769569396972656
test_01685,9.486178588867187
test_01686,12.433868408203125
test_01687,116.10386199951172
test_01688,149.4125183105469
test_01689,156.91607666015625
test_01690,252.39475708007814
test_01691,281.7491149902344
test_01692,5.950868225097656
test_01693,84.3621841430664
test_01694,141.82913818359376
test_01695,5.128405761718749
test_01696,71.78108367919921
test_01697,84.81842193603515
test_01698,20.150754547119142
test_01699,35.50067291259766
test_01700,10.021101379394532
test_01701,23.49570999145508
test_01702,70.06615295410157
test_01703,10.770333862304689
test_01704,155.38818969726563
test_01705,182.83161010742185
test_01706,340.35560913085936
test_01707,81.64025573730468
test_01708,58.7195541381836
test_01709,54.617680358886716
test_01710,7.622262573242187
test_01711,7.857363891601563
test_01712,9.157345581054688
test_01713,15.923783874511718
test_01714,93.1451675415039
test_01715,7.687863159179689
test_01716,114.64767913818358
test_01717,263.5262451171875
test_01718,352.4130615234375
test_01719,93.28314361572266
test_01720,54.193973541259766
test_01721,54.34245300292968
test_01722,121.75392456054686
test_01723,61.56253204345703
test_01724,8.370065307617187
test_01725,34.40221252441406
test_01726,53.14989471435547
test_01727,12.531846618652343
test_01728,65.49069519042969
test_01729,8.261639404296876
test_01730,11.510977172851561
test_01731,90.65160675048827
test_01732,68.39103393554689
test_01733,6.418771362304687
test_01734,12.126445007324218
test_01735,64.82753372192383
test_01736,127.29471282958984
test_01737,81.11820526123047
test_01738,17.307860565185546
test_01739,18.946009826660156
test_01740,51.51866302490234
test_01741,60.986260986328126
test_01742,44.12616119384766
test_01743,128.38175354003906
test_01744,109.10294647216799
test_01745,73.01974639892578
test_01746,93.04671173095703
test_01747,17.353269958496092
test_01748,37.80198974609375
test_01749,42.31421813964843
test_01750,69.3171371459961
test_01751,86.64417572021485
test_01752,24.943881225585937
test_01753,13.232466125488282
test_01754,58.48270874023437
test_01755,58.24454956054687
test_01756,76.65219268798828
test_01757,74.6209716796875
test_01758,68.29378967285157
test_01759,44.58695983886719
test_01760,233.2300231933594
test_01761,208.2197723388672
test_01762,20.734392547607424
test_01763,13.47935333251953
test_01764,22.161196899414065
test_01765,46.09913940429688
test_01766,13.065411376953126
test_01767,21.404543304443358
test_01768,60.28340072631836
test_01769,29.525440979003907
test_01770,55.50477676391601
test_01771,200.58722534179685
test_01772,23.034609222412108
test_01773,37.75762252807617
test_01774,60.43822174072266
test_01775,50.77970962524414
test_01776,42.752587890625
test_01777,55.220298767089844
test_01778,92.46814422607423
test_01779,96.22757873535156
test_01780,82.50626983642579
test_01781,42.34398040771484
test_01782,79.63633575439454
test_01783,29.337663269042967
test_01784,10.106039428710938
test_01785,15.15895690917969
test_01786,60.37353973388672
test_01787,20.5648193359375
test_01788,94.67945098876953
test_01789,38.89418945312501
test_01790,46.22412872314453
test_01791,67.84173278808593
test_01792,60.41928482055664
test_01793,73.30258026123047
test_01794,119.60423126220704
test_01795,89.52659454345704
test_01796,245.9033203125
test_01797,46.429101562499994
test_01798,10.348033142089843
test_01799,38.210382080078126
test_01800,25.931719970703124
test_01801,55.119169616699224
test_01802,8.309169006347656
test_01803,29.017675781250002
test_01804,30.948438262939455
test_01805,37.618140411376956
test_01806,75.43537902832031
test_01807,108.04855651855468
test_01808,112.70625000000001
test_01809,80.70494232177734
test_01810,21.13156509399414
test_01811,10.525448608398438
test_01812,14.51275177001953
test_01813,40.693294525146484
test_01814,92.55760345458982
test_01815,98.8049102783203
test_01816,109.54085388183594
test_01817,53.61040115356445
test_01818,30.72110061645508
test_01819,39.74892120361328
test_01820,102.93441467285156
test_01821,53.95793304443359
test_01822,100.17722167968752
test_01823,90.53968658447266
test_01824,62.33876342773438
test_01825,103.27010803222657
test_01826,114.48092346191407
test_01827,85.68428802490234
test_01828,70.38677978515625
test_01829,16.178141784667968
test_01830,44.3506477355957
test_01831,26.14921646118164
test_01832,29.38850631713867
test_01833,76.31364593505859
test_01834,110.11632385253907
test_01835,53.44386520385742
test_01836,7.444129943847656
test_01837,25.127136230468746
test_01838,56.11611328125
test_01839,145.5694610595703
test_01840,133.54564514160157
test_01841,33.90681457519531
test_01842,38.79943084716797
test_01843,12.40472412109375
test_01844,83.50599670410156
test_01845,116.69172973632813
test_01846,51.59860534667969
test_01847,75.58612823486328
test_01848,64.82540435791014
test_01849,22.76054916381836
test_01850,35.64455642700195
test_01851,76.78311309814453
test_01852,91.78562622070314
test_01853,22.610984802246094
test_01854,40.87941665649414
test_01855,45.091661071777345
test_01856,65.61918182373047
test_01857,106.57993927001952
test_01858,41.22891311645508
test_01859,39.04536743164063
test_01860,17.947032165527347
test_01861,10.625900268554688
test_01862,26.131140136718752
test_01863,70.44474945068359
test_01864,60.79198150634765
test_01865,24.170893859863284
test_01866,64.93383178710937
test_01867,76.4573745727539
test_01868,46.44716415405273
test_01869,97.34821319580078
test_01870,84.54175567626953
test_01871,3.84600830078125
test_01872,6.922373962402343
test_01873,10.894664001464843
test_01874,11.383432006835937
test_01875,25.386856842041013
test_01876,14.284532165527342
test_01877,3.992573547363281
test_01878,22.657218170166015
test_01879,14.893443298339845
test_01880,136.3687225341797
test_01881,15.283241271972656
test_01882,57.423796844482425
test_01883,8.874281311035157
test_01884,7.886357116699219
test_01885,12.396884155273437
test_01886,31.087452697753903
test_01887,38.85586853027344
test_01888,92.90895080566406
test_01889,41.599797058105466
test_01890,171.06446533203126
test_01891,75.98556365966797
test_01892,22.807332611083986
test_01893,14.660493469238281
test_01894,20.89678573608398
test_01895,84.29515991210937
test_01896,89.06469116210937
test_01897,98.7839599609375
test_01898,207.2520751953125
test_01899,26.815751647949217
test_01900,11.835530090332032
test_01901,9.233828735351562
test_01902,193.44711303710938
test_01903,191.07003173828124
test_01904,95.86610260009766
test_01905,31.001798248291017
test_01906,60.63530807495117
test_01907,54.053463745117185
test_01908,44.330264282226565
test_01909,32.654965972900385
test_01910,80.77164459228516
test_01911,155.78822631835936
test_01912,79.07280578613282
test_01913,121.53397369384766
test_01914,196.97756958007812
test_01915,257.22406005859375
test_01916,144.825
test_01917,99.88207244873047
test_01918,83.51126861572266
test_01919,197.7112060546875
test_01920,58.4253662109375
test_01921,52.40459365844727
test_01922,17.387680053710938
test_01923,18.885204315185547
test_01924,32.56709747314453
test_01925,95.23029632568358
test_01926,10.484773254394533
test_01927,36.039099884033206
test_01928,6.4768829345703125
test_01929,24.28669128417969
test_01930,8.062910461425782
test_01931,9.532281494140625
test_01932,75.69627380371094
test_01933,141.33864135742186
test_01934,310.97827148437494
test_01935,234.58025512695312
test_01936,91.63391723632812
test_01937,113.41360626220703
test_01938,8.822927856445313
test_01939,97.8627914428711
test_01940,209.3539245605469
test_01941,47.51942291259766
test_01942,73.62557067871094
test_01943,51.40796585083008
test_01944,14.877059173583984
test_01945,18.68580322265625
test_01946,77.1925064086914
test_01947,72.17264404296876
test_01948,165.94815673828126
test_01949,17.692130279541015
test_01950,56.808474731445315
test_01951,7.422181701660156
test_01952,6.413504028320313
test_01953,8.389942932128905
test_01954,86.2807861328125
test_01955,174.94866943359375
test_01956,437.0096557617187
test_01957,16.082930755615234
test_01958,114.71402587890624
test_01959,138.77923583984375
test_01960,9.022789001464842
test_01961,65.68656311035156
test_01962,94.13811035156249
test_01963,365.55901489257815
test_01964,145.7913391113281
test_01965,40.43046188354492
test_01966,69.57335968017578
test_01967,187.18896484375
test_01968,7.6603149414062495
test_01969,20.484821319580078
test_01970,107.96000823974609
test_01971,238.39642333984375
test_01972,10.165553283691406
test_01973,5.150079345703125
test_01974,94.15039978027343
test_01975,161.52598266601564
test_01976,266.3431457519531
test_01977,209.57272338867188
test_01978,513.165869140625
test_01979,444.9363098144531
test_01980,8.129550170898437
test_01981,94.76247253417968
test_01982,161.5030517578125
test_01983,160.79112548828124
test_01984,12.743620300292967
test_01985,172.97385253906248
test_01986,7.786895751953125
test_01987,64.60272674560547
test_01988,180.33919677734374
test_01989,399.0675659179688
test_01990,7.563081359863281
test_01991,191.24801635742188
test_01992,372.2971252441406
test_01993,259.10310058593745
test_01994,161.53892822265624
test_01995,245.42354736328124
test_01996,19.314334869384766
test_01997,18.699422454833982
test_01998,8.995747375488282
test_01999,62.21068420410156
test_02000,100.44870147705078
test_02001,8.084873962402343
test_02002,27.495432281494143
test_02003,93.98215637207034
test_02004,124.96780548095705
test_02005,176.80694580078125
test_02006,70.63856964111328
test_02007,5.966755676269531
test_02008,68.19190216064453
test_02009,16.9096061706543
test_02010,20.280294036865236
test_02011,40.84230575561523
test_02012,85.30840454101562
test_02013,221.82443237304688
test_02014,4.935298156738281
test_02015,523.0334594726562
test_02016,8.632667541503906
test_02017,12.183311462402344
test_02018,74.37110443115235
test_02019,7.788401794433593
test_02020,56.16128997802735
test_02021,104.77529907226562
test_02022,270.37994384765625
test_02023,5.437966918945312
test_02024,14.627247619628907
test_02025,71.94854583740235
test_02026,11.186235046386718
test_02027,8.823094177246094
test_02028,10.829208374023438
test_02029,160.76055603027345
test_02030,176.44093627929686
test_02031,112.5599151611328
test_02032,218.19625244140627
test_02033,287.88764038085935
test_02034,7.707756042480469
test_02035,73.25340881347657
test_02036,131.23271484375
test_02037,7.716246032714844
test_02038,75.2540069580078
test_02039,99.77486877441407
test_02040,20.447447204589842
test_02041,29.440963745117188
test_02042,12.022560119628906
test_02043,28.272486877441406
test_02044,72.78204040527343
test_02045,6.663006591796876
test_02046,122.45999755859374
test_02047,130.2947204589844
test_02048,318.51629028320315
test_02049,44.626591491699216
test_02050,30.604975128173827
test_02051,99.01148834228516
test_02052,10.956166076660157
test_02053,8.566574096679686
test_02054,9.078997802734376
test_02055,18.09207305908203
test_02056,78.53720092773438
test_02057,10.80507354736328
test_02058,71.93585662841797
test_02059,209.27212524414062
test_02060,273.5673767089844
test_02061,31.562278747558594
test_02062,55.909716796875
test_02063,35.16301651000977
test_02064,127.68715362548828
test_02065,59.227786254882815
test_02066,9.6209228515625
test_02067,18.94644012451172
test_02068,17.4740234375
test_02069,9.866163635253907
test_02070,25.30897979736328
test_02071,9.20286865234375
test_02072,6.433891296386719
test_02073,52.646070861816405
test_02074,75.0731216430664
test_02075,8.860646057128907
test_02076,12.953094482421875
test_02077,84.85067749023438
test_02078,87.43134918212891
test_02079,8.505706787109373
test_02080,10.641346740722657
test_02081,53.6242431640625
test_02082,58.1327865600586
test_02083,37.346499633789065
test_02084,74.2894287109375
test_02085,47.715867614746095
test_02086,42.762427520751956
test_02087,79.85785369873047
test_02088,13.613027954101561
test_02089,17.462231445312497
test_02090,23.126461029052734
test_02091,45.27106323242188
test_02092,65.21010894775391
test_02093,36.78175506591797
test_02094,14.759062194824219
test_02095,29.275174713134767
test_02096,61.68497772216797
test_02097,68.90962524414063
test_02098,58.74253463745117
test_02099,66.17382507324218
test_02100,38.56839218139648
test_02101,134.444189453125
test_02102,176.18014221191407
test_02103,46.73195190429688
test_02104,9.230572509765624
test_02105,57.60784072875977
test_02106,55.60734481811524
test_02107,27.30147933959961
test_02108,29.228600311279294
test_02109,53.38892517089843
test_02110,24.68395919799805
test_02111,84.03175201416016
test_02112,117.6193130493164
test_02113,15.699128723144531
test_02114,30.149060821533205
test_02115,64.97521362304687
test_02116,10.880006408691406
test_02117,19.893633270263674
test_02118,68.15761260986329
test_02119,103.9616958618164
test_02120,75.78155364990235
test_02121,51.46779403686523
test_02122,33.1177978515625
test_02123,53.49740905761719
test_02124,15.593757629394531
test_02125,10.6324462890625
test_02126,17.20790328979492
test_02127,68.32002258300781
test_02128,61.07285766601562
test_02129,16.063272857666014
test_02130,72.73122863769531
test_02131,32.55740966796875
test_02132,33.59796142578125
test_02133,53.68137054443359
test_02134,55.619737243652345
test_02135,91.43470458984376
test_02136,55.74720458984375
test_02137,45.5574333190918
test_02138,70.52888641357421
test_02139,75.82955932617188
test_02140,39.186003112792974
test_02141,7.652021789550782
test_02142,52.89277038574218
test_02143,17.75641326904297
test_02144,37.959360504150396
test_02145,12.574484252929686
test_02146,13.780772399902345
test_02147,19.287571716308594
test_02148,20.64324111938477
test_02149,57.708560180664065
test_02150,78.8284698486328
test_02151,113.67726287841799
test_02152,43.51900405883789
test_02153,40.15447845458984
test_02154,5.223695373535156
test_02155,17.206941986083983
test_02156,76.44387512207031
test_02157,62.20750579833985
test_02158,38.80630187988281
test_02159,112.71968994140624
test_02160,33.12853927612305
test_02161,12.429602050781249
test_02162,48.274208068847656
test_02163,65.45907440185547
test_02164,37.74635543823242
test_02165,89.16228332519532
test_02166,108.752685546875
test_02167,62.13121948242187
test_02168,44.18571243286133
test_02169,124.28668823242187
test_02170,103.21952819824219
test_02171,85.68526306152344
test_02172,9.990852355957031
test_02173,39.00108337402344
test_02174,33.00553665161133
test_02175,20.587104034423824
test_02176,44.8591796875
test_02177,87.54197387695314
test_02178,71.49430541992187
test_02179,8.378221130371093
test_02180,11.898321533203124
test_02181,79.28465576171875
test_02182,100.56790618896483
test_02183,105.66797485351563
test_02184,33.131963348388666
test_02185,28.035456085205077
test_02186,22.07218780517578
test_02187,186.0255676269531
test_02188,45.4546028137207
test_02189,34.88038940429688
test_02190,46.714411163330084
test_02191,32.38217468261719
test_02192,58.115063476562504
test_02193,66.80538635253906
test_02194,100.45228881835936
test_02195,16.211351776123045
test_02196,19.63745956420898
test_02197,29.825792694091795
test_02198,130.54509887695312
test_02199,117.38392028808593
test_02200,10.376975250244142
test_02201,15.743894958496094
test_02202,11.126588439941406
test_02203,13.652619934082033
test_02204,27.330944824218754
test_02205,54.36080703735352
test_02206,52.030082702636726
test_02207,17.68923873901367
test_02208,44.683710479736334
test_02209,64.07428436279297
test_02210,43.79548263549805
test_02211,63.18540802001954
test_02212,90.98795928955077
test_02213,4.981866455078125
test_02214,12.013542175292969
test_02215,9.220574951171875
test_02216,10.028596496582033
test_02217,16.45508575439453
test_02218,19.379030609130858
test_02219,7.279936218261719
test_02220,13.423651123046875
test_02221,13.85147705078125
test_02222,112.34103698730468
test_02223,34.050027465820314
test_02224,13.96558074951172
test_02225,42.06532974243164
test_02226,13.336715698242188
test_02227,7.992878723144531
test_02228,11.334672546386718
test_02229,19.844241333007815
test_02230,31.36912384033203
test_02231,107.75538024902345
test_02232,82.49017028808595
test_02233,48.21459350585937
test_02234,25.537517547607422
test_02235,17.588324737548827
test_02236,9.069207763671875
test_02237,17.031732940673827
test_02238,76.046826171875
test_02239,134.55990295410157
test_02240,19.73024139404297
test_02241,137.17359619140626
test_02242,21.467572021484372
test_02243,8.610696411132812
test_02244,8.960939025878908
test_02245,19.26697692871094
test_02246,198.41225891113282
test_02247,148.0288818359375
test_02248,54.446353149414065
test_02249,34.568555450439455
test_02250,77.17308349609375
test_02251,80.76715698242188
test_02252,41.33521957397461
test_02253,12.586949157714844
test_02254,61.05756607055664
test_02255,119.0963165283203
test_02256,76.1528533935547
test_02257,103.38258209228516
test_02258,150.41305541992188
test_02259,250.89992065429686
test_02260,97.33614196777344
test_02261,69.61445617675781
test_02262,54.10065689086914
test_02263,179.28658447265624
test_02264,122.83123779296875
test_02265,34.97290573120117
test_02266,7.926223754882811
test_02267,18.691591644287108
test_02268,24.21314392089844
test_02269,7.152772521972656
test_02270,34.61964874267578
test_02271,4.1702880859375
test_02272,29.58116836547852
test_02273,6.503115844726563
test_02274,9.336178588867188
test_02275,67.99736022949219
test_02276,133.16888427734375
test_02277,297.02894287109376
test_02278,213.58849487304684
test_02279,163.8418731689453
test_02280,67.45811157226562
test_02281,14.450477600097656
test_02282,44.30441131591797
test_02283,162.7029541015625
test_02284,75.80320434570312
test_02285,62.28073959350586
test_02286,51.811669158935544
test_02287,64.11805038452148
test_02288,13.92599639892578
test_02289,65.65717468261718
test_02290,130.49836120605468
test_02291,182.92733154296874
test_02292,22.00482940673828
test_02293,47.35292510986328
test_02294,8.823114013671875
test_02295,8.865974426269531
test_02296,9.917021179199219
test_02297,79.31300048828125
test_02298,94.28892517089844
test_02299,217.48373413085938
test_02300,33.089368438720705
test_02301,49.79334259033203
test_02302,79.31653900146485
test_02303,8.161802673339842
test_02304,31.80457229614258
test_02305,63.25751647949218
test_02306,286.9838928222656
test_02307,108.27679138183593
test_02308,14.130728149414061
test_02309,45.48029403686523
test_02310,133.5608642578125
test_02311,13.54624786376953
test_02312,16.078197479248047
test_02313,45.61189041137695
test_02314,202.40085754394534
test_02315,11.624453735351562
test_02316,11.217669677734374
test_02317,7.2072387695312505
test_02318,24.35242614746094
test_02319,68.3337188720703
test_02320,103.50171813964843
test_02321,74.20431060791014
test_02322,386.7461181640625
test_02323,393.1339477539062
test_02324,9.495198059082032
test_02325,34.18512954711914
test_02326,137.53134460449218
test_02327,153.17123107910157
test_02328,18.483305358886717
test_02329,52.07691040039063
test_02330,22.93258361816406
test_02331,42.60207595825195
test_02332,123.34588928222655
test_02333,316.530029296875
test_02334,288.1795288085938
test_02335,144.67287597656252
test_02336,85.36543884277344
test_02337,245.9949951171875
test_02338,132.83135986328125
test_02339,146.20172729492185
test_02340,35.1228889465332
test_02341,13.624920654296876
test_02342,6.308407592773437
test_02343,50.42873077392578
test_02344,20.430377197265624
test_02345,15.631906127929689
test_02346,11.505990600585939
test_02347,84.30732269287108
test_02348,139.5359313964844
test_02349,153.6716735839844
test_02350,36.76542358398438
test_02351,8.439765930175781
test_02352,36.93480377197265
test_02353,13.026333618164063
test_02354,11.564376831054688
test_02355,22.300086212158202
test_02356,82.49292602539063
test_02357,184.31626892089844
test_02358,6.12034912109375
test_02359,221.10497436523434
test_02360,8.697639465332031
test_02361,12.405165100097657
test_02362,63.97431793212891
test_02363,8.171034240722658
test_02364,33.165567779541014
test_02365,51.479695892333986
test_02366,236.48919067382815
test_02367,8.689900207519532
test_02368,8.7763916015625
test_02369,85.71988067626953
test_02370,7.319281005859375
test_02371,8.699261474609374
test_02372,10.512835693359374
test_02373,129.21593017578124
test_02374,85.13825988769531
test_02375,125.38595275878906
test_02376,221.46231079101562
test_02377,234.84010009765626
test_02378,5.8751983642578125
test_02379,28.888119506835935
test_02380,104.34333190917968
test_02381,5.987478637695313
test_02382,23.745865631103516
test_02383,95.02142944335937
test_02384,17.64624786376953
test_02385,22.591931915283205
test_02386,33.717987823486325
test_02387,20.910330963134765
test_02388,55.85917510986329
test_02389,12.175126647949218
test_02390,204.56747436523438
test_02391,117.7715118408203
test_02392,398.22602539062495
test_02393,63.35591735839844
test_02394,50.64879608154297
test_02395,122.2928237915039
test_02396,10.043885803222656
test_02397,6.4141906738281245
test_02398,10.418667602539063
test_02399,19.074848937988282
test_02400,97.13177490234375
test_02401,9.212976074218748
test_02402,122.24407348632813
test_02403,268.75360107421875
test_02404,280.34039306640625
test_02405,61.273504638671874
test_02406,45.80104751586914
test_02407,51.1914047241211
test_02408,126.88177032470702
test_02409,51.232661437988284
test_02410,13.792741394042968
test_02411,29.544873046874997
test_02412,31.835517883300785
test_02413,11.125379943847657
test_02414,48.770869445800784
test_02415,9.651321411132812
test_02416,9.061227416992187
test_02417,116.51704101562501
test_02418,83.44951019287109
test_02419,5.745242309570313
test_02420,17.382424926757814
test_02421,64.94348907470703
test_02422,86.05043487548829
test_02423,104.42141723632812
test_02424,23.669092559814455
test_02425,12.91039581298828
test_02426,59.566970062255855
test_02427,63.7003646850586
test_02428,37.4051383972168
test_02429,86.47353515625
test_02430,53.72228012084961
test_02431,39.72626571655273
test_02432,85.4375
test_02433,8.27953643798828
test_02434,15.833514404296874
test_02435,30.55954360961914
test_02436,58.282284545898435
test_02437,78.42913208007812
test_02438,54.01525268554687
test_02439,26.729388427734378
test_02440,67.65615539550781
test_02441,63.67909774780273
test_02442,80.32477111816407
test_02443,89.37418823242189
test_02444,99.51043548583985
test_02445,62.87387542724609
test_02446,124.70634765625
test_02447,190.29604492187502
test_02448,42.83267593383789
test_02449,9.545484924316407
test_02450,27.029991912841794
test_02451,44.516301727294916
test_02452,16.725985717773437
test_02453,28.438864898681643
test_02454,93.77467041015625
test_02455,22.86165542602539
test_02456,40.40080490112305
test_02457,146.51776733398438
test_02458,17.855258178710937
test_02459,31.593946838378905
test_02460,55.01259078979493
test_02461,32.01418533325195
test_02462,42.085079956054685
test_02463,46.419855499267584
test_02464,79.8108413696289
test_02465,120.88297119140626
test_02466,89.71982421875
test_02467,72.57358856201172
test_02468,79.34440155029296
test_02469,44.27352066040039
test_02470,11.876426696777344
test_02471,20.16307373046875
test_02472,83.0323989868164
test_02473,34.111610412597656
test_02474,8.077714538574218
test_02475,100.32708587646485
test_02476,42.93850784301758
test_02477,30.920201110839844
test_02478,46.244081878662115
test_02479,93.0610076904297
test_02480,73.09169464111328
test_02481,62.21973419189453
test_02482,129.16985168457032
test_02483,88.8942657470703
test_02484,169.28854980468748
test_02485,36.30892486572266
test_02486,7.689067077636719
test_02487,58.220768737792966
test_02488,61.43042449951172
test_02489,64.13091888427735
test_02490,12.603831481933595
test_02491,26.926181030273437
test_02492,32.92965316772461
test_02493,46.10724563598633
test_02494,120.03522338867188
test_02495,83.68533325195312
test_02496,177.58185424804685
test_02497,59.57398834228516
test_02498,150.29276123046873
test_02499,12.026696777343751
test_02500,18.111222076416016
test_02501,31.709523010253907
test_02502,66.01399230957031
test_02503,95.18995971679686
test_02504,107.6752914428711
test_02505,48.036583709716794
test_02506,36.03364105224609
test_02507,42.95762252807617
test_02508,135.8374450683594
test_02509,59.812123870849604
test_02510,85.34454345703125
test_02511,74.92405548095704
test_02512,58.559147644042966
test_02513,68.6327621459961
test_02514,117.79183502197267
test_02515,87.06437988281249
test_02516,66.17247314453125
test_02517,18.606166076660156
test_02518,55.98251495361328
test_02519,35.16391220092773
test_02520,31.979364776611327
test_02521,94.47842712402343
test_02522,95.51274566650389
test_02523,94.74640045166015
test_02524,10.950872802734374
test_02525,35.77495498657227
test_02526,67.1115982055664
test_02527,139.61395874023438
test_02528,127.49607543945314
test_02529,24.801180267333983
test_02530,45.89678039550781
test_02531,8.755541992187501
test_02532,130.20989685058595
test_02533,120.96028137207031
test_02534,31.661750030517574
test_02535,55.648258209228516
test_02536,167.29666748046873
test_02537,92.60915679931641
test_02538,105.84946746826171
test_02539,69.37112121582031
test_02540,138.0010528564453
test_02541,22.94886169433594
test_02542,43.121368408203125
test_02543,59.66613082885742
test_02544,72.60653686523438
test_02545,84.49185638427736
test_02546,50.7339599609375
test_02547,28.979824829101563
test_02548,17.085581970214843
test_02549,14.300799560546874
test_02550,29.86593551635742
test_02551,88.76420440673829
test_02552,56.37840881347657
test_02553,32.96120681762695
test_02554,69.32748565673828
test_02555,66.86004028320312
test_02556,39.07947540283203
test_02557,84.54284210205077
test_02558,97.68360748291015
test_02559,6.86331787109375
test_02560,32.26911697387695
test_02561,12.168368530273437
test_02562,22.457548522949217
test_02563,39.27431411743164
test_02564,23.826770782470703
test_02565,7.862556457519531
test_02566,8.500599670410157
test_02567,13.155026245117188
test_02568,133.3448699951172
test_02569,37.29973220825195
test_02570,11.813688659667967
test_02571,41.39750442504883
test_02572,10.216543579101561
test_02573,6.9239044189453125
test_02574,11.540248107910156
test_02575,33.688733673095705
test_02576,45.49717483520507
test_02577,65.64720306396484
test_02578,53.71440124511719
test_02579,164.53742370605468
test_02580,36.07391891479492
test_02581,25.045285797119142
test_02582,9.504299926757813
test_02583,39.918759155273435
test_02584,56.62174835205079
test_02585,87.91683349609374
test_02586,127.74115600585938
test_02587,28.158174133300783
test_02588,195.92477111816407
test_02589,29.614481353759768
test_02590,10.043736267089844
test_02591,7.699526977539063
test_02592,45.23080062866211
test_02593,84.41268005371094
test_02594,220.820263671875
test_02595,188.1197723388672
test_02596,94.00431823730469
test_02597,43.15123672485352
test_02598,61.847528076171876
test_02599,55.80654602050782
test_02600,45.66118621826172
test_02601,13.571971130371093
test_02602,50.19533920288086
test_02603,156.7908172607422
test_02604,54.22560424804688
test_02605,133.623681640625
test_02606,260.46318969726565
test_02607,113.09967956542968
test_02608,103.28669891357421
test_02609,43.3904426574707
test_02610,151.23452758789062
test_02611,28.344039154052737
test_02612,43.084809112548825
test_02613,7.577030944824219
test_02614,25.555301666259766
test_02615,58.689630889892584
test_02616,113.24354095458983
test_02617,4.8298828125
test_02618,67.33879852294922
test_02619,5.975798034667969
test_02620,27.42705459594727
test_02621,8.100233459472657
test_02622,12.689218139648437
test_02623,74.10431518554688
test_02624,156.35923461914064
test_02625,304.75263671875
test_02626,257.607568359375
test_02627,123.03752441406249
test_02628,109.15035858154297
test_02629,9.153572082519531
test_02630,89.33672943115235
test_02631,226.18984985351562
test_02632,33.02080078125
test_02633,65.2829086303711
test_02634,57.9335334777832
test_02635,12.199141693115234
test_02636,15.228945922851564
test_02637,91.32470245361327
test_02638,63.81505584716797
test_02639,183.95331420898438
test_02640,24.971866607666016
test_02641,75.20479278564453
test_02642,8.444061279296875
test_02643,8.210826110839843
test_02644,8.25934295654297
test_02645,88.01020202636718
test_02646,203.45677795410154
test_02647,251.668896484375
test_02648,16.673082733154295
test_02649,150.2386505126953
test_02650,105.45596160888672
test_02651,9.123840332031248
test_02652,123.08348083496094
test_02653,225.96704711914063
test_02654,507.3376525878906
test_02655,67.19757690429688
test_02656,38.817385864257815
test_02657,134.5201904296875
test_02658,222.24732666015623
test_02659,8.715248107910156
test_02660,18.84093246459961
test_02661,182.55074462890627
test_02662,230.45263061523437
test_02663,9.443055725097656
test_02664,10.916757202148437
test_02665,7.978376770019531
test_02666,85.19490203857421
test_02667,267.6451293945313
test_02668,199.54360351562502
test_02669,257.77152709960933
test_02670,368.5870666503906
test_02671,402.6428527832031
test_02672,9.771936035156248
test_02673,86.86397399902344
test_02674,139.8597412109375
test_02675,190.31998291015623
test_02676,12.514143371582032
test_02677,132.9279541015625
test_02678,12.176866149902343
test_02679,390.41204223632815
test_02680,354.79991455078124
test_02681,119.21974182128906
test_02682,345.08392333984375
test_02683,482.54135742187503
test_02684,260.5519592285156
test_02685,244.91995849609373
test_02686,160.8045684814453
test_02687,18.864040374755856
test_02688,12.22969665527344
test_02689,9.000437927246093
test_02690,16.814497375488283
test_02691,56.63890380859376
test_02692,8.610556030273438
test_02693,29.9365119934082
test_02694,67.90403594970704
test_02695,134.95994262695314
test_02696,181.23480834960935
test_02697,60.07720489501953
test_02698,6.762632751464843
test_02699,66.99711151123047
test_02700,9.3869873046875
test_02701,21.22667465209961
test_02702,131.9262451171875
test_02703,195.81636657714847
test_02704,324.42645874023435
test_02705,8.875923156738281
test_02706,404.0763305664063
test_02707,8.457977294921875
test_02708,7.771131896972657
test_02709,97.60347137451171
test_02710,5.793521118164063
test_02711,39.5520751953125
test_02712,71.00231628417968
test_02713,281.8549682617188
test_02714,6.534526062011719
test_02715,10.610620117187501
test_02716,47.22741470336915
test_02717,6.278167724609375
test_02718,7.868466186523438
test_02719,9.511209106445312
test_02720,84.56321868896484
test_02721,134.83226623535157
test_02722,180.8650360107422
test_02723,258.36192626953124
test_02724,292.2333679199219
test_02725,6.578890991210937
test_02726,83.80928039550781
test_02727,179.4158630371094
test_02728,8.962042236328125
test_02729,65.43199920654297
test_02730,15.537955474853515
test_02731,35.72587661743164
test_02732,19.576004791259766
test_02733,22.697650909423828
test_02734,93.69895782470702
test_02735,6.388226318359374
test_02736,208.33865356445307
test_02737,414.40813598632815
test_02738,41.03932495117188
test_02739,33.98682556152343
test_02740,123.38473205566405
test_02741,7.802981567382812
test_02742,7.368655395507812
test_02743,12.370555114746093
test_02744,9.256585693359375
test_02745,224.62635498046876
test_02746,73.9370361328125
test_02747,328.63251953125
test_02748,270.07529907226564
test_02749,48.21040496826171
test_02750,46.86037139892578
test_02751,38.93404006958008
test_02752,129.22918090820312
test_02753,63.25281066894531
test_02754,12.168519592285156
test_02755,36.060951232910156
test_02756,64.19890594482422
test_02757,16.511642456054688
test_02758,54.7050506591797
test_02759,6.920306396484374
test_02760,8.611619567871093
test_02761,113.76922607421875
test_02762,124.81185913085938
test_02763,14.631808471679687
test_02764,19.866297912597656
test_02765,72.74471740722656
test_02766,86.68475341796875
test_02767,54.859840393066406
test_02768,8.911570739746093
test_02769,83.92233428955078
test_02770,62.98829956054688
test_02771,43.60764770507812
test_02772,108.28829193115234
test_02773,11.894059753417968
test_02774,32.349656677246095
test_02775,104.55110168457031
test_02776,20.950360107421876
test_02777,29.676228332519532
test_02778,52.80274505615235
test_02779,73.2386489868164
test_02780,36.71356964111328
test_02781,15.397869873046876
test_02782,45.482933807373044
test_02783,52.87595977783203
test_02784,69.65662384033203
test_02785,86.35915985107422
test_02786,71.47429504394532
test_02787,53.526153564453125
test_02788,160.95132446289062
test_02789,205.75507202148435
test_02790,9.735940551757812
test_02791,44.34553985595703
test_02792,13.643652343749999
test_02793,17.678364562988282
test_02794,48.61521606445312
test_02795,17.256350708007812
test_02796,35.337745666503906
test_02797,127.02642211914062
test_02798,22.83607177734375
test_02799,34.1733039855957
test_02800,68.45738220214844
test_02801,25.001573944091795
test_02802,42.35188522338868
test_02803,44.83595199584961
test_02804,83.3101577758789
test_02805,104.85265502929687
test_02806,55.92632369995117
test_02807,38.044850921630854
test_02808,63.08769226074219
test_02809,23.048944091796876
test_02810,12.344778442382813
test_02811,13.423190307617187
test_02812,98.94764404296876
test_02813,46.334841918945315
test_02814,10.252894592285156
test_02815,84.20988464355469
test_02816,37.93399276733399
test_02817,28.506956481933592
test_02818,42.04494400024414
test_02819,71.54960479736329
test_02820,98.98570861816405
test_02821,44.624488067626956
test_02822,144.72411499023437
test_02823,78.55640106201173
test_02824,168.49583129882814
test_02825,37.4772819519043
test_02826,5.568698120117188
test_02827,65.28294830322265
test_02828,25.0514518737793
test_02829,53.43731689453125
test_02830,14.379583740234375
test_02831,13.819564819335938
test_02832,21.88694610595703
test_02833,23.239133453369142
test_02834,71.01734466552735
test_02835,78.49553680419922
test_02836,147.3353759765625
test_02837,49.98179016113281
test_02838,177.80413818359375
test_02839,15.473423767089844
test_02840,23.965486907958983
test_02841,67.42713928222656
test_02842,94.04356994628905
test_02843,65.1767791748047
test_02844,94.38889923095704
test_02845,42.30485916137695
test_02846,11.073672485351562
test_02847,93.05293731689454
test_02848,120.0374008178711
test_02849,112.97672119140626
test_02850,37.31108093261719
test_02851,54.032508850097656
test_02852,129.29490509033204
test_02853,89.40242767333984
test_02854,89.91318359375
test_02855,16.46321258544922
test_02856,33.25483779907226
test_02857,33.625849914550784
test_02858,24.43622817993164
test_02859,69.58724517822266
test_02860,77.31258850097657
test_02861,14.010120391845703
test_02862,25.76199493408203
test_02863,75.74634094238282
test_02864,76.87577209472656
test_02865,110.37619323730469
test_02866,36.90572280883789
test_02867,53.61174621582031
test_02868,8.783465576171874
test_02869,97.40173034667968
test_02870,183.02513122558594
test_02871,41.30296478271484
test_02872,50.44804611206055
test_02873,68.29338989257812
test_02874,102.51430664062501
test_02875,171.03348693847659
test_02876,69.3822006225586
test_02877,101.49381103515626
test_02878,18.9886474609375
test_02879,16.212046813964843
test_02880,37.9410285949707
test_02881,86.62212982177735
test_02882,98.43973693847656
test_02883,49.38581466674805
test_02884,22.201924896240232
test_02885,10.556906127929688
test_02886,18.855104064941404
test_02887,43.1158187866211
test_02888,64.44331359863281
test_02889,34.84472808837891
test_02890,24.045194244384767
test_02891,27.277530670166016
test_02892,55.235173034667966
test_02893,82.85221557617187
test_02894,71.49737548828125
test_02895,147.710595703125
test_02896,7.098635864257813
test_02897,19.90605773925781
test_02898,6.291007995605469
test_02899,7.4518386840820305
test_02900,16.325907897949218
test_02901,25.778984832763673
test_02902,9.493072509765625
test_02903,11.854531860351564
test_02904,12.033489990234376
test_02905,27.895617675781253
test_02906,15.068609619140625
test_02907,36.83497924804688
test_02908,12.604837036132812
test_02909,9.555130004882812
test_02910,10.920246887207032
test_02911,24.096500396728516
test_02912,35.11223602294922
test_02913,91.09022216796875
test_02914,156.74118041992188
test_02915,25.286766052246094
test_02916,18.115755462646483
test_02917,10.688108825683592
test_02918,27.869727325439456
test_02919,35.24887924194336
test_02920,58.311947631835935
test_02921,119.23294067382812
test_02922,16.110548400878905
test_02923,182.2060546875
test_02924,31.709693145751956
test_02925,10.365507507324217
test_02926,8.562911987304688
test_02927,31.042676544189455
test_02928,71.97021179199218
test_02929,215.26633300781248
test_02930,163.90078735351562
test_02931,38.445123291015626
test_02932,54.023590087890625
test_02933,83.49405364990234
test_02934,88.66988830566407
test_02935,79.23085021972656
test_02936,16.604383850097655
test_02937,40.92859954833985
test_02938,151.4504608154297
test_02939,87.30919647216797
test_02940,118.40901184082031
test_02941,201.43395385742184
test_02942,172.0910217285156
test_02943,139.73760375976562
test_02944,77.14598083496094
test_02945,47.790120697021486
test_02946,160.8310974121094
test_02947,79.53987274169921
test_02948,30.81503372192383
test_02949,5.675981140136718
test_02950,17.77477264404297
test_02951,37.47493057250976
test_02952,62.56372909545898
test_02953,4.6645446777343755
test_02954,5.99495849609375
test_02955,22.075319671630858
test_02956,16.867639923095705
test_02957,7.88248291015625
test_02958,72.21391906738282
test_02959,131.2226318359375
test_02960,284.7050964355469
test_02961,145.64901733398438
test_02962,119.21591033935546
test_02963,92.90092468261719
test_02964,7.7725479125976555
test_02965,76.55790405273437
test_02966,157.38950805664064
test_02967,93.91648864746094
test_02968,48.491763305664065
test_02969,56.614994812011716
test_02970,55.121089172363284
test_02971,11.820584106445313
test_02972,77.52917175292968
test_02973,127.91264038085937
test_02974,165.04197692871094
test_02975,41.580561828613284
test_02976,66.59916381835937
test_02977,9.068003845214843
test_02978,7.083311462402344
test_02979,9.710676574707032
test_02980,84.79252319335937
test_02981,137.83449401855466
test_02982,210.62118530273432
test_02983,12.737347412109374
test_02984,65.23131256103515
test_02985,110.35561828613281
test_02986,6.9195098876953125
test_02987,57.20868072509766
test_02988,133.51641845703125
test_02989,478.3701232910156
test_02990,271.68255615234375
test_02991,53.119475555419925
test_02992,40.63713150024414
test_02993,133.71592712402344
test_02994,12.090061950683594
test_02995,13.450465393066406
test_02996,56.89130172729492
test_02997,189.63178100585938
test_02998,8.40773162841797
test_02999,7.896963500976563
test_03000,7.843673706054687
test_03001,41.426963806152344
test_03002,216.98167114257814
test_03003,99.12616577148438
test_03004,76.66678161621094
test_03005,369.21457519531253
test_03006,419.5139526367187
test_03007,15.40149383544922
test_03008,49.098574066162115
test_03009,131.5531433105469
test_03010,195.0050720214844
test_03011,9.146347045898438
test_03012,121.56106262207032
test_03013,8.69506378173828
test_03014,154.54617309570312
test_03015,204.7176086425781
test_03016,382.6894897460938
test_03017,334.23717041015624
test_03018,192.31246948242188
test_03019,408.81862182617186
test_03020,274.85133056640626
test_03021,251.8686096191406
test_03022,173.84136962890625
test_03023,26.503130340576174
test_03024,11.758369445800781
test_03025,10.384744262695312
test_03026,37.569924926757814
test_03027,25.743752288818357
test_03028,10.286134338378908
test_03029,30.298271942138673
test_03030,62.48158569335938
test_03031,122.40721588134767
test_03032,204.0353942871094
test_03033,84.03685760498047
test_03034,7.241923522949218
test_03035,90.91080780029297
test_03036,17.429197692871092
test_03037,13.675021362304689
test_03038,92.27698516845703
test_03039,137.40093383789062
test_03040,248.17172241210935
test_03041,10.434091186523435
test_03042,547.728515625
test_03043,6.738777160644531
test_03044,9.16381378173828
test_03045,90.77653198242189
test_03046,8.758775329589843
test_03047,25.220043182373047
test_03048,75.18546905517579
test_03049,282.2041870117188
test_03050,7.859281921386719
test_03051,14.133714294433592
test_03052,103.90737915039062
test_03053,8.03131103515625
test_03054,7.695213317871094
test_03055,10.914582824707031
test_03056,65.94828033447266
test_03057,167.79107055664065
test_03058,192.42565002441407
test_03059,281.22349243164064
test_03060,266.9802734375
test_03061,8.718972778320312
test_03062,73.35015258789062
test_03063,152.83721313476562
test_03064,5.782408142089844
test_03065,72.40725250244141
test_03066,83.19523773193359
test_03067,18.331295013427734
test_03068,21.00469207763672
test_03069,15.583102416992187
test_03070,17.566193389892575
test_03071,100.63443756103517
test_03072,9.07398681640625
test_03073,182.02572631835938
test_03074,132.16590576171876
test_03075,85.11466217041016
test_03076,42.23680419921875
test_03077,118.51296997070311
test_03078,8.769789123535155
test_03079,4.991926574707032
test_03080,11.071502685546875
test_03081,13.95731658935547
test_03082,98.06239013671876
test_03083,7.9823760986328125
test_03084,96.31167907714843
test_03085,291.90813598632815
test_03086,268.4610656738281
test_03087,65.44230041503906
test_03088,41.15045776367188
test_03089,48.59026184082032
test_03090,121.55401458740235
test_03091,55.84819030761719
test_03092,8.958470153808594
test_03093,34.88746719360351
test_03094,34.372826385498044
test_03095,15.473204040527342
test_03096,53.32124786376953
test_03097,9.978288269042968
test_03098,10.639863586425783
test_03099,121.13652343749999
test_03100,66.43939514160157
test_03101,8.17802734375
test_03102,9.412751770019533
test_03103,105.76828308105468
test_03104,133.1968566894531
test_03105,114.69168243408203
test_03106,36.40389480590821
test_03107,20.303084564208984
test_03108,78.7500015258789
test_03109,81.93918914794921
test_03110,45.392324066162104
test_03111,76.10182037353516
test_03112,64.45734100341798
test_03113,37.21941909790039
test_03114,104.38545227050781
test_03115,16.464865112304686
test_03116,30.659052276611327
test_03117,64.30361938476562
test_03118,90.06167907714844
test_03119,11.570838928222656
test_03120,43.60216751098633
test_03121,47.93247528076172
test_03122,64.27669372558594
test_03123,64.72383270263671
test_03124,97.74997253417968
test_03125,57.79622955322266
test_03126,161.85823974609374
test_03127,27.072528076171874
test_03128,10.7991455078125
test_03129,11.67198486328125
test_03130,46.38496246337891
test_03131,21.14504547119141
test_03132,22.29792709350586
test_03133,59.22959289550781
test_03134,20.027447509765626
test_03135,41.37730865478517
test_03136,105.96265869140623
test_03137,26.491390228271484
test_03138,37.67503662109375
test_03139,51.04556884765625
test_03140,40.47477493286133
test_03141,44.68717727661132
test_03142,41.64190521240234
test_03143,75.09903717041016
test_03144,107.3179931640625
test_03145,77.6503662109375
test_03146,74.71262969970704
test_03147,78.43012390136718
test_03148,46.651997375488286
test_03149,12.909944152832031
test_03150,24.72119064331055
test_03151,80.28626556396483
test_03152,37.708031463623044
test_03153,15.304215240478516
test_03154,97.99878692626952
test_03155,38.67569198608398
test_03156,32.15729522705078
test_03157,48.41033630371095
test_03158,88.53536529541016
test_03159,66.82794494628907
test_03160,84.23193817138672
test_03161,120.41980438232422
test_03162,86.85418701171875
test_03163,197.0505249023437
test_03164,33.880615234375
test_03165,4.51893310546875
test_03166,74.5422607421875
test_03167,82.03860473632812
test_03168,50.25958251953125
test_03169,14.881060791015624
test_03170,28.07917098999024
test_03171,40.717749786376956
test_03172,45.41884536743164
test_03173,104.20084228515626
test_03174,100.78648376464844
test_03175,174.56990966796877
test_03176,65.43273315429687
test_03177,147.67357177734374
test_03178,8.325787353515624
test_03179,29.92700958251953
test_03180,60.20578384399414
test_03181,103.40993652343751
test_03182,107.52686462402343
test_03183,67.44607543945312
test_03184,27.454770660400385
test_03185,37.2958869934082
test_03186,101.20641326904297
test_03187,55.92583923339844
test_03188,85.93405303955078
test_03189,74.14576110839843
test_03190,71.70169677734376
test_03191,66.4908233642578
test_03192,115.45503540039061
test_03193,90.4595962524414
test_03194,58.186955261230466
test_03195,31.449325561523438
test_03196,40.22753372192383
test_03197,29.83161773681641
test_03198,34.91936111450195
test_03199,98.43017120361328
test_03200,99.42315979003907
test_03201,101.54910583496093
test_03202,9.41666564941406
test_03203,33.76304168701172
test_03204,60.815164184570314
test_03205,164.74459228515624
test_03206,123.29701538085938
test_03207,26.138499450683597
test_03208,46.545476531982416
test_03209,5.981706237792968
test_03210,93.83506927490234
test_03211,123.43753356933594
test_03212,46.46554183959961
test_03213,62.638710021972656
test_03214,151.3748748779297
test_03215,90.29693908691407
test_03216,91.89049224853517
test_03217,82.95218353271484
test_03218,129.97766723632813
test_03219,21.321746826171875
test_03220,55.83089218139648
test_03221,68.2094223022461
test_03222,71.56564636230469
test_03223,51.803775024414065
test_03224,31.27151489257812
test_03225,21.785816955566407
test_03226,12.615554809570312
test_03227,31.990567016601563
test_03228,95.43759155273438
test_03229,57.322903442382824
test_03230,36.60923080444336
test_03231,67.08328399658203
test_03232,72.99633483886718
test_03233,32.10618286132813
test_03234,88.00335998535157
test_03235,113.54189453125
test_03236,6.488459777832031
test_03237,28.812586975097652
test_03238,6.855513000488281
test_03239,24.499830627441405
test_03240,45.73556671142579
test_03241,30.933108520507815
test_03242,7.030697631835938
test_03243,17.30698165893555
test_03244,16.740550231933593
test_03245,123.11043853759767
test_03246,35.812147521972655
test_03247,19.201619720458986
test_03248,42.09005966186523
test_03249,8.71846160888672
test_03250,8.779046630859376
test_03251,13.232344055175782
test_03252,33.0770278930664
test_03253,33.92430953979492
test_03254,56.63526077270508
test_03255,76.48484649658204
test_03256,143.01018676757812
test_03257,33.70781326293945
test_03258,32.57274627685547
test_03259,13.731257629394532
test_03260,16.526001739501954
test_03261,50.52927856445312
test_03262,85.32265014648436
test_03263,89.53453674316407
test_03264,41.72070236206055
test_03265,194.26692810058594
test_03266,35.07276458740235
test_03267,13.566127014160156
test_03268,7.696261596679687
test_03269,50.65500335693359
test_03270,86.05364532470703
test_03271,216.06663208007814
test_03272,198.94708557128905
test_03273,99.7455810546875
test_03274,45.51482009887695
test_03275,55.876454925537104
test_03276,50.69080657958985
test_03277,45.93766632080079
test_03278,17.685435485839843
test_03279,46.14240951538086
test_03280,127.08854370117187
test_03281,57.015098571777344
test_03282,122.59595336914063
test_03283,211.589111328125
test_03284,137.8953369140625
test_03285,118.5560546875
test_03286,102.54065856933593
test_03287,47.962763977050784
test_03288,160.34483032226564
test_03289,33.62861633300781
test_03290,42.51993865966797
test_03291,6.49337158203125
test_03292,19.91113662719727
test_03293,57.44096527099609
test_03294,126.20713806152344
test_03295,8.062191772460938
test_03296,66.44856567382813
test_03297,6.712409973144531
test_03298,24.395222473144536
test_03299,15.493235778808595
test_03300,11.245143127441406
test_03301,69.64305572509765
test_03302,133.39462890625
test_03303,258.14426879882814
test_03304,215.15720825195308
test_03305,118.42660369873047
test_03306,105.88823242187499
test_03307,9.758352661132813
test_03308,84.2955825805664
test_03309,188.60480041503905
test_03310,106.86946716308593
test_03311,60.19358520507812
test_03312,55.00093078613281
test_03313,28.604452514648436
test_03314,15.822404479980468
test_03315,79.65511322021484
test_03316,67.12747039794922
test_03317,200.36546020507814
test_03318,27.949493408203125
test_03319,65.42687072753907
test_03320,8.401286315917968
test_03321,8.44279479980469
test_03322,31.93903427124023
test_03323,92.60745239257812
test_03324,201.12835693359375
test_03325,277.41209716796874
test_03326,18.71134490966797
test_03327,108.7097152709961
test_03328,141.49266967773437
test_03329,7.673786926269531
test_03330,108.62097473144532
test_03331,243.28712768554684
test_03332,413.70245971679685
test_03333,81.38885040283202
test_03334,35.68554077148437
test_03335,126.45025939941405
test_03336,228.49047241210934
test_03337,8.746998596191407
test_03338,31.15442657470703
test_03339,165.5784423828125
test_03340,230.266357421875
test_03341,9.482691955566407
test_03342,13.780857849121094
test_03343,7.045565795898439
test_03344,205.72690429687498
test_03345,274.3051513671875
test_03346,208.31202392578123
test_03347,211.48001098632812
test_03348,353.4773864746094
test_03349,389.7868225097656
test_03350,13.63458251953125
test_03351,76.25365447998047
test_03352,125.0017059326172
test_03353,173.49616088867185
test_03354,13.379968261718751
test_03355,144.19556274414063
test_03356,12.75072784423828
test_03357,309.57612915039067
test_03358,294.1489624023437
test_03359,345.6740661621094
test_03360,107.11585845947266
test_03361,344.17380981445314
test_03362,475.7585144042969
test_03363,246.78199462890626
test_03364,144.4864501953125
test_03365,217.23494873046874
test_03366,23.449902343749997
test_03367,12.066539001464843
test_03368,5.277684020996094
test_03369,68.98672637939453
test_03370,82.48666076660156
test_03371,12.903350830078125
test_03372,24.514691925048826
test_03373,66.18207092285157
test_03374,35.01408233642578
test_03375,154.38927612304687
test_03376,58.155786132812494
test_03377,5.8683929443359375
test_03378,61.926777648925786
test_03379,5.819888305664063
test_03380,20.314546203613283
test_03381,95.87409820556641
test_03382,171.84130249023437
test_03383,307.73344726562505
test_03384,6.422343444824219
test_03385,322.18927612304685
test_03386,8.642657470703124
test_03387,9.430836486816407
test_03388,96.11047668457032
test_03389,4.82530517578125
test_03390,51.2909553527832
test_03391,105.28803100585938
test_03392,325.8615783691406
test_03393,8.025070190429688
test_03394,19.283423614501956
test_03395,46.604939270019536
test_03396,13.762419128417967
test_03397,10.143699645996094
test_03398,10.921548461914062
test_03399,63.425451660156256
test_03400,119.52643737792968
test_03401,189.83016967773438
test_03402,202.58787536621094
test_03403,253.07667846679686
test_03404,6.447836303710938
test_03405,82.98338775634765
test_03406,130.28001098632814
test_03407,5.906715393066406
test_03408,64.36473999023437
test_03409,81.34460144042968
test_03410,17.299824523925782
test_03411,36.468352508544925
test_03412,19.098679351806638
test_03413,20.168128204345702
test_03414,104.91387786865235
test_03415,8.104594421386718
test_03416,189.4864074707031
test_03417,206.13803710937498
test_03418,350.0005676269531
test_03419,83.25678405761718
test_03420,57.36786041259766
test_03421,105.33380584716798
test_03422,5.938973999023437
test_03423,6.425283813476563
test_03424,7.141331481933594
test_03425,15.081336975097656
test_03426,104.36773376464845
test_03427,8.58424072265625
test_03428,95.59974822998048
test_03429,250.41729125976565
test_03430,338.5915771484375
test_03431,79.7412338256836
test_03432,51.93522567749024
test_03433,51.16695251464844
test_03434,113.20864562988281
test_03435,55.682622528076166
test_03436,14.800933837890625
test_03437,23.700144195556643
test_03438,45.60611190795898
test_03439,14.391001892089843
test_03440,54.4017448425293
test_03441,8.510299682617188
test_03442,39.17588500976562
test_03443,92.38689117431642
test_03444,61.85534744262696
test_03445,6.5382232666015625
test_03446,22.298620605468752
test_03447,54.33161010742188
test_03448,105.38704986572266
test_03449,90.82787017822264
test_03450,20.49431381225586
test_03451,9.993531799316408
test_03452,40.944830322265624
test_03453,55.25263977050781
test_03454,34.45011215209961
test_03455,80.33511199951172
test_03456,52.82663269042969
test_03457,27.91129074096679
test_03458,80.65605010986329
test_03459,12.882600402832033
test_03460,16.728065490722656
test_03461,41.42073059082031
test_03462,78.42526702880859
test_03463,61.13425521850586
test_03464,32.1203727722168
test_03465,10.347180175781249
test_03466,34.25733261108398
test_03467,54.51912994384766
test_03468,68.10995483398438
test_03469,82.66481323242188
test_03470,66.81569061279296
test_03471,50.7631088256836
test_03472,161.17919921875
test_03473,188.46476135253909
test_03474,28.655432891845702
test_03475,9.10180206298828
test_03476,26.7822265625
test_03477,49.55075378417969
test_03478,17.212973785400393
test_03479,30.156874847412112
test_03480,54.028200531005865
test_03481,20.55684814453125
test_03482,40.16299591064453
test_03483,173.76552124023436
test_03484,21.338516235351562
test_03485,29.7524772644043
test_03486,52.15512466430664
test_03487,57.961141967773436
test_03488,33.4349967956543
test_03489,45.62512817382813
test_03490,84.82073669433595
test_03491,86.05157928466798
test_03492,71.8096694946289
test_03493,48.69498901367187
test_03494,92.88126525878906
test_03495,55.722293090820315
test_03496,8.860833740234375
test_03497,16.63103256225586
test_03498,51.74826965332031
test_03499,39.18829574584961
test_03500,9.329095458984373
test_03501,88.08211669921874
test_03502,30.082040405273432
test_03503,42.88435287475586
test_03504,41.050191497802736
test_03505,61.58988342285156
test_03506,63.613336181640626
test_03507,75.14140777587892
test_03508,115.81217956542969
test_03509,81.00821533203126
test_03510,171.77915649414064
test_03511,52.86251220703125
test_03512,10.1783935546875
test_03513,40.60312118530274
test_03514,50.965605163574224
test_03515,63.11639862060547
test_03516,15.080519104003905
test_03517,31.465130615234372
test_03518,25.304264831542966
test_03519,29.17360534667969
test_03520,86.15378265380859
test_03521,144.25381469726562
test_03522,62.30430297851562
test_03523,42.98475112915039
test_03524,7.940998840332031
test_03525,13.808595275878906
test_03526,28.52588424682617
test_03527,76.48371276855468
test_03528,96.31134338378907
test_03529,119.29238891601562
test_03530,38.45137100219726
test_03531,21.329052734374997
test_03532,29.653366088867188
test_03533,121.30016326904297
test_03534,46.49145965576172
test_03535,84.03572845458984
test_03536,74.834619140625
test_03537,60.013458251953125
test_03538,52.929846191406256
test_03539,109.21558227539063
test_03540,89.03683319091797
test_03541,65.51074981689453
test_03542,24.839183044433593
test_03543,44.01994552612305
test_03544,37.219302368164065
test_03545,45.409731292724615
test_03546,77.24432220458985
test_03547,143.7451385498047
test_03548,54.86164169311523
test_03549,9.995382690429688
test_03550,31.078679656982423
test_03551,60.74945220947266
test_03552,164.42359924316406
test_03553,179.00552368164062
test_03554,36.49154357910156
test_03555,37.377375793457034
test_03556,7.5505020141601555
test_03557,90.06421508789063
test_03558,122.11439208984376
test_03559,49.71815948486328
test_03560,59.52857971191406
test_03561,93.8545135498047
test_03562,39.82008895874024
test_03563,48.506230163574216
test_03564,63.191508483886714
test_03565,100.4554931640625
test_03566,16.989392852783205
test_03567,48.02093200683595
test_03568,54.588438415527335
test_03569,84.87638549804689
test_03570,107.62781219482423
test_03571,59.40149993896485
test_03572,23.298834228515624
test_03573,14.962020874023438
test_03574,11.269403076171875
test_03575,23.0785774230957
test_03576,69.49327239990234
test_03577,62.782894897460935
test_03578,16.120079040527344
test_03579,61.9822525024414
test_03580,62.45789489746094
test_03581,37.415740966796875
test_03582,112.46249999999999
test_03583,83.15486907958984
test_03584,2.8673477172851562
test_03585,19.255147552490236
test_03586,8.084043884277344
test_03587,20.618660736083985
test_03588,28.19169464111328
test_03589,18.072103881835936
test_03590,6.3298385620117195
test_03591,21.61212844848633
test_03592,15.073510742187501
test_03593,141.65654907226562
test_03594,14.928382873535156
test_03595,56.98958892822266
test_03596,5.1435302734375
test_03597,9.929434204101563
test_03598,11.9815673828125
test_03599,35.23382720947265
test_03600,38.368134307861325
test_03601,77.23514862060547
test_03602,46.4897964477539
test_03603,146.90298461914062
test_03604,70.44673767089844
test_03605,26.291099548339844
test_03606,9.760002136230469
test_03607,23.176124572753906
test_03608,33.513580322265625
test_03609,95.87002868652343
test_03610,59.74047241210938
test_03611,29.333670806884765
test_03612,184.15244140624998
test_03613,27.087675476074217
test_03614,5.9479827880859375
test_03615,8.866261291503907
test_03616,25.55550765991211
test_03617,102.17177734375
test_03618,198.6470153808594
test_03619,158.5676239013672
test_03620,102.85638275146485
test_03621,31.137268829345707
test_03622,53.72490844726562
test_03623,62.157552337646486
test_03624,48.3966567993164
test_03625,24.08660125732422
test_03626,42.430668640136716
test_03627,131.1427001953125
test_03628,55.71513061523437
test_03629,102.69578247070312
test_03630,171.78040771484376
test_03631,244.880078125
test_03632,141.5020690917969
test_03633,103.89048767089844
test_03634,84.18226928710936
test_03635,169.73379516601562
test_03636,81.607080078125
test_03637,41.19770431518555
test_03638,10.845672607421875
test_03639,19.19259033203125
test_03640,42.56208038330078
test_03641,93.38592224121095
test_03642,10.697642517089843
test_03643,49.162805175781244
test_03644,4.69403076171875
test_03645,26.318666839599608
test_03646,10.743913269042967
test_03647,8.798262023925782
test_03648,76.87260437011719
test_03649,138.6466278076172
test_03650,264.7013244628906
test_03651,254.28967895507813
test_03652,110.96190948486328
test_03653,112.55254821777343
test_03654,12.422822570800783
test_03655,82.19982299804687
test_03656,204.3498291015625
test_03657,52.074938201904295
test_03658,64.86364288330077
test_03659,42.809634399414065
test_03660,10.138685607910155
test_03661,19.858847808837886
test_03662,83.0020965576172
test_03663,57.747511291503905
test_03664,164.10789794921874
test_03665,27.281272888183594
test_03666,65.2952651977539
test_03667,6.888006591796876
test_03668,7.491659545898438
test_03669,11.713159179687498
test_03670,76.67779235839843
test_03671,188.958740234375
test_03672,317.29119873046875
test_03673,21.096732330322265
test_03674,97.25947570800781
test_03675,148.83865966796876
test_03676,6.295854187011719
test_03677,119.82637786865234
test_03678,118.10873107910156
test_03679,367.5034484863281
test_03680,74.36666107177734
test_03681,45.05769271850586
test_03682,100.875048828125
test_03683,180.0163818359375
test_03684,6.341554260253906
test_03685,46.436597442626955
test_03686,94.11846008300782
test_03687,226.78522338867185
test_03688,8.122950744628906
test_03689,15.535978698730469
test_03690,5.9971160888671875
test_03691,66.0734130859375
test_03692,222.57696533203125
test_03693,228.94846801757808
test_03694,169.17821044921874
test_03695,265.1668701171875
test_03696,352.78801879882815
test_03697,11.696343994140626
test_03698,86.06892242431641
test_03699,163.23728027343748
test_03700,169.58403625488282
test_03701,8.39062957763672
test_03702,151.59488525390626
test_03703,18.109857177734376
test_03704,159.54750061035156
test_03705,414.5475219726562
test_03706,86.11357879638672
test_03707,195.46072387695312
test_03708,421.98419189453125
test_03709,254.15648803710937
test_03710,215.56967773437498
test_03711,161.1834716796875
test_03712,19.819847106933594
test_03713,12.817475891113281
test_03714,7.331271362304686
test_03715,35.27595825195313
test_03716,94.77486267089843
test_03717,13.787854003906249
test_03718,25.816041564941408
test_03719,88.16975708007813
test_03720,118.9806167602539
test_03721,168.633349609375
test_03722,55.17603302001953
test_03723,7.6515655517578125
test_03724,87.71308898925781
test_03725,14.783160400390624
test_03726,22.313307189941405
test_03727,64.48395690917968
test_03728,150.77064208984376
test_03729,209.73391113281252
test_03730,6.803895568847656
test_03731,592.8522583007813
test_03732,9.216995239257812
test_03733,11.979269409179686
test_03734,100.11913146972657
test_03735,5.050140380859375
test_03736,55.77894592285156
test_03737,94.63040618896486
test_03738,252.13679199218748
test_03739,6.0385894775390625
test_03740,7.776812744140624
test_03741,82.19396514892577
test_03742,10.976249694824219
test_03743,7.398582458496094
test_03744,7.81540985107422
test_03745,149.7301818847656
test_03746,153.63036499023437
test_03747,142.709228515625
test_03748,170.698974609375
test_03749,272.71564331054685
test_03750,4.490834045410156
test_03751,79.35069580078125
test_03752,133.90555114746093
test_03753,4.576017761230468
test_03754,73.2355728149414
test_03755,86.75799255371093
test_03756,12.920375061035156
test_03757,43.34114151000976
test_03758,13.859144592285157
test_03759,29.2002311706543
test_03760,62.859945678710936
test_03761,4.649545288085937
test_03762,220.01371459960933
test_03763,144.0945617675781
test_03764,385.54185791015624
test_03765,93.4798614501953
test_03766,61.366311645507814
test_03767,127.87315673828124
test_03768,10.574659729003905
test_03769,8.980029296875
test_03770,7.725546264648438
test_03771,14.190614318847654
test_03772,102.21566925048828
test_03773,10.92819061279297
test_03774,92.12110443115235
test_03775,287.8367858886719
test_03776,67.30519561767578
test_03777,48.872101593017575
test_03778,52.730210876464845
test_03779,120.05762329101563
test_03780,56.75896072387696
test_03781,10.622529602050781
test_03782,47.79307403564453
test_03783,45.99404373168946
test_03784,12.22720947265625
test_03785,57.24765243530274
test_03786,8.845124816894531
test_03787,9.887335205078124
test_03788,113.88998565673828
test_03789,61.08057403564453
test_03790,6.043414306640625
test_03791,60.41946868896485
test_03792,108.32404937744138
test_03793,108.98721466064453
test_03794,23.11524200439453
test_03795,13.75533142089844
test_03796,46.95275726318359
test_03797,68.55029754638672
test_03798,30.698211669921875
test_03799,86.25236053466796
test_03800,60.48999786376953
test_03801,84.96975250244141
test_03802,11.947799682617188
test_03803,15.395253753662109
test_03804,30.27513961791992
test_03805,66.53524475097656
test_03806,96.36315002441407
test_03807,39.347487640380855
test_03808,24.659307098388673
test_03809,52.54050827026367
test_03810,61.536678314208984
test_03811,62.264468383789065
test_03812,76.15995788574219
test_03813,110.9395751953125
test_03814,52.271131896972655
test_03815,161.96515197753905
test_03816,200.10720214843752
test_03817,24.574140167236326
test_03818,9.718048095703125
test_03819,27.75398483276367
test_03820,47.66474151611328
test_03821,11.47086181640625
test_03822,36.91817398071289
test_03823,83.56502380371094
test_03824,27.591969299316403
test_03825,41.1341682434082
test_03826,144.45516662597657
test_03827,13.577539062500001
test_03828,34.30497283935547
test_03829,57.12090835571289
test_03830,87.70416717529298
test_03831,42.587120819091794
test_03832,46.3908332824707
test_03833,78.78927917480469
test_03834,100.47370452880858
test_03835,78.26024017333984
test_03836,65.11175384521485
test_03837,86.79893646240234
test_03838,60.349430084228516
test_03839,12.760787963867188
test_03840,14.613349914550781
test_03841,74.14032592773438
test_03842,40.90722503662109
test_03843,14.948422241210936
test_03844,88.54055633544922
test_03845,27.698457336425783
test_03846,32.94294891357421
test_03847,35.821572875976564
test_03848,72.52812194824219
test_03849,69.97981414794921
test_03850,84.0417495727539
test_03851,110.04635620117188
test_03852,94.97000732421876
test_03853,208.70963134765623
test_03854,41.59722747802734
test_03855,22.581477355957034
test_03856,60.01352081298829
test_03857,61.978248596191406
test_03858,69.13649291992188
test_03859,13.862454223632813
test_03860,29.57852020263672
test_03861,20.588319396972658
test_03862,30.659628295898436
test_03863,99.95992889404296
test_03864,111.06899719238282
test_03865,68.96099700927735
test_03866,123.81256103515625
test_03867,7.828562927246094
test_03868,16.25301818847656
test_03869,62.459181213378905
test_03870,101.40807800292968
test_03871,119.56903076171875
test_03872,77.30333862304687
test_03873,29.30397186279297
test_03874,37.705002593994145
test_03875,107.7903076171875
test_03876,51.41432876586914
test_03877,85.72708740234376
test_03878,86.35391540527344
test_03879,65.37867889404296
test_03880,58.40701751708984
test_03881,119.39020538330078
test_03882,100.45026855468751
test_03883,65.20209045410157
test_03884,27.586667633056642
test_03885,37.479698181152344
test_03886,29.14693908691406
test_03887,35.257563781738284
test_03888,100.43133392333985
test_03889,101.7661834716797
test_03890,86.13645935058594
test_03891,10.689678192138672
test_03892,30.979537200927737
test_03893,58.13974151611328
test_03894,153.55173950195314
test_03895,141.00513916015626
test_03896,30.45022659301758
test_03897,50.55422744750977
test_03898,6.884593200683593
test_03899,115.42142333984376
test_03900,121.11314392089844
test_03901,33.39740905761719
test_03902,67.66995086669922
test_03903,181.54390563964841
test_03904,96.74444427490234
test_03905,89.15739746093749
test_03906,85.31089324951171
test_03907,126.87466278076172
test_03908,24.201665496826173
test_03909,55.73428192138672
test_03910,37.19316940307617
test_03911,71.5255859375
test_03912,82.822119140625
test_03913,51.96190185546875
test_03914,30.690443420410155
test_03915,25.774573516845702
test_03916,11.997940063476562
test_03917,27.549954223632813
test_03918,102.24465637207031
test_03919,53.42379302978516
test_03920,41.1915771484375
test_03921,75.3736557006836
test_03922,71.69310607910157
test_03923,44.11315231323242
test_03924,82.64092864990235
test_03925,124.41885986328126
test_03926,5.257354736328125
test_03927,30.788005065917964
test_03928,6.424043273925781
test_03929,26.124727630615233
test_03930,42.943668365478516
test_03931,20.77286376953125
test_03932,5.8770751953125
test_03933,13.975743103027343
test_03934,22.592489624023436
test_03935,132.23470764160157
test_03936,41.75383605957032
test_03937,16.471498870849608
test_03938,50.5462890625
test_03939,10.330900573730467
test_03940,10.122994995117189
test_03941,16.179053497314452
test_03942,31.80643157958984
test_03943,41.92131195068359
test_03944,84.99477844238281
test_03945,72.26450805664062
test_03946,164.13848266601565
test_03947,32.19660263061523
test_03948,33.17555923461914
test_03949,13.733572387695311
test_03950,32.815206146240236
test_03951,52.81878128051758
test_03952,93.36872406005861
test_03953,74.7957748413086
test_03954,170.60073242187502
test_03955,29.07549591064453
test_03956,11.138082885742186
test_03957,7.04927978515625
test_03958,45.28214874267579
test_03959,83.34871826171874
test_03960,197.33367919921875
test_03961,181.39331054687494
test_03962,97.43070526123046
test_03963,39.7108642578125
test_03964,54.98476333618164
test_03965,43.533837890624994
test_03966,44.1531623840332
test_03967,18.458190155029296
test_03968,51.2529312133789
test_03969,149.22617797851564
test_03970,49.42637481689453
test_03971,115.74176940917968
test_03972,241.74400634765624
test_03973,113.87516632080079
test_03974,130.95031127929687
test_03975,103.5866729736328
test_03976,61.20078430175782
test_03977,225.22315063476563
test_03978,32.40992965698242
test_03979,40.99131469726562
test_03980,10.102801513671874
test_03981,21.627313232421876
test_03982,70.73524627685546
test_03983,111.46960144042967
test_03984,11.223306274414064
test_03985,57.32917022705078
test_03986,4.150651550292968
test_03987,23.81514892578125
test_03988,12.526115417480469
test_03989,7.75516357421875
test_03990,74.31691284179686
test_03991,158.21351928710936
test_03992,264.21448974609376
test_03993,227.55168457031252
test_03994,118.84545288085937
test_03995,138.56397705078126
test_03996,13.639912414550782
test_03997,98.72356109619142
test_03998,180.08994140624998
test_03999,141.29375610351562
test_04000,56.56438446044922
test_04001,52.05607299804687
test_04002,10.386715698242186
test_04003,16.694486999511717
test_04004,65.64034271240234
test_04005,56.501768493652335
test_04006,187.2164306640625
test_04007,24.85210266113281
test_04008,64.9951385498047
test_04009,8.777471923828125
test_04010,10.336244201660156
test_04011,35.761741638183594
test_04012,88.19705352783203
test_04013,212.229345703125
test_04014,321.27924194335935
test_04015,13.06310577392578
test_04016,128.0765808105469
test_04017,139.32528686523438
test_04018,8.872071838378906
test_04019,142.8066833496094
test_04020,279.8091674804688
test_04021,473.6927185058594
test_04022,106.59650268554688
test_04023,40.10946884155274
test_04024,134.341552734375
test_04025,235.76669311523438
test_04026,9.630883789062501
test_04027,17.154623413085936
test_04028,193.37342834472656
test_04029,231.427294921875
test_04030,8.073707580566406
test_04031,14.13927001953125
test_04032,7.925119018554688
test_04033,254.76878662109374
test_04034,267.089892578125
test_04035,254.4551818847656
test_04036,240.08226928710934
test_04037,397.4559143066406
test_04038,440.1747863769532
test_04039,12.077447509765626
test_04040,89.99383850097657
test_04041,130.36016235351562
test_04042,163.7970458984375
test_04043,6.59639892578125
test_04044,167.48541564941405
test_04045,9.538053894042969
test_04046,390.1841735839844
test_04047,349.08649902343745
test_04048,364.5916870117187
test_04049,74.72380218505859
test_04050,325.9081970214844
test_04051,442.7930725097656
test_04052,260.0744567871094
test_04053,215.77186279296873
test_04054,177.4087585449219
test_04055,18.817398071289062
test_04056,14.625056457519532
test_04057,10.689793395996093
test_04058,74.04354705810547
test_04059,87.89070892333984
test_04060,12.403700256347655
test_04061,26.698883819580082
test_04062,80.51002960205078
test_04063,128.25216369628907
test_04064,168.24789733886718
test_04065,56.09331359863282
test_04066,8.136964416503906
test_04067,74.18013763427734
test_04068,7.8272216796875
test_04069,21.131471252441408
test_04070,102.45177307128907
test_04071,188.28170776367188
test_04072,358.75785522460933
test_04073,6.408863830566406
test_04074,537.29091796875
test_04075,9.412623596191406
test_04076,7.901860046386718
test_04077,121.89289855957031
test_04078,8.03172607421875
test_04079,53.06977767944336
test_04080,96.71148071289062
test_04081,404.32346801757814
test_04082,7.46844482421875
test_04083,12.870001220703125
test_04084,39.45294342041016
test_04085,10.637541198730469
test_04086,8.051966857910156
test_04087,10.319294738769532
test_04088,124.92124938964844
test_04089,153.15988159179688
test_04090,191.7471252441406
test_04091,235.7463134765625
test_04092,269.7978881835937
test_04093,5.635832214355469
test_04094,102.56218719482422
test_04095,144.7302703857422
test_04096,7.190724182128906
test_04097,83.57755737304689
test_04098,94.84553680419923
test_04099,13.400120544433593
test_04100,28.159156799316406
test_04101,6.597364807128907
test_04102,26.85231170654297
test_04103,6.330986022949219
