id,PM2.5
test_00001,181.4478988647461
test_00002,155.39664459228516
test_00003,412.77024841308594
test_00004,81.51053237915039
test_00005,47.29976272583008
test_00006,116.66215896606445
test_00007,7.878692626953125
test_00008,7.333072662353516
test_00009,49.14459037780762
test_00010,121.17655944824219
test_00011,9.187278747558594
test_00012,117.01611709594727
test_00013,272.7843017578125
test_00014,328.53565979003906
test_00015,73.1904411315918
test_00016,47.63811683654785
test_00017,44.91909599304199
test_00018,123.54911041259766
test_00019,52.364885330200195
test_00020,14.421783447265625
test_00021,26.568525314331055
test_00022,34.696298599243164
test_00023,10.11966323852539
test_00024,51.35756301879883
test_00025,9.00350570678711
test_00026,10.289791107177734
test_00027,107.65189743041992
test_00028,62.5488166809082
test_00029,8.084049224853516
test_00030,8.550918579101562
test_00031,60.1442756652832
test_00032,102.34317779541016
test_00033,101.93172836303711
test_00034,22.32890510559082
test_00035,13.651241302490234
test_00036,82.41315460205078
test_00037,96.3520393371582
test_00038,14.430042266845703
test_00039,32.016387939453125
test_00040,81.8774642944336
test_00041,8.81451416015625
test_00042,12.864627838134766
test_00043,27.319772720336914
test_00044,65.86942291259766
test_00045,67.91011810302734
test_00046,48.12967872619629
test_00047,21.211679458618164
test_00048,57.84630012512207
test_00049,55.2969970703125
test_00050,72.11747741699219
test_00051,95.26205062866211
test_00052,110.15955352783203
test_00053,59.75885772705078
test_00054,163.24403381347656
test_00055,184.65158081054688
test_00056,27.720157623291016
test_00057,8.95163345336914
test_00058,24.132169723510742
test_00059,54.53565788269043
test_00060,29.718854904174805
test_00061,27.163986206054688
test_00062,57.4488468170166
test_00063,25.42656135559082
test_00064,51.66865158081055
test_00065,141.76715087890625
test_00066,22.16419219970703
test_00067,32.56532096862793
test_00068,64.40987014770508
test_00069,60.07463455200195
test_00070,37.7002010345459
test_00071,45.80071449279785
test_00072,78.3007583618164
test_00073,125.84756469726562
test_00074,86.19833374023438
test_00075,63.6685905456543
test_00076,78.1725959777832
test_00077,51.84025001525879
test_00078,10.805213928222656
test_00079,17.521177291870117
test_00080,54.189613342285156
test_00081,36.406938552856445
test_00082,10.375038146972656
test_00083,87.14014434814453
test_00084,30.9614200592041
test_00085,34.764387130737305
test_00086,39.35601806640625
test_00087,71.4373893737793
test_00088,69.25986099243164
test_00089,75.88435745239258
test_00090,123.75224685668945
test_00091,81.4830207824707
test_00092,203.04354095458984
test_00093,43.90373611450195
test_00094,5.683990478515625
test_00095,67.81109619140625
test_00096,42.18838882446289
test_00097,61.4065055847168
test_00098,14.644515991210938
test_00099,104.00358963012695
test_00100,17.679725646972656
test_00101,15.593027114868164
test_00102,123.34225463867188
test_00103,83.05096054077148
test_00104,151.3354034423828
test_00105,56.96232986450195
test_00106,106.53533172607422
test_00107,7.052387237548828
test_00108,14.823539733886719
test_00109,30.132816314697266
test_00110,60.0989112854004
test_00111,100.001220703125
test_00112,118.87874603271484
test_00113,59.48204040527344
test_00114,25.34438705444336
test_00115,36.17837142944336
test_00116,112.06823348999023
test_00117,54.701778411865234
test_00118,85.22921371459961
test_00119,84.7942886352539
test_00120,80.69441223144531
test_00121,64.67201232910156
test_00122,105.16389083862305
test_00123,78.40783309936523
test_00124,52.30597496032715
test_00125,25.41281509399414
test_00126,67.91253280639648
test_00127,35.225454330444336
test_00128,38.34490776062012
test_00129,85.91935729980469
test_00130,109.89947128295898
test_00131,73.4384994506836
test_00132,12.14093017578125
test_00133,26.876375198364258
test_00134,67.33432006835938
test_00135,147.77090454101562
test_00136,121.2323226928711
test_00137,47.35070037841797
test_00138,9.005382537841797
test_00139,123.1130142211914
test_00140,102.6300048828125
test_00141,47.089332580566406
test_00142,81.70516204833984
test_00143,96.72264099121094
test_00144,54.39340209960938
test_00145,87.87568283081055
test_00146,81.8056411743164
test_00147,114.77007293701172
test_00148,13.954330444335938
test_00149,42.41301155090332
test_00150,50.63290596008301
test_00151,64.87097549438477
test_00152,92.11371612548828
test_00153,53.35478973388672
test_00154,36.36077308654785
test_00155,13.057621002197266
test_00156,8.122516632080078
test_00157,24.369848251342773
test_00158,77.6963996887207
test_00159,64.04129791259766
test_00160,24.20781898498535
test_00161,59.36497688293457
test_00162,64.366455078125
test_00163,31.97823715209961
test_00164,80.49985885620117
test_00165,106.4956169128418
test_00166,6.397972106933594
test_00167,20.854433059692383
test_00168,9.832958221435547
test_00169,19.067045211791992
test_00170,24.376182556152344
test_00171,20.610353469848633
test_00172,3.5435523986816406
test_00173,12.953468322753906
test_00174,13.043510437011719
test_00175,141.97815704345703
test_00176,36.891048431396484
test_00177,9.684272766113281
test_00178,9.533306121826172
test_00179,10.852703094482422
test_00180,11.641578674316406
test_00181,28.23159408569336
test_00182,40.65918159484863
test_00183,67.4593620300293
test_00184,83.23894882202148
test_00185,154.40840911865234
test_00186,33.199541091918945
test_00187,27.173973083496097
test_00188,13.170421600341797
test_00189,16.99317741394043
test_00190,42.10195732116699
test_00191,89.9976921081543
test_00192,108.61675262451172
test_00193,26.22838973999023
test_00194,177.1975860595703
test_00195,25.53055191040039
test_00196,7.936038970947266
test_00197,35.57120132446289
test_00198,87.06755828857422
test_00199,202.63351440429688
test_00200,166.9042510986328
test_00201,107.89416885375977
test_00202,40.315969467163086
test_00203,60.260629653930664
test_00204,53.5501708984375
test_00205,53.96304702758789
test_00206,22.68301582336426
test_00207,50.16437911987305
test_00208,139.74932861328125
test_00209,50.08657455444336
test_00210,122.76714324951172
test_00211,223.8985137939453
test_00212,268.572998046875
test_00213,120.11685180664062
test_00214,100.88554763793945
test_00215,61.72041130065918
test_00216,182.6271209716797
test_00217,55.1108455657959
test_00218,35.97756385803223
test_00219,13.668750762939453
test_00220,24.848098754882812
test_00221,49.70081901550293
test_00222,118.99956130981445
test_00223,4.824398040771484
test_00224,67.89865493774414
test_00225,2.82143783569336
test_00226,25.028480529785153
test_00227,9.34646224975586
test_00228,6.945354461669922
test_00229,70.87919998168945
test_00230,114.93118286132812
test_00231,299.1045837402344
test_00232,232.65908813476562
test_00233,108.01200103759766
test_00234,111.10390090942383
test_00235,13.153099060058594
test_00236,97.7938117980957
test_00237,212.16787719726565
test_00238,23.71174430847168
test_00239,67.42922592163086
test_00240,56.377296447753906
test_00241,7.925365447998048
test_00242,28.617778778076172
test_00243,88.0689926147461
test_00244,63.6175537109375
test_00245,197.002685546875
test_00246,28.16183090209961
test_00247,75.93015670776367
test_00248,7.052734375
test_00249,9.294868469238281
test_00250,8.570396423339844
test_00251,74.95809555053711
test_00252,189.3185577392578
test_00253,242.40838623046875
test_00254,18.790557861328125
test_00255,66.38599014282227
test_00256,149.25196838378906
test_00257,9.227462768554688
test_00258,133.632568359375
test_00259,131.9412384033203
test_00260,499.40199279785156
test_00261,74.41928100585938
test_00262,29.140033721923828
test_00263,111.9691162109375
test_00264,182.40768432617188
test_00265,7.083305358886719
test_00266,16.502010345458984
test_00267,106.96381759643555
test_00268,231.21678161621094
test_00269,11.047355651855469
test_00270,16.489105224609375
test_00271,8.11014175415039
test_00272,55.40861892700195
test_00273,269.0525817871094
test_00274,205.2488250732422
test_00275,197.6027374267578
test_00276,410.6158447265625
test_00277,398.43438720703125
test_00278,16.639009475708008
test_00279,83.26753616333008
test_00280,166.55625915527344
test_00281,179.3350067138672
test_00282,14.278373718261719
test_00283,142.091552734375
test_00284,13.926631927490234
test_00285,332.00267028808594
test_00286,279.3587341308594
test_00287,433.8759307861328
test_00288,79.97481155395508
test_00289,290.99400329589844
test_00290,307.6546325683594
test_00291,252.8944549560547
test_00292,187.5126037597656
test_00293,109.06842803955078
test_00294,20.90581703186035
test_00295,15.63344955444336
test_00296,3.5532379150390625
test_00297,38.121028900146484
test_00298,76.89976119995117
test_00299,11.155227661132812
test_00300,31.043815612792972
test_00301,85.44318771362305
test_00302,126.2889175415039
test_00303,164.64083099365234
test_00304,69.1163215637207
test_00305,8.708396911621094
test_00306,81.66815185546875
test_00307,11.343681335449219
test_00308,27.499755859375
test_00309,78.15767669677734
test_00310,200.14134979248047
test_00311,255.0069122314453
test_00312,11.274150848388672
test_00313,608.5005187988281
test_00314,6.421550750732421
test_00315,8.157512664794922
test_00316,91.70592880249023
test_00317,7.030754089355469
test_00318,49.334537506103516
test_00319,81.330078125
test_00320,276.86077880859375
test_00321,6.920169830322266
test_00322,9.237957000732422
test_00323,86.49726867675781
test_00324,6.211383819580078
test_00325,6.213787078857422
test_00326,8.989585876464844
test_00327,109.55823516845703
test_00328,137.0712432861328
test_00329,172.64794921875
test_00330,268.36793518066406
test_00331,304.9972229003906
test_00332,4.169120788574219
test_00333,80.00028228759766
test_00334,157.26898193359375
test_00335,2.7610816955566406
test_00336,80.14994430541992
test_00337,95.74126052856445
test_00338,17.160900115966797
test_00339,29.27182960510254
test_00340,11.222232818603516
test_00341,25.044574737548828
test_00342,6.0550994873046875
test_00343,114.83964538574219
test_00344,194.07744598388672
test_00345,245.25527954101562
test_00346,44.38699722290039
test_00347,22.132932662963867
test_00348,81.8745231628418
test_00349,6.137699127197266
test_00350,10.63809585571289
test_00351,16.762855529785156
test_00352,16.594263076782227
test_00353,90.52213668823242
test_00354,13.354633331298828
test_00355,77.53820037841797
test_00356,224.48973083496094
test_00357,276.03302001953125
test_00358,56.921295166015625
test_00359,42.088369369506836
test_00360,23.772045135498047
test_00361,106.99946594238281
test_00362,55.45726013183594
test_00363,8.989879608154297
test_00364,8.89126205444336
test_00365,12.686176300048828
test_00366,6.914638519287109
test_00367,17.7770938873291
test_00368,5.950855255126953
test_00369,5.9447021484375
test_00370,56.14560508728027
test_00371,57.9745979309082
test_00372,6.001232147216797
test_00373,16.369972229003906
test_00374,36.63808250427246
test_00375,45.025678634643555
test_00376,83.32894897460938
test_00377,15.781049728393555
test_00378,10.188240051269533
test_00379,9.964496612548828
test_00380,48.40461349487305
test_00381,26.79360580444336
test_00382,98.61408615112305
test_00383,12.83016586303711
test_00384,32.61431694030762
test_00385,81.88571548461914
test_00386,8.067760467529297
test_00387,16.966018676757812
test_00388,26.486433029174805
test_00389,83.61536026000977
test_00390,68.7588005065918
test_00391,35.316749572753906
test_00392,8.908912658691406
test_00393,42.887495040893555
test_00394,87.17057037353516
test_00395,78.11115646362305
test_00396,72.83654403686523
test_00397,76.0006103515625
test_00398,53.57717514038086
test_00399,151.1800308227539
test_00400,39.92726135253906
test_00401,8.648200988769531
test_00402,10.528640747070312
test_00403,10.552589416503906
test_00404,16.207210540771484
test_00405,74.5659408569336
test_00406,21.421554565429688
test_00407,38.932586669921875
test_00408,187.5701141357422
test_00409,17.908920288085938
test_00410,29.21830177307129
test_00411,59.605262756347656
test_00412,11.69857406616211
test_00413,17.057235717773438
test_00414,45.17126274108887
test_00415,79.12044525146484
test_00416,103.99975204467773
test_00417,80.29777145385742
test_00418,43.61110305786133
test_00419,75.49959564208984
test_00420,23.05771827697754
test_00421,15.032508850097656
test_00422,19.479042053222656
test_00423,18.86420249938965
test_00424,85.40914154052734
test_00425,7.582126617431641
test_00426,67.77956008911133
test_00427,42.99197959899902
test_00428,56.55735206604004
test_00429,84.57887649536133
test_00430,98.58059692382812
test_00431,67.02381134033203
test_00432,71.81428909301758
test_00433,113.13688659667969
test_00434,70.77062606811523
test_00435,130.085205078125
test_00436,43.51397132873535
test_00437,6.312553405761719
test_00438,40.95900344848633
test_00439,24.97056007385254
test_00440,31.979259490966797
test_00441,9.04616928100586
test_00442,18.805078506469727
test_00443,20.060476303100586
test_00444,23.331745147705078
test_00445,48.19912528991699
test_00446,140.51568603515625
test_00447,93.30337524414062
test_00448,61.34576225280762
test_00449,36.60994529724121
test_00450,12.508563995361328
test_00451,25.319761276245117
test_00452,70.4050521850586
test_00453,64.62208557128906
test_00454,119.5081672668457
test_00455,7.568500518798828
test_00456,18.35133934020996
test_00457,33.144962310791016
test_00458,97.67988967895508
test_00459,44.528385162353516
test_00460,83.80900192260742
test_00461,72.18151473999023
test_00462,62.66240692138672
test_00463,48.43195915222168
test_00464,84.82441711425781
test_00465,50.71867752075195
test_00466,38.636390686035156
test_00467,6.897636413574219
test_00468,39.45441246032715
test_00469,19.531471252441406
test_00470,27.279682159423828
test_00471,59.05209732055664
test_00472,104.46370697021484
test_00473,28.025007247924805
test_00474,6.139114379882812
test_00475,16.466493606567383
test_00476,91.9979019165039
test_00477,149.3896026611328
test_00478,67.48101806640625
test_00479,35.82666206359863
test_00480,24.65650177001953
test_00481,12.086952209472656
test_00482,65.07490539550781
test_00483,139.65509796142578
test_00484,33.02598762512207
test_00485,39.17076110839844
test_00486,60.16578674316406
test_00487,20.990440368652344
test_00488,36.79531288146973
test_00489,62.974769592285156
test_00490,90.86519241333008
test_00491,17.521812438964844
test_00492,35.36029815673828
test_00493,43.23015594482422
test_00494,90.03801345825195
test_00495,30.4272518157959
test_00496,25.43931770324707
test_00497,4.9151611328125
test_00498,18.897254943847656
test_00499,22.141300201416016
test_00500,58.377920150756836
test_00501,52.865644454956055
test_00502,14.924015045166016
test_00503,39.392173767089844
test_00504,44.32853889465332
test_00505,37.37021827697754
test_00506,60.94933319091797
test_00507,47.04024314880371
test_00508,3.7182044982910156
test_00509,10.679203033447266
test_00510,6.990882873535156
test_00511,16.92439079284668
test_00512,15.489665985107422
test_00513,14.040580749511719
test_00514,8.36423110961914
test_00515,16.82589340209961
test_00516,14.208000183105469
test_00517,127.94952392578125
test_00518,34.61726188659668
test_00519,8.6319580078125
test_00520,51.899580001831055
test_00521,7.121120452880859
test_00522,9.968635559082031
test_00523,13.630516052246094
test_00524,21.083967208862305
test_00525,26.116641998291016
test_00526,115.61621856689453
test_00527,24.582605361938477
test_00528,48.593427658081055
test_00529,28.938112258911133
test_00530,24.409639358520508
test_00531,7.8642425537109375
test_00532,13.010051727294922
test_00533,24.810483932495117
test_00534,79.44486618041992
test_00535,92.90151596069336
test_00536,13.300453186035156
test_00537,114.51162719726562
test_00538,21.038196563720703
test_00539,12.263568878173828
test_00540,9.91580581665039
test_00541,29.15399932861328
test_00542,108.41573333740234
test_00543,168.6743621826172
test_00544,159.71551513671875
test_00545,125.94693756103516
test_00546,43.96919250488281
test_00547,57.290754318237305
test_00548,63.1492919921875
test_00549,37.606842041015625
test_00550,21.188621520996097
test_00551,61.491092681884766
test_00552,100.77632904052734
test_00553,80.20652389526367
test_00554,113.10529708862305
test_00555,155.46492767333984
test_00556,233.5333862304687
test_00557,155.9898452758789
test_00558,18.285646438598633
test_00559,92.17911529541016
test_00560,139.23756408691406
test_00561,134.1752700805664
test_00562,32.4276237487793
test_00563,10.55074691772461
test_00564,32.46075439453125
test_00565,52.24494552612305
test_00566,99.68244552612305
test_00567,15.558660507202148
test_00568,42.53062438964844
test_00569,4.609458923339844
test_00570,28.371192932128906
test_00571,8.742103576660156
test_00572,2.228374481201172
test_00573,67.49575805664062
test_00574,27.775300979614258
test_00575,276.2061004638672
test_00576,242.27383422851562
test_00577,171.05590057373047
test_00578,71.23094940185547
test_00579,20.645593643188477
test_00580,49.723575592041016
test_00581,215.24708557128906
test_00582,26.22100257873535
test_00583,47.17448616027832
test_00584,53.66057014465332
test_00585,54.94779396057129
test_00586,17.815414428710938
test_00587,92.26481246948242
test_00588,107.9483757019043
test_00589,185.66403198242188
test_00590,20.127134323120117
test_00591,58.74640083312988
test_00592,9.554351806640625
test_00593,9.897968292236328
test_00594,11.474617004394531
test_00595,59.59339141845703
test_00596,120.80393600463867
test_00597,205.9822998046875
test_00598,18.588651657104492
test_00599,69.76991271972656
test_00600,109.311279296875
test_00601,18.86485481262207
test_00602,25.919973373413086
test_00603,83.07151412963867
test_00604,161.19088745117188
test_00605,147.49520111083984
test_00606,32.24544715881348
test_00607,102.99005508422852
test_00608,174.53966522216797
test_00609,14.252758026123047
test_00610,79.77421951293945
test_00611,67.3554801940918
test_00612,202.7394027709961
test_00613,50.49599075317383
test_00614,5.662017822265625
test_00615,11.977622985839844
test_00616,76.36530685424805
test_00617,157.8538055419922
test_00618,234.43125915527344
test_00619,205.89456939697266
test_00620,303.5195007324219
test_00621,414.32293701171875
test_00622,10.735584259033203
test_00623,59.232526779174805
test_00624,233.8770294189453
test_00625,230.2427215576172
test_00626,11.02127456665039
test_00627,82.19722366333008
test_00628,6.226245880126953
test_00629,49.341331481933594
test_00630,114.65019607543945
test_00631,369.08729553222656
test_00632,14.962905883789062
test_00633,141.53372955322266
test_00634,149.86524963378906
test_00635,173.8662872314453
test_00636,164.41119384765625
test_00637,257.4457702636719
test_00638,23.81700897216797
test_00639,9.694835662841797
test_00640,7.408962249755859
test_00641,18.434328079223633
test_00642,24.115598678588867
test_00643,7.792823791503906
test_00644,21.690166473388672
test_00645,99.24588394165039
test_00646,114.07829666137695
test_00647,167.19031524658203
test_00648,51.94217109680176
test_00649,8.652130126953125
test_00650,45.260087966918945
test_00651,13.067020416259766
test_00652,33.86378288269043
test_00653,43.68056678771973
test_00654,98.63774871826172
test_00655,194.3255386352539
test_00656,8.06317138671875
test_00657,257.067138671875
test_00658,7.811103820800781
test_00659,14.931995391845703
test_00660,64.26314353942871
test_00661,9.155109405517578
test_00662,94.53947067260742
test_00663,97.95624542236328
test_00664,245.48675537109375
test_00665,11.701255798339844
test_00666,13.360557556152344
test_00667,84.84872055053711
test_00668,5.928470611572266
test_00669,6.687034606933594
test_00670,11.353317260742188
test_00671,56.28826141357422
test_00672,67.78642272949219
test_00673,78.59845352172852
test_00674,231.36184692382812
test_00675,230.05699157714844
test_00676,8.328571319580078
test_00677,58.68212890625
test_00678,119.49565505981445
test_00679,1.950031280517578
test_00680,33.57096862792969
test_00681,110.9550437927246
test_00682,17.094446182250977
test_00683,24.912534713745117
test_00684,15.206686019897461
test_00685,67.31877899169922
test_00686,69.55610275268555
test_00687,7.3801422119140625
test_00688,162.84263610839844
test_00689,201.0564727783203
test_00690,349.9199676513672
test_00691,51.87626075744629
test_00692,27.231719970703125
test_00693,42.88023376464844
test_00694,3.3026771545410156
test_00695,7.745979309082031
test_00696,11.306724548339844
test_00697,14.916397094726562
test_00698,92.70305633544922
test_00699,12.04965591430664
test_00700,99.24938583374023
test_00701,225.55313110351562
test_00702,303.1537170410156
test_00703,59.40944862365723
test_00704,51.390981674194336
test_00705,41.1927547454834
test_00706,145.9703598022461
test_00707,84.65771865844727
test_00708,6.008739471435547
test_00709,7.391857147216797
test_00710,11.492130279541016
test_00711,5.403133392333984
test_00712,19.08455276489258
test_00713,6.692985534667969
test_00714,3.647064208984375
test_00715,58.853843688964844
test_00716,97.2885856628418
test_00717,7.693634033203125
test_00718,6.391868591308594
test_00719,35.80014419555664
test_00720,53.02095413208008
test_00721,73.280517578125
test_00722,18.963563919067383
test_00723,14.119543075561523
test_00724,15.738229751586914
test_00725,62.1458854675293
test_00726,34.122711181640625
test_00727,100.31116104125977
test_00728,15.315740585327148
test_00729,39.04664611816406
test_00730,89.34505081176758
test_00731,7.951923370361328
test_00732,9.68375015258789
test_00733,20.51955795288086
test_00734,118.0611686706543
test_00735,62.492727279663086
test_00736,43.64886283874512
test_00737,4.847171783447266
test_00738,44.240455627441406
test_00739,118.02652740478516
test_00740,93.04076385498047
test_00741,66.79142379760742
test_00742,52.632707595825195
test_00743,50.49552917480469
test_00744,143.13980102539062
test_00745,213.33790588378906
test_00746,32.305171966552734
test_00747,29.980669021606445
test_00748,82.2051773071289
test_00749,8.729072570800781
test_00750,14.551567077636719
test_00751,60.15977096557617
test_00752,19.838682174682617
test_00753,40.581146240234375
test_00754,170.3504638671875
test_00755,21.94711685180664
test_00756,28.7340145111084
test_00757,49.70624923706055
test_00758,8.017387390136719
test_00759,15.34188461303711
test_00760,48.2110710144043
test_00761,72.71117401123047
test_00762,89.41027450561523
test_00763,63.56038475036621
test_00764,35.86129951477051
test_00765,64.46750259399414
test_00766,22.398637771606445
test_00767,16.21954345703125
test_00768,17.52362823486328
test_00769,17.378324508666992
test_00770,85.32243347167969
test_00771,9.395854949951172
test_00772,76.77425384521484
test_00773,35.901344299316406
test_00774,24.920803070068356
test_00775,46.42557907104492
test_00776,103.94718170166016
test_00777,66.5800609588623
test_00778,83.56757736206055
test_00779,89.9029769897461
test_00780,54.43258476257324
test_00781,106.2338981628418
test_00782,49.24129867553711
test_00783,6.651035308837891
test_00784,14.744129180908201
test_00785,28.255277633666992
test_00786,30.197418212890625
test_00787,11.220050811767578
test_00788,19.111116409301758
test_00789,15.051162719726562
test_00790,20.22285461425781
test_00791,41.30817985534668
test_00792,149.3907928466797
test_00793,58.73669624328613
test_00794,50.162925720214844
test_00795,15.844083786010742
test_00796,6.427738189697266
test_00797,17.999370574951172
test_00798,36.74541091918945
test_00799,75.83241271972656
test_00800,75.85403060913086
test_00801,119.78999710083008
test_00802,4.9844818115234375
test_00803,9.369205474853516
test_00804,20.605384826660156
test_00805,84.13987731933594
test_00806,61.50925064086914
test_00807,84.3265266418457
test_00808,61.252464294433594
test_00809,91.3249626159668
test_00810,72.12093734741211
test_00811,101.0588264465332
test_00812,62.63484191894531
test_00813,38.01401138305664
test_00814,11.219963073730469
test_00815,42.567583084106445
test_00816,16.07733154296875
test_00817,21.39034080505371
test_00818,66.34063339233398
test_00819,106.88919067382812
test_00820,38.30039405822754
test_00821,9.373062133789062
test_00822,16.80093002319336
test_00823,98.08526229858398
test_00824,155.37828063964844
test_00825,74.95020294189453
test_00826,11.043251037597656
test_00827,29.242389678955078
test_00828,13.870697021484375
test_00829,69.22605895996094
test_00830,141.91273498535156
test_00831,39.57621765136719
test_00832,34.1564884185791
test_00833,54.1362361907959
test_00834,27.42494010925293
test_00835,39.607704162597656
test_00836,61.747291564941406
test_00837,89.88183212280273
test_00838,18.8212890625
test_00839,33.03109931945801
test_00840,44.91872787475586
test_00841,111.46820449829102
test_00842,109.31816864013672
test_00843,9.720832824707031
test_00844,21.976076126098633
test_00845,8.647903442382812
test_00846,10.230621337890625
test_00847,27.36221694946289
test_00848,49.84342575073242
test_00849,41.07987022399902
test_00850,14.972087860107422
test_00851,32.5195198059082
test_00852,50.0406379699707
test_00853,34.67990303039551
test_00854,59.72413635253906
test_00855,44.5600643157959
test_00856,3.0029563903808594
test_00857,10.07669448852539
test_00858,4.696277618408203
test_00859,7.540355682373047
test_00860,14.922477722167969
test_00861,13.065605163574219
test_00862,1.3104820251464844
test_00863,10.425579071044922
test_00864,11.58761978149414
test_00865,118.17106628417969
test_00866,25.68736457824707
test_00867,8.944091796875
test_00868,49.439266204833984
test_00869,6.355690002441406
test_00870,11.326744079589844
test_00871,13.280757904052734
test_00872,20.08136749267578
test_00873,19.11952781677246
test_00874,122.15007400512695
test_00875,23.052215576171875
test_00876,36.63227081298828
test_00877,22.16391944885254
test_00878,21.224294662475586
test_00879,7.454845428466797
test_00880,9.12359619140625
test_00881,74.0436782836914
test_00882,23.671926498413086
test_00883,112.14357376098633
test_00884,17.56106948852539
test_00885,7.830661773681641
test_00886,6.0373382568359375
test_00887,24.835832595825195
test_00888,98.33668899536133
test_00889,164.57823181152344
test_00890,144.4576644897461
test_00891,91.43955993652344
test_00892,39.60834312438965
test_00893,71.8495101928711
test_00894,66.28853607177734
test_00895,33.83527946472168
test_00896,144.84156036376953
test_00897,149.5471649169922
test_00898,10.617988586425781
test_00899,77.23802185058594
test_00900,146.9436798095703
test_00901,127.34480285644531
test_00902,32.27028846740723
test_00903,5.673709869384766
test_00904,17.8726863861084
test_00905,44.29449272155762
test_00906,20.367996215820312
test_00907,33.71656799316406
test_00908,2.374088287353516
test_00909,31.675090789794922
test_00910,4.914714813232422
test_00911,10.523033142089844
test_00912,61.3127555847168
test_00913,23.075593948364258
test_00914,185.26209259033203
test_00915,261.4124755859375
test_00916,187.90399169921875
test_00917,51.257911682128906
test_00918,6.9890289306640625
test_00919,54.70282745361328
test_00920,214.00758361816406
test_00921,16.473356246948242
test_00922,23.062877655029297
test_00923,49.48319625854492
test_00924,30.557945251464844
test_00925,26.240108489990234
test_00926,80.53282928466797
test_00927,109.53646087646484
test_00928,179.06277465820312
test_00929,15.692476272583008
test_00930,58.92082214355469
test_00931,6.773029327392578
test_00932,10.487503051757812
test_00933,5.826202392578126
test_00934,73.3423080444336
test_00935,113.666015625
test_00936,211.2201690673828
test_00937,4.193973541259766
test_00938,70.5152816772461
test_00939,95.96957397460938
test_00940,9.224651336669922
test_00941,16.63268280029297
test_00942,71.5059700012207
test_00943,169.62638092041016
test_00944,135.2655487060547
test_00945,25.530517578125
test_00946,55.091453552246094
test_00947,141.2769317626953
test_00948,14.393821716308594
test_00949,29.39071273803711
test_00950,63.83270072937012
test_00951,193.82085418701172
test_00952,96.98064041137695
test_00953,9.712722778320312
test_00954,8.371570587158203
test_00955,85.17026138305664
test_00956,133.03266143798828
test_00957,229.11312866210938
test_00958,209.76895141601562
test_00959,368.0574951171875
test_00960,395.33404541015625
test_00961,7.427955627441406
test_00962,44.00646209716797
test_00963,208.58658599853516
test_00964,196.8913803100586
test_00965,12.763435363769531
test_00966,73.69506454467773
test_00967,7.818046569824219
test_00968,59.951555252075195
test_00969,126.85662841796875
test_00970,179.93246459960938
test_00971,15.852230072021484
test_00972,129.99466705322266
test_00973,70.32796096801758
test_00974,199.14177703857422
test_00975,164.79928588867188
test_00976,202.34438323974612
test_00977,24.579744338989258
test_00978,12.083450317382812
test_00979,6.009681701660156
test_00980,9.518890380859375
test_00981,19.480058670043945
test_00982,12.126808166503906
test_00983,27.390745162963867
test_00984,111.49627304077148
test_00985,127.23699188232422
test_00986,127.85159683227539
test_00987,48.01058578491211
test_00988,5.047237396240234
test_00989,60.398136138916016
test_00990,11.276138305664062
test_00991,38.59170722961426
test_00992,46.60163497924805
test_00993,140.3869400024414
test_00994,193.6400146484375
test_00995,11.911449432373047
test_00996,287.3542938232422
test_00997,7.408714294433594
test_00998,8.33587646484375
test_00999,64.12125015258789
test_01000,6.704006195068359
test_01001,77.1405143737793
test_01002,108.72780990600586
test_01003,229.6171112060547
test_01004,11.047313690185547
test_01005,14.320270538330078
test_01006,85.63468933105469
test_01007,6.57830810546875
test_01008,6.481475830078125
test_01009,7.759769439697266
test_01010,53.49503135681152
test_01011,85.39684295654297
test_01012,44.51988410949707
test_01013,219.68112182617188
test_01014,241.5963897705078
test_01015,4.880683898925781
test_01016,55.323373794555664
test_01017,109.61611557006836
test_01018,2.743701934814453
test_01019,30.834564208984375
test_01020,92.3650131225586
test_01021,11.436271667480469
test_01022,19.907913208007812
test_01023,16.346233367919922
test_01024,29.361074447631836
test_01025,86.20829010009766
test_01026,7.412956237792969
test_01027,203.09652709960938
test_01028,107.40231323242188
test_01029,355.1617431640625
test_01030,69.38688278198242
test_01031,46.523677825927734
test_01032,98.44051361083984
test_01033,5.61224365234375
test_01034,4.924415588378906
test_01035,10.127700805664062
test_01036,19.982358932495117
test_01037,116.33655548095703
test_01038,8.491455078125
test_01039,117.37237930297852
test_01040,294.6953125
test_01041,300.29637145996094
test_01042,67.21533584594727
test_01043,47.997507095336914
test_01044,58.489980697631836
test_01045,131.05503845214844
test_01046,53.89541435241699
test_01047,16.348304748535156
test_01048,45.808671951293945
test_01049,13.364372253417969
test_01050,55.19439888000488
test_01051,9.583267211914062
test_01052,10.848522186279299
test_01053,125.03620910644531
test_01054,60.37323570251465
test_01055,5.927867889404297
test_01056,13.708885192871094
test_01057,78.61482620239258
test_01058,103.46887969970703
test_01059,118.2050895690918
test_01060,30.7265682220459
test_01061,20.768455505371094
test_01062,58.423492431640625
test_01063,65.18684005737305
test_01064,43.26902770996094
test_01065,97.6637077331543
test_01066,62.970821380615234
test_01067,37.90581512451172
test_01068,103.70950698852539
test_01069,7.744842529296875
test_01070,16.724464416503906
test_01071,33.16783332824707
test_01072,71.0229606628418
test_01073,89.24584197998047
test_01074,49.9708366394043
test_01075,24.150758743286133
test_01076,76.11182403564453
test_01077,70.35484313964844
test_01078,103.35430908203125
test_01079,101.69058609008789
test_01080,66.18664169311523
test_01081,214.56501770019528
test_01082,38.70722007751465
test_01083,15.364025115966797
test_01084,59.40493583679199
test_01085,45.95522499084473
test_01086,28.976449966430664
test_01087,74.9946403503418
test_01088,26.048032760620117
test_01089,58.856842041015625
test_01090,173.90460205078125
test_01091,27.50616455078125
test_01092,36.32569122314453
test_01093,65.06898498535156
test_01094,47.32453727722168
test_01095,45.1400089263916
test_01096,51.68544387817383
test_01097,84.79328918457031
test_01098,135.66230010986328
test_01099,85.07353973388672
test_01100,73.1501350402832
test_01101,86.34978103637695
test_01102,56.66792106628418
test_01103,10.524356842041016
test_01104,23.85753631591797
test_01105,77.0560417175293
test_01106,41.040449142456055
test_01107,14.000980377197266
test_01108,99.09291458129883
test_01109,38.625282287597656
test_01110,38.75718307495117
test_01111,43.55986404418945
test_01112,77.80202102661133
test_01113,132.41500854492188
test_01114,91.55364227294922
test_01115,181.97080993652344
test_01116,45.5661506652832
test_01117,11.80514907836914
test_01118,58.056949615478516
test_01119,66.33073806762695
test_01120,60.197031021118164
test_01121,14.80440902709961
test_01122,31.742109298706055
test_01123,30.539936065673828
test_01124,37.84628868103027
test_01125,108.94194030761719
test_01126,88.26416778564453
test_01127,170.92259216308594
test_01128,58.634883880615234
test_01129,130.80185317993164
test_01130,7.153648376464844
test_01131,16.745311737060547
test_01132,28.759124755859375
test_01133,71.46810531616211
test_01134,104.59870910644531
test_01135,119.49249267578125
test_01136,71.8153305053711
test_01137,37.25033378601074
test_01138,42.672637939453125
test_01139,137.11251068115234
test_01140,48.76178741455078
test_01141,92.51218032836914
test_01142,88.65390396118164
test_01143,94.8006820678711
test_01144,93.80047607421875
test_01145,158.66384887695312
test_01146,136.67118072509766
test_01147,23.51329803466797
test_01148,28.065027236938477
test_01149,31.547271728515625
test_01150,37.88434982299805
test_01151,98.63872146606445
test_01152,104.00173950195312
test_01153,101.57551193237305
test_01154,11.011611938476562
test_01155,30.947818756103516
test_01156,71.78202438354492
test_01157,31.859060287475586
test_01158,56.27804183959961
test_01159,114.21727752685547
test_01160,47.1041145324707
test_01161,65.483642578125
test_01162,180.31742095947266
test_01163,86.58845901489258
test_01164,103.58863067626953
test_01165,75.39564895629883
test_01166,137.65181732177734
test_01167,26.307682037353516
test_01168,51.458984375
test_01169,47.42049980163574
test_01170,76.07439422607422
test_01171,83.66793823242188
test_01172,57.86619186401367
test_01173,35.44481658935547
test_01174,16.270050048828125
test_01175,9.00455093383789
test_01176,32.2592658996582
test_01177,92.71419525146484
test_01178,62.93327713012695
test_01179,36.25581741333008
test_01180,78.0975456237793
test_01181,71.95924758911133
test_01182,39.51142120361328
test_01183,88.73115921020508
test_01184,125.41024017333984
test_01185,7.340328216552734
test_01186,30.808481216430664
test_01187,12.393333435058594
test_01188,17.568281173706055
test_01189,30.366872787475586
test_01190,19.38707160949707
test_01191,3.6081619262695312
test_01192,11.526527404785156
test_01193,14.70199203491211
test_01194,133.99260711669922
test_01195,34.57763481140137
test_01196,9.60666275024414
test_01197,48.58160591125488
test_01198,12.454551696777344
test_01199,11.666194915771484
test_01200,15.667797088623047
test_01201,33.43954086303711
test_01202,42.59917068481445
test_01203,67.36948776245117
test_01204,79.48284912109375
test_01205,161.84658813476562
test_01206,33.913597106933594
test_01207,28.33713150024414
test_01208,15.94174575805664
test_01209,30.90451431274414
test_01210,47.86969184875488
test_01211,84.13816452026367
test_01212,106.56484985351562
test_01213,33.660762786865234
test_01214,188.86441802978516
test_01215,37.671085357666016
test_01216,9.565254211425781
test_01217,9.38448715209961
test_01218,44.601070404052734
test_01219,95.11785888671875
test_01220,228.90000915527344
test_01221,195.3611068725586
test_01222,113.3589973449707
test_01223,64.7630844116211
test_01224,52.615304946899414
test_01225,50.43626403808594
test_01226,24.598844528198242
test_01227,59.68274688720703
test_01228,179.68700408935547
test_01229,49.18513870239258
test_01230,128.57174682617188
test_01231,310.05616760253906
test_01232,130.5183334350586
test_01233,111.91457748413086
test_01234,59.4742546081543
test_01235,212.62265014648438
test_01236,43.51600646972656
test_01237,44.125017166137695
test_01238,8.386703491210938
test_01239,18.392059326171875
test_01240,53.22750473022461
test_01241,130.4119873046875
test_01242,4.277050018310547
test_01243,3.9331893920898438
test_01244,28.034278869628906
test_01245,8.480178833007812
test_01246,10.338546752929688
test_01247,78.92183685302734
test_01248,164.51927947998047
test_01249,292.17958068847656
test_01250,262.25920104980463
test_01251,114.83556747436523
test_01252,128.07938766479492
test_01253,12.739044189453123
test_01254,100.19102478027344
test_01255,187.90596771240234
test_01256,99.37609481811523
test_01257,56.17814064025879
test_01258,53.62039566040039
test_01259,6.6272735595703125
test_01260,16.17354393005371
test_01261,88.68610763549805
test_01262,68.89756774902344
test_01263,196.68628692626947
test_01264,27.262636184692383
test_01265,79.36862564086914
test_01266,8.112171173095703
test_01267,8.773075103759766
test_01268,30.428544998168945
test_01269,101.93935775756836
test_01270,210.165771484375
test_01271,287.0888671875
test_01272,18.68535614013672
test_01273,150.03697967529297
test_01274,158.5675277709961
test_01275,8.288719177246094
test_01276,127.71507263183594
test_01277,204.5761260986328
test_01278,526.3476867675781
test_01279,72.02466201782227
test_01280,42.162086486816406
test_01281,112.62704849243164
test_01282,225.70484924316406
test_01283,8.539253234863281
test_01284,15.085155487060547
test_01285,216.8323211669922
test_01286,239.73995971679688
test_01287,10.716922760009766
test_01288,12.516250610351562
test_01289,8.0810546875
test_01290,96.48920440673828
test_01291,290.81797790527344
test_01292,218.24382019042966
test_01293,243.27783203124997
test_01294,435.202880859375
test_01295,483.4512481689453
test_01296,17.068981170654297
test_01297,102.95232772827148
test_01298,147.50885009765625
test_01299,171.60955810546875
test_01300,8.566890716552734
test_01301,157.12799835205078
test_01302,15.47337532043457
test_01303,405.7779998779297
test_01304,372.7519226074219
test_01305,373.6906433105469
test_01306,87.53397369384766
test_01307,346.74412536621094
test_01308,306.5090637207031
test_01309,271.5787658691406
test_01310,165.8125457763672
test_01311,139.01935577392578
test_01312,21.582189559936523
test_01313,15.683195114135742
test_01314,4.730415344238281
test_01315,53.71932411193848
test_01316,83.44686889648438
test_01317,8.594802856445312
test_01318,36.30490493774414
test_01319,93.65166473388672
test_01320,141.2405242919922
test_01321,187.06851196289065
test_01322,69.5023078918457
test_01323,5.401176452636719
test_01324,82.88021850585938
test_01325,16.834819793701172
test_01326,36.85068130493164
test_01327,105.02173233032227
test_01328,144.1208724975586
test_01329,311.84034729003906
test_01330,12.935775756835938
test_01331,540.7577514648438
test_01332,7.793849945068359
test_01333,11.350845336914062
test_01334,79.4359245300293
test_01335,5.315380096435547
test_01336,87.59028244018555
test_01337,320.52708435058594
test_01338,6.046886444091797
test_01339,11.022754669189453
test_01340,66.23654174804688
test_01341,10.030189514160156
test_01342,12.514945983886719
test_01343,15.90047836303711
test_01344,139.33760833740234
test_01345,163.27208709716797
test_01346,203.00335693359375
test_01347,270.70533752441406
test_01348,255.52369689941406
test_01349,4.599418640136719
test_01350,95.53291320800781
test_01351,162.54727172851562
test_01352,3.277530670166016
test_01353,77.0372200012207
test_01354,100.96976852416992
test_01355,13.11285400390625
test_01356,21.007129669189453
test_01357,10.499221801757812
test_01358,24.537944793701172
test_01359,111.20325088500977
test_01360,5.636417388916016
test_01361,171.09378051757812
test_01362,136.37897491455078
test_01363,360.8403015136719
test_01364,87.1790542602539
test_01365,56.9409236907959
test_01366,75.99773788452148
test_01367,4.754661560058594
test_01368,4.620288848876953
test_01369,7.8401031494140625
test_01370,15.624467849731445
test_01371,109.39599990844727
test_01372,8.556312561035156
test_01373,103.49758911132812
test_01374,280.09332275390625
test_01375,316.0889892578125
test_01376,73.99642181396484
test_01377,47.24833297729492
test_01378,50.524742126464844
test_01379,124.84341812133788
test_01380,58.44547080993652
test_01381,14.330581665039062
test_01382,34.81712532043457
test_01383,41.37079429626465
test_01384,15.092445373535156
test_01385,46.49658012390137
test_01386,8.464214324951172
test_01387,9.530227661132812
test_01388,125.09238815307617
test_01389,63.15532302856445
test_01390,6.801387786865234
test_01391,10.716415405273438
test_01392,63.01375770568848
test_01393,109.62782287597656
test_01394,124.7930908203125
test_01395,32.63714790344238
test_01396,19.11757469177246
test_01397,59.88796615600586
test_01398,62.4150390625
test_01399,85.18915176391602
test_01400,94.40303039550781
test_01401,41.854732513427734
test_01402,91.4448471069336
test_01403,13.593582153320312
test_01404,19.21111488342285
test_01405,38.23904228210449
test_01406,72.29014205932617
test_01407,80.72393798828125
test_01408,42.50431442260742
test_01409,19.282007217407227
test_01410,55.01001167297363
test_01411,60.10589790344238
test_01412,75.57136917114258
test_01413,93.75715637207031
test_01414,130.49698638916016
test_01415,58.741920471191406
test_01416,189.8683624267578
test_01417,202.37679290771484
test_01418,33.16162109375
test_01419,24.59980010986328
test_01420,58.38999938964844
test_01421,16.161048889160156
test_01422,19.496015548706055
test_01423,62.66621208190918
test_01424,27.01538848876953
test_01425,43.919219970703125
test_01426,185.12828826904297
test_01427,21.499692916870117
test_01428,27.172813415527344
test_01429,63.94505500793457
test_01430,37.683570861816406
test_01431,39.08152389526367
test_01432,49.33007049560547
test_01433,85.1141357421875
test_01434,91.51788711547852
test_01435,87.54137802124023
test_01436,69.82244110107422
test_01437,88.25355529785156
test_01438,58.47568893432617
test_01439,16.36691665649414
test_01440,17.2109375
test_01441,52.806711196899414
test_01442,35.65900802612305
test_01443,8.055423736572266
test_01444,96.65260696411133
test_01445,40.34671401977539
test_01446,42.44771957397461
test_01447,45.40360450744629
test_01448,76.55261611938477
test_01449,70.49257278442383
test_01450,96.74086380004883
test_01451,130.2782211303711
test_01452,98.33181762695312
test_01453,203.20237731933594
test_01454,39.97390937805176
test_01455,9.092422485351562
test_01456,70.83441925048828
test_01457,37.44120788574219
test_01458,67.76729583740234
test_01459,16.838647842407227
test_01460,29.93630027770996
test_01461,31.5479679107666
test_01462,37.81926345825195
test_01463,114.92594909667969
test_01464,96.65209579467773
test_01465,172.902099609375
test_01466,68.14725112915039
test_01467,84.24777221679688
test_01468,7.8891448974609375
test_01469,14.66067886352539
test_01470,28.282339096069336
test_01471,71.61626434326172
test_01472,108.10833358764648
test_01473,125.01811599731445
test_01474,83.91070556640625
test_01475,31.24217987060547
test_01476,31.487930297851562
test_01477,116.815673828125
test_01478,50.216041564941406
test_01479,86.8234977722168
test_01480,104.179443359375
test_01481,68.50697326660156
test_01482,67.09137725830078
test_01483,128.8669662475586
test_01484,103.02293395996094
test_01485,84.82850646972656
test_01486,19.018802642822266
test_01487,48.737030029296875
test_01488,44.335805892944336
test_01489,39.02639961242676
test_01490,110.0069694519043
test_01491,135.2052459716797
test_01492,83.6872329711914
test_01493,13.434715270996094
test_01494,52.713539123535156
test_01495,125.61612319946289
test_01496,34.122079849243164
test_01497,47.894683837890625
test_01498,9.889118194580078
test_01499,121.18789672851562
test_01500,137.53154754638672
test_01501,58.4247932434082
test_01502,70.83374404907227
test_01503,151.15240478515625
test_01504,68.59466934204102
test_01505,92.46843338012695
test_01506,75.05569076538086
test_01507,111.84197998046875
test_01508,26.756595611572266
test_01509,47.21732330322266
test_01510,51.68403625488281
test_01511,75.65232849121094
test_01512,88.43294143676758
test_01513,77.64032745361328
test_01514,30.819246292114258
test_01515,16.216806411743164
test_01516,7.893573760986329
test_01517,26.780229568481445
test_01518,85.81859970092773
test_01519,60.840898513793945
test_01520,31.722864151000977
test_01521,69.84662246704102
test_01522,70.33535385131836
test_01523,34.76687431335449
test_01524,113.13282775878906
test_01525,128.9969482421875
test_01526,5.081855773925781
test_01527,31.31402015686035
test_01528,8.56204605102539
test_01529,19.909626007080078
test_01530,23.51836395263672
test_01531,20.124757766723633
test_01532,7.094581604003906
test_01533,21.11208724975586
test_01534,21.204500198364258
test_01535,138.97360229492188
test_01536,28.970510482788086
test_01537,19.877195358276367
test_01538,56.51634216308594
test_01539,17.393047332763672
test_01540,9.13232421875
test_01541,9.542781829833984
test_01542,37.44693374633789
test_01543,39.76172065734863
test_01544,77.55524063110352
test_01545,56.46615791320801
test_01546,152.49754333496094
test_01547,38.41741943359375
test_01548,25.673974990844727
test_01549,12.125186920166016
test_01550,25.201000213623047
test_01551,47.731449127197266
test_01552,98.12028503417969
test_01553,81.40728759765625
test_01554,32.634117126464844
test_01555,179.61646270751953
test_01556,26.006927490234375
test_01557,9.311473846435547
test_01558,14.14365005493164
test_01559,40.7222957611084
test_01560,98.5650863647461
test_01561,200.63220977783203
test_01562,176.2133560180664
test_01563,103.50378799438477
test_01564,40.64622116088867
test_01565,64.2285270690918
test_01566,52.08003234863281
test_01567,52.13637161254883
test_01568,18.96392822265625
test_01569,49.76627731323242
test_01570,171.20948028564453
test_01571,54.23148536682129
test_01572,122.60229110717773
test_01573,254.26625061035156
test_01574,261.90740966796875
test_01575,126.00183486938477
test_01576,127.16683197021484
test_01577,83.87191009521484
test_01578,241.15748596191403
test_01579,61.25959014892578
test_01580,39.139888763427734
test_01581,6.891422271728516
test_01582,21.645227432250977
test_01583,80.25580215454102
test_01584,112.71720504760742
test_01585,10.719123840332031
test_01586,53.883670806884766
test_01587,3.216888427734375
test_01588,27.139646530151367
test_01589,10.490108489990234
test_01590,8.232284545898438
test_01591,74.3303337097168
test_01592,146.0118865966797
test_01593,262.7213897705078
test_01594,229.18342590332028
test_01595,113.04756927490234
test_01596,128.49077606201172
test_01597,12.881378173828125
test_01598,100.11427307128906
test_01599,209.8840789794922
test_01600,133.58252334594727
test_01601,76.33253860473633
test_01602,61.11767387390137
test_01603,21.764617919921875
test_01604,14.927955627441406
test_01605,80.35123825073242
test_01606,65.07077407836914
test_01607,195.07498931884766
test_01608,40.47280502319336
test_01609,72.55331420898438
test_01610,8.545692443847656
test_01611,7.516792297363281
test_01612,18.49254035949707
test_01613,101.78180694580078
test_01614,205.31881713867188
test_01615,296.20367431640625
test_01616,19.848989486694336
test_01617,108.57941436767578
test_01618,138.3663787841797
test_01619,6.365489959716797
test_01620,139.2746810913086
test_01621,175.4603042602539
test_01622,459.21620178222656
test_01623,93.0746078491211
test_01624,34.89991760253906
test_01625,121.48184585571289
test_01626,191.7531967163086
test_01627,8.78488540649414
test_01628,20.829256057739258
test_01629,154.28121948242188
test_01630,227.81765747070312
test_01631,10.293758392333984
test_01632,16.482097625732422
test_01633,12.557621002197266
test_01634,81.97590637207031
test_01635,267.9907531738281
test_01636,234.5314483642578
test_01637,202.52037811279297
test_01638,375.8230285644531
test_01639,489.7180633544922
test_01640,16.681182861328125
test_01641,91.40683364868164
test_01642,177.6668930053711
test_01643,172.85983276367188
test_01644,12.450023651123047
test_01645,159.28084564208984
test_01646,10.392749786376953
test_01647,349.0876007080078
test_01648,249.82385253906247
test_01649,407.70603942871094
test_01650,148.46314239501953
test_01651,280.6408386230469
test_01652,255.5241241455078
test_01653,176.69198608398438
test_01654,142.88420867919922
test_01655,29.08990478515625
test_01656,11.248809814453125
test_01657,5.763828277587891
test_01658,70.00992202758789
test_01659,91.76227951049805
test_01660,10.320091247558594
test_01661,32.428035736083984
test_01662,88.64313125610352
test_01663,120.94808959960938
test_01664,178.1312713623047
test_01665,53.68179130554199
test_01666,4.388641357421875
test_01667,73.82094955444336
test_01668,9.156463623046875
test_01669,23.54057502746582
test_01670,76.22538757324219
test_01671,177.64910125732422
test_01672,274.78367614746094
test_01673,6.54559326171875
test_01674,541.5894775390625
test_01675,8.158393859863281
test_01676,9.737102508544922
test_01677,65.84602165222168
test_01678,3.669769287109375
test_01679,54.90862464904785
test_01680,83.468017578125
test_01681,7.5908660888671875
test_01682,8.563858032226562
test_01683,59.88357353210449
test_01684,7.888774871826172
test_01685,8.49160385131836
test_01686,11.538749694824219
test_01687,120.89546203613281
test_01688,148.02172088623047
test_01689,164.4518585205078
test_01690,253.2674560546875
test_01691,278.43690490722656
test_01692,3.3345947265625
test_01693,86.52447509765625
test_01694,141.22055053710938
test_01695,2.2827186584472656
test_01696,80.87589263916016
test_01697,88.25387954711914
test_01698,21.003013610839844
test_01699,35.93376541137695
test_01700,8.629928588867188
test_01701,23.262203216552734
test_01702,69.00606536865234
test_01703,9.073307037353516
test_01704,154.36231994628906
test_01705,178.8278656005859
test_01706,334.54493713378906
test_01707,91.51309204101562
test_01708,56.50644111633301
test_01709,52.50721740722656
test_01710,3.7690162658691406
test_01711,6.3449554443359375
test_01712,7.106342315673828
test_01713,13.68581771850586
test_01714,92.44140243530273
test_01715,4.855628967285156
test_01716,113.25648880004883
test_01717,263.78656005859375
test_01718,354.8887481689453
test_01719,91.66173553466797
test_01720,51.725059509277344
test_01721,52.52363395690918
test_01722,116.94763565063477
test_01723,57.26569747924805
test_01724,5.0409088134765625
test_01725,36.26702880859375
test_01726,53.90180587768555
test_01727,10.492286682128906
test_01728,65.932373046875
test_01729,5.247062683105469
test_01730,9.234874725341797
test_01731,88.79307174682617
test_01732,65.39277648925781
test_01733,4.681312561035156
test_01734,10.65511703491211
test_01735,64.37798881530762
test_01736,126.44941329956055
test_01737,79.89480209350586
test_01738,15.494834899902344
test_01739,16.235788345336914
test_01740,52.043148040771484
test_01741,56.35902786254883
test_01742,41.84434700012207
test_01743,126.68153381347656
test_01744,122.34607696533203
test_01745,69.14056777954102
test_01746,91.52914428710938
test_01747,14.802753448486328
test_01748,34.20431327819824
test_01749,39.8950309753418
test_01750,70.24157333374023
test_01751,82.3777084350586
test_01752,20.421703338623047
test_01753,9.631175994873047
test_01754,55.384023666381836
test_01755,54.67699432373047
test_01756,76.12716674804688
test_01757,74.64701080322266
test_01758,68.63515090942383
test_01759,44.68375587463379
test_01760,234.765869140625
test_01761,205.3609924316406
test_01762,19.82271957397461
test_01763,11.837730407714844
test_01764,20.82316780090332
test_01765,47.72773551940918
test_01766,10.968711853027344
test_01767,19.645158767700195
test_01768,60.11551284790039
test_01769,28.226537704467773
test_01770,52.43904685974121
test_01771,195.3289337158203
test_01772,21.29411506652832
test_01773,36.062591552734375
test_01774,61.74166297912598
test_01775,51.112693786621094
test_01776,41.58316612243652
test_01777,54.645877838134766
test_01778,89.32136154174805
test_01779,97.84313583374023
test_01780,84.18380737304688
test_01781,41.85740089416504
test_01782,78.88014221191406
test_01783,28.95104217529297
test_01784,8.738288879394531
test_01785,14.332183837890625
test_01786,57.875797271728516
test_01787,18.163982391357422
test_01788,92.9593391418457
test_01789,36.51617240905762
test_01790,41.0230827331543
test_01791,64.63183212280273
test_01792,53.915273666381836
test_01793,68.61352920532227
test_01794,116.72916412353516
test_01795,90.4295425415039
test_01796,248.2073516845703
test_01797,46.33018684387208
test_01798,8.33346939086914
test_01799,38.71809387207031
test_01800,25.0874080657959
test_01801,55.771636962890625
test_01802,8.692394256591797
test_01803,30.30419921875
test_01804,28.717060089111328
test_01805,36.97141075134277
test_01806,76.21091842651367
test_01807,105.19513320922852
test_01808,112.73623657226562
test_01809,79.06733703613281
test_01810,20.984891891479492
test_01811,8.120803833007812
test_01812,12.257564544677734
test_01813,38.07692909240723
test_01814,90.2871208190918
test_01815,97.69949340820312
test_01816,108.95226287841797
test_01817,53.52650833129883
test_01818,29.39818572998047
test_01819,38.2396354675293
test_01820,107.0063247680664
test_01821,54.14870834350586
test_01822,100.2874526977539
test_01823,88.33809280395508
test_01824,63.24747848510742
test_01825,102.14521408081055
test_01826,112.9207649230957
test_01827,83.02989959716797
test_01828,69.77790451049805
test_01829,16.307384490966797
test_01830,44.46799278259277
test_01831,26.085147857666016
test_01832,29.975589752197266
test_01833,76.10921096801758
test_01834,111.7730941772461
test_01835,58.5139274597168
test_01836,8.68206787109375
test_01837,25.350921630859375
test_01838,55.51121139526367
test_01839,143.97817993164062
test_01840,137.77850341796875
test_01841,34.461185455322266
test_01842,35.6378288269043
test_01843,12.527667999267578
test_01844,83.72277069091797
test_01845,117.452392578125
test_01846,50.94714546203613
test_01847,76.18420028686523
test_01848,65.96780776977539
test_01849,23.04545783996582
test_01850,34.91033935546875
test_01851,76.33120727539062
test_01852,89.74866104125977
test_01853,22.75860595703125
test_01854,40.04582595825195
test_01855,43.59598922729492
test_01856,65.4194221496582
test_01857,106.81699752807617
test_01858,40.329463958740234
test_01859,38.1546745300293
test_01860,15.868976593017578
test_01861,9.892467498779297
test_01862,25.509302139282227
test_01863,70.41268539428711
test_01864,61.518768310546875
test_01865,25.53306007385254
test_01866,64.96736907958984
test_01867,75.47490310668945
test_01868,46.91488265991211
test_01869,99.16254425048828
test_01870,85.70526504516602
test_01871,2.2676734924316406
test_01872,6.4387664794921875
test_01873,8.431961059570312
test_01874,10.444202423095703
test_01875,25.571130752563477
test_01876,12.857921600341797
test_01877,2.6528472900390625
test_01878,22.286996841430664
test_01879,14.504405975341797
test_01880,140.87326049804688
test_01881,14.742256164550781
test_01882,56.39208221435547
test_01883,7.369281768798828
test_01884,7.678520202636719
test_01885,11.788185119628906
test_01886,30.90968132019043
test_01887,38.51791763305664
test_01888,94.23040771484375
test_01889,46.66965675354004
test_01890,169.2849349975586
test_01891,67.5812873840332
test_01892,21.5545711517334
test_01893,15.512214660644531
test_01894,22.21037483215332
test_01895,90.12441635131836
test_01896,85.55049896240234
test_01897,97.41121673583984
test_01898,215.99598693847656
test_01899,27.75785255432129
test_01900,9.130958557128906
test_01901,10.114212036132812
test_01902,195.87673950195312
test_01903,198.672607421875
test_01904,99.37742233276367
test_01905,33.03373718261719
test_01906,60.275068283081055
test_01907,59.01019477844238
test_01908,45.726797103881836
test_01909,36.57881164550781
test_01910,85.16679763793945
test_01911,156.45367431640625
test_01912,78.60372924804688
test_01913,122.22937774658203
test_01914,195.37682342529297
test_01915,256.58837890625
test_01916,143.65689849853516
test_01917,101.44010162353516
test_01918,84.20261764526367
test_01919,199.12240600585938
test_01920,81.84985733032227
test_01921,52.38918495178223
test_01922,17.746309280395508
test_01923,18.941205978393555
test_01924,33.596744537353516
test_01925,95.15671920776367
test_01926,10.507736206054688
test_01927,36.68377685546875
test_01928,4.437278747558594
test_01929,24.115144729614258
test_01930,8.002555847167969
test_01931,8.659210205078125
test_01932,75.21733856201172
test_01933,143.9414825439453
test_01934,310.7218933105469
test_01935,230.6308135986328
test_01936,92.35883712768555
test_01937,115.04110717773438
test_01938,8.435806274414062
test_01939,99.23973083496094
test_01940,210.4729461669922
test_01941,47.11661338806152
test_01942,73.61237335205078
test_01943,50.340476989746094
test_01944,13.320709228515625
test_01945,20.107648849487305
test_01946,77.08048629760742
test_01947,72.81925582885742
test_01948,165.63459014892578
test_01949,15.865091323852539
test_01950,60.09664344787598
test_01951,4.096363067626953
test_01952,5.635162353515626
test_01953,2.3661766052246094
test_01954,85.25408554077148
test_01955,174.34727478027344
test_01956,429.2867431640625
test_01957,17.395782470703125
test_01958,119.57467651367188
test_01959,139.64981079101562
test_01960,7.044689178466797
test_01961,65.8704948425293
test_01962,91.77620697021484
test_01963,359.03468322753906
test_01964,144.91846466064453
test_01965,42.010244369506836
test_01966,67.1141586303711
test_01967,188.19728088378903
test_01968,5.710151672363281
test_01969,20.95990753173828
test_01970,110.81401062011719
test_01971,242.72467041015625
test_01972,10.076797485351562
test_01973,1.3794517517089844
test_01974,92.6406135559082
test_01975,163.8254623413086
test_01976,264.97715759277344
test_01977,209.17459106445312
test_01978,503.7890319824219
test_01979,445.8793640136719
test_01980,6.044990539550781
test_01981,98.16650009155273
test_01982,158.30430603027344
test_01983,159.5586700439453
test_01984,13.028812408447266
test_01985,173.2330322265625
test_01986,8.228683471679688
test_01987,66.1487922668457
test_01988,183.51981353759766
test_01989,385.49473571777344
test_01990,7.766201019287109
test_01991,189.20601654052734
test_01992,359.8257293701172
test_01993,250.894287109375
test_01994,163.8662872314453
test_01995,245.15823364257807
test_01996,18.613981246948242
test_01997,17.585275650024414
test_01998,5.372310638427734
test_01999,59.65330505371094
test_02000,99.47589111328125
test_02001,3.373340606689453
test_02002,28.534902572631836
test_02003,94.81702041625977
test_02004,126.29134368896484
test_02005,172.24207305908203
test_02006,70.0309829711914
test_02007,2.2866592407226562
test_02008,71.4869384765625
test_02009,14.750436782836914
test_02010,21.479623794555664
test_02011,41.252052307128906
test_02012,92.591552734375
test_02013,216.7958984375
test_02014,2.0102691650390625
test_02015,492.67828369140625
test_02016,3.926582336425781
test_02017,11.87674331665039
test_02018,77.40439224243164
test_02019,5.305667877197266
test_02020,58.65786361694336
test_02021,101.44709777832031
test_02022,272.7236022949219
test_02023,3.7723541259765625
test_02024,13.539051055908203
test_02025,74.4307861328125
test_02026,8.16690444946289
test_02027,5.586277008056641
test_02028,8.874248504638672
test_02029,165.2894287109375
test_02030,172.5381317138672
test_02031,114.97520065307617
test_02032,216.28843688964844
test_02033,279.61573791503906
test_02034,5.219654083251953
test_02035,75.99492645263672
test_02036,130.99591064453125
test_02037,4.65557861328125
test_02038,81.03736114501953
test_02039,101.81031799316406
test_02040,22.859474182128906
test_02041,28.173646926879883
test_02042,10.243587493896484
test_02043,28.179718017578125
test_02044,71.01786041259766
test_02045,4.144981384277344
test_02046,121.88142776489258
test_02047,130.5614013671875
test_02048,312.1319274902344
test_02049,48.4194278717041
test_02050,30.403596878051758
test_02051,98.47263717651369
test_02052,8.7703857421875
test_02053,9.975582122802734
test_02054,10.244873046875
test_02055,18.770296096801758
test_02056,80.85031509399414
test_02057,9.843742370605469
test_02058,72.57310104370117
test_02059,205.89762115478516
test_02060,271.29229736328125
test_02061,29.25436019897461
test_02062,55.286048889160156
test_02063,34.20507049560547
test_02064,124.2760009765625
test_02065,59.88253593444824
test_02066,8.204734802246094
test_02067,19.28286361694336
test_02068,14.686576843261719
test_02069,9.565437316894531
test_02070,25.109220504760742
test_02071,8.194900512695312
test_02072,5.576000213623047
test_02073,52.84686088562012
test_02074,71.8533821105957
test_02075,7.371334075927734
test_02076,10.654098510742188
test_02077,85.7694320678711
test_02078,88.1404800415039
test_02079,3.400379180908203
test_02080,8.77322006225586
test_02081,50.682912826538086
test_02082,53.61240768432617
test_02083,35.387508392333984
test_02084,72.3595962524414
test_02085,50.14109230041504
test_02086,42.5056266784668
test_02087,79.82950592041016
test_02088,11.891654968261719
test_02089,15.591426849365234
test_02090,23.685169219970703
test_02091,45.21210479736328
test_02092,66.69990158081055
test_02093,33.65873718261719
test_02094,11.991928100585938
test_02095,29.538068771362305
test_02096,60.37718200683594
test_02097,67.2051773071289
test_02098,57.42207336425781
test_02099,66.46470260620117
test_02100,38.48564910888672
test_02101,133.2004623413086
test_02102,174.67999267578125
test_02103,45.03683853149414
test_02104,3.741138458251953
test_02105,57.59158706665039
test_02106,52.16556358337402
test_02107,23.03407859802246
test_02108,27.442333221435547
test_02109,51.511566162109375
test_02110,25.329469680786133
test_02111,80.86626434326172
test_02112,115.8745002746582
test_02113,15.804849624633789
test_02114,30.840606689453125
test_02115,66.52430725097656
test_02116,11.210540771484375
test_02117,20.24954605102539
test_02118,68.7691650390625
test_02119,103.55206298828125
test_02120,74.1869010925293
test_02121,50.80545234680176
test_02122,34.28210639953613
test_02123,53.79417610168457
test_02124,16.382164001464844
test_02125,10.249767303466799
test_02126,16.8754825592041
test_02127,66.6507797241211
test_02128,59.53965377807617
test_02129,13.540191650390625
test_02130,70.56797790527344
test_02131,29.88046646118164
test_02132,32.111289978027344
test_02133,49.396915435791016
test_02134,52.46211624145508
test_02135,86.72415542602539
test_02136,53.989383697509766
test_02137,47.0596866607666
test_02138,70.5434684753418
test_02139,78.80108261108398
test_02140,36.65538024902344
test_02141,8.476329803466797
test_02142,53.31806564331055
test_02143,18.81827735900879
test_02144,37.56436538696289
test_02145,14.023868560791016
test_02146,14.701950073242188
test_02147,18.767847061157227
test_02148,19.659765243530273
test_02149,58.717777252197266
test_02150,80.05094146728516
test_02151,107.70848083496094
test_02152,42.9601993560791
test_02153,38.57666778564453
test_02154,4.501548767089844
test_02155,16.57424545288086
test_02156,72.36869430541992
test_02157,60.7911262512207
test_02158,39.34183692932129
test_02159,113.97434616088867
test_02160,34.091739654541016
test_02161,13.309528350830078
test_02162,48.71795654296876
test_02163,65.58163070678711
test_02164,38.79339027404785
test_02165,90.5188217163086
test_02166,107.79448699951172
test_02167,63.53183364868164
test_02168,44.63743782043458
test_02169,123.59358596801758
test_02170,100.94281005859375
test_02171,83.54266738891602
test_02172,10.53104019165039
test_02173,37.09067153930664
test_02174,32.366641998291016
test_02175,19.781465530395508
test_02176,43.08840370178223
test_02177,85.9208984375
test_02178,67.5921401977539
test_02179,8.905340194702148
test_02180,13.39596939086914
test_02181,76.55253982543945
test_02182,112.02677917480469
test_02183,103.91447830200195
test_02184,35.46957588195801
test_02185,28.98689842224121
test_02186,23.39107322692871
test_02187,181.6943817138672
test_02188,46.07362747192383
test_02189,35.040510177612305
test_02190,46.81155776977539
test_02191,32.34462547302246
test_02192,57.587196350097656
test_02193,63.5635871887207
test_02194,98.97360610961914
test_02195,17.361791610717773
test_02196,19.336030960083008
test_02197,28.789764404296875
test_02198,128.87446975708008
test_02199,114.9825439453125
test_02200,10.237207412719727
test_02201,15.017091751098633
test_02202,10.763526916503906
test_02203,13.253852844238281
test_02204,26.83135986328125
test_02205,53.633100509643555
test_02206,52.20905876159668
test_02207,19.034832000732422
test_02208,44.69770812988281
test_02209,64.2396297454834
test_02210,44.63375663757324
test_02211,61.717777252197266
test_02212,91.31605529785156
test_02213,5.184322357177734
test_02214,12.214153289794922
test_02215,9.917724609375
test_02216,10.517292022705078
test_02217,16.725955963134766
test_02218,19.433902740478516
test_02219,5.941165924072266
test_02220,13.175853729248047
test_02221,13.261585235595703
test_02222,108.78984451293945
test_02223,32.353485107421875
test_02224,13.174427032470703
test_02225,40.220232009887695
test_02226,12.782394409179688
test_02227,7.566490173339844
test_02228,10.950618743896484
test_02229,21.65694236755371
test_02230,31.26630401611328
test_02231,110.23737335205078
test_02232,91.54073333740234
test_02233,49.34165954589844
test_02234,26.438610076904297
test_02235,16.601301193237305
test_02236,10.299800872802734
test_02237,17.50289535522461
test_02238,75.12773132324219
test_02239,132.57041931152344
test_02240,17.918245315551758
test_02241,134.99899291992188
test_02242,21.977294921875
test_02243,6.623237609863281
test_02244,8.482685089111328
test_02245,18.086936950683594
test_02246,196.18859863281247
test_02247,150.41354370117188
test_02248,54.96837615966797
test_02249,34.034807205200195
test_02250,76.70182037353516
test_02251,80.04773330688477
test_02252,40.7059326171875
test_02253,14.971246719360352
test_02254,62.33528518676758
test_02255,119.08573913574219
test_02256,74.54077911376953
test_02257,103.95503997802734
test_02258,148.65528869628906
test_02259,248.16464233398438
test_02260,96.78289794921875
test_02261,68.39845275878906
test_02262,54.043460845947266
test_02263,178.54733276367188
test_02264,133.2475814819336
test_02265,34.007568359375
test_02266,6.709377288818359
test_02267,19.396127700805664
test_02268,23.65702247619629
test_02269,6.816497802734375
test_02270,34.01911735534668
test_02271,2.3099098205566406
test_02272,30.081602096557617
test_02273,7.263523101806641
test_02274,9.727424621582031
test_02275,71.19215393066406
test_02276,134.78829193115234
test_02277,293.2487335205078
test_02278,209.86878967285156
test_02279,162.57305145263672
test_02280,68.89308547973633
test_02281,16.644332885742188
test_02282,44.27579879760742
test_02283,163.8763656616211
test_02284,77.03128433227539
test_02285,61.42564010620117
test_02286,52.97665023803711
test_02287,65.34623336791992
test_02288,16.294139862060547
test_02289,66.4670295715332
test_02290,129.30487060546875
test_02291,179.5205307006836
test_02292,24.98143196105957
test_02293,46.45301628112793
test_02294,9.98099136352539
test_02295,8.87887954711914
test_02296,9.45290756225586
test_02297,79.76577377319336
test_02298,94.5410270690918
test_02299,208.11900329589844
test_02300,37.127197265625
test_02301,52.76216125488281
test_02302,81.59538269042969
test_02303,7.516197204589844
test_02304,34.118465423583984
test_02305,64.23874282836914
test_02306,282.1284637451172
test_02307,105.22046661376952
test_02308,15.069190979003906
test_02309,45.25115776062012
test_02310,133.27027130126953
test_02311,15.449687957763672
test_02312,16.968809127807617
test_02313,45.38422966003418
test_02314,204.04582977294922
test_02315,9.341766357421875
test_02316,11.790458679199219
test_02317,7.769702911376953
test_02318,25.003173828125
test_02319,66.71952819824219
test_02320,100.96805191040038
test_02321,73.81110382080078
test_02322,383.2931365966797
test_02323,390.97438049316406
test_02324,6.672386169433594
test_02325,37.88647270202637
test_02326,137.95266723632812
test_02327,152.05213928222656
test_02328,20.07502555847168
test_02329,56.57792663574219
test_02330,27.78478240966797
test_02331,42.75632667541504
test_02332,123.99401092529297
test_02333,310.3033142089844
test_02334,267.5622100830078
test_02335,147.13924407958984
test_02336,86.62016677856445
test_02337,239.72042846679688
test_02338,132.9802017211914
test_02339,146.13287353515625
test_02340,34.800682067871094
test_02341,14.515743255615234
test_02342,2.616260528564453
test_02343,51.20956420898438
test_02344,19.949838638305664
test_02345,15.151802062988281
test_02346,11.403377532958984
test_02347,86.05873107910156
test_02348,139.76629638671875
test_02349,153.74588012695312
test_02350,42.37689018249512
test_02351,6.545204162597656
test_02352,41.69857215881348
test_02353,12.6961669921875
test_02354,13.75613784790039
test_02355,25.322635650634766
test_02356,84.9556884765625
test_02357,186.13883972167966
test_02358,4.912567138671875
test_02359,212.98267364501953
test_02360,7.422893524169922
test_02361,14.846435546875
test_02362,67.17765426635742
test_02363,6.7353057861328125
test_02364,34.52989959716797
test_02365,53.803361892700195
test_02366,232.2050018310547
test_02367,8.133487701416016
test_02368,6.693061828613281
test_02369,86.40689468383789
test_02370,4.513767242431641
test_02371,7.4568939208984375
test_02372,10.632701873779297
test_02373,138.57512664794922
test_02374,82.72373580932617
test_02375,130.43978881835938
test_02376,217.56146240234372
test_02377,231.45530700683594
test_02378,3.4995956420898438
test_02379,31.62161636352539
test_02380,103.56085205078125
test_02381,2.8554344177246094
test_02382,26.914945602416992
test_02383,95.68819427490234
test_02384,18.19283103942871
test_02385,24.82162857055664
test_02386,33.40971755981445
test_02387,20.76479148864746
test_02388,55.75675582885742
test_02389,8.720657348632812
test_02390,206.46946716308594
test_02391,122.2715950012207
test_02392,392.83856201171875
test_02393,72.22476577758789
test_02394,52.07740020751953
test_02395,119.17572784423828
test_02396,8.252532958984375
test_02397,5.779212951660156
test_02398,11.914520263671875
test_02399,19.74863624572754
test_02400,100.78228378295898
test_02401,7.388278961181641
test_02402,124.14218521118164
test_02403,271.1319885253906
test_02404,279.8927917480469
test_02405,61.49179458618164
test_02406,45.87070655822754
test_02407,52.188472747802734
test_02408,124.7035903930664
test_02409,51.050254821777344
test_02410,14.81045150756836
test_02411,33.3421630859375
test_02412,35.54060173034668
test_02413,11.916400909423828
test_02414,51.10442924499512
test_02415,8.745155334472656
test_02416,8.284442901611328
test_02417,119.18392562866211
test_02418,81.89849853515625
test_02419,5.488430023193359
test_02420,18.619827270507812
test_02421,69.27792739868164
test_02422,91.92005157470703
test_02423,105.35322570800781
test_02424,24.04412269592285
test_02425,13.962467193603516
test_02426,57.07240676879883
test_02427,62.28818321228027
test_02428,37.97852325439453
test_02429,87.33784484863281
test_02430,60.34011459350586
test_02431,39.69173240661621
test_02432,87.01330184936523
test_02433,6.880439758300781
test_02434,15.033418655395508
test_02435,30.943798065185547
test_02436,61.084739685058594
test_02437,78.07112884521484
test_02438,50.7734432220459
test_02439,28.34871292114258
test_02440,71.07064437866211
test_02441,62.007205963134766
test_02442,80.6238021850586
test_02443,90.72396087646484
test_02444,102.0982437133789
test_02445,65.99154663085938
test_02446,129.93244552612305
test_02447,193.45948791503906
test_02448,45.973134994506836
test_02449,7.5501251220703125
test_02450,27.36684799194336
test_02451,43.83136558532715
test_02452,15.115217208862305
test_02453,28.07006072998047
test_02454,91.81291198730469
test_02455,24.68540954589844
test_02456,39.11607551574707
test_02457,144.07479858398438
test_02458,16.999208450317383
test_02459,32.02414894104004
test_02460,58.19814872741699
test_02461,34.924827575683594
test_02462,40.33631896972656
test_02463,47.332908630371094
test_02464,77.78782272338867
test_02465,124.82873153686523
test_02466,90.62736129760742
test_02467,77.57385635375977
test_02468,80.666748046875
test_02469,47.016727447509766
test_02470,12.667583465576172
test_02471,20.76291275024414
test_02472,84.14935684204102
test_02473,33.87249565124512
test_02474,6.9761810302734375
test_02475,100.92539596557617
test_02476,40.57573699951172
test_02477,30.904569625854492
test_02478,42.86146354675293
test_02479,88.87628173828125
test_02480,69.9620132446289
test_02481,64.6200180053711
test_02482,128.51446533203125
test_02483,90.22011947631836
test_02484,177.12152099609375
test_02485,39.262603759765625
test_02486,8.121978759765625
test_02487,62.543209075927734
test_02488,70.54235076904297
test_02489,64.9100456237793
test_02490,14.32327651977539
test_02491,29.79695129394531
test_02492,34.89986038208008
test_02493,47.72965621948242
test_02494,118.87259674072266
test_02495,81.21920394897461
test_02496,178.13845825195312
test_02497,61.764108657836914
test_02498,137.73230743408203
test_02499,11.187007904052734
test_02500,17.137048721313477
test_02501,30.98846435546875
test_02502,69.02507019042969
test_02503,98.32027816772461
test_02504,110.8817138671875
test_02505,49.75544548034668
test_02506,37.44919013977051
test_02507,42.780723571777344
test_02508,133.49185943603516
test_02509,61.09228515625
test_02510,90.80385971069336
test_02511,78.32048416137695
test_02512,64.2236213684082
test_02513,70.92731094360352
test_02514,115.86276626586914
test_02515,85.18022918701172
test_02516,66.19055557250977
test_02517,21.89347267150879
test_02518,60.32815742492676
test_02519,36.6712703704834
test_02520,34.656904220581055
test_02521,97.40420150756836
test_02522,93.69704055786133
test_02523,96.09683990478516
test_02524,11.562738418579102
test_02525,38.04519271850586
test_02526,70.35706329345703
test_02527,142.13584899902344
test_02528,127.06396102905273
test_02529,25.903640747070312
test_02530,46.33967208862305
test_02531,9.407688140869142
test_02532,129.1636199951172
test_02533,118.12660217285156
test_02534,35.44980812072754
test_02535,58.10758399963379
test_02536,169.6604232788086
test_02537,90.05838012695312
test_02538,102.93357849121094
test_02539,68.57864379882812
test_02540,135.67644500732422
test_02541,24.5628662109375
test_02542,47.12814521789551
test_02543,63.35403251647949
test_02544,75.36252975463867
test_02545,87.12525177001953
test_02546,56.79195022583008
test_02547,30.826997756958008
test_02548,16.973121643066406
test_02549,14.822013854980469
test_02550,30.76043128967285
test_02551,91.2446403503418
test_02552,57.3302116394043
test_02553,33.330039978027344
test_02554,71.04231262207031
test_02555,64.75962829589844
test_02556,40.85127067565919
test_02557,89.54764556884766
test_02558,99.80465316772461
test_02559,6.548606872558594
test_02560,35.93728256225586
test_02561,14.323478698730469
test_02562,24.19399261474609
test_02563,42.67634582519531
test_02564,24.46416473388672
test_02565,7.418251037597656
test_02566,10.015613555908201
test_02567,15.644599914550781
test_02568,135.34805297851562
test_02569,39.83919334411621
test_02570,11.197185516357422
test_02571,41.4782600402832
test_02572,9.567955017089844
test_02573,7.175048828125
test_02574,10.903953552246094
test_02575,34.91913032531738
test_02576,47.08465766906738
test_02577,66.58678436279297
test_02578,57.11238098144531
test_02579,160.26370239257812
test_02580,36.234331130981445
test_02581,24.345251083374023
test_02582,11.579856872558594
test_02583,42.63880157470703
test_02584,61.48075866699219
test_02585,90.89231491088867
test_02586,127.45005798339844
test_02587,28.049318313598633
test_02588,195.07470703124997
test_02589,33.87929344177246
test_02590,9.973514556884766
test_02591,8.957996368408203
test_02592,49.70627403259277
test_02593,89.34634017944336
test_02594,221.31004333496094
test_02595,188.67747497558594
test_02596,102.76956176757812
test_02597,46.04660606384277
test_02598,63.259613037109375
test_02599,58.3380241394043
test_02600,46.864450454711914
test_02601,15.88824462890625
test_02602,55.34498977661133
test_02603,159.67214965820312
test_02604,54.802995681762695
test_02605,135.99251556396484
test_02606,263.82456970214844
test_02607,117.04118347167969
test_02608,105.79425048828126
test_02609,46.5504150390625
test_02610,153.2181396484375
test_02611,45.872724533081055
test_02612,45.21184158325195
test_02613,9.627574920654297
test_02614,28.19488525390625
test_02615,58.98860549926758
test_02616,114.74372482299805
test_02617,4.794872283935547
test_02618,69.56553268432617
test_02619,5.105464935302734
test_02620,29.80316162109375
test_02621,9.158611297607422
test_02622,14.067142486572266
test_02623,76.68320846557617
test_02624,159.2490692138672
test_02625,303.1449737548828
test_02626,255.74639892578125
test_02627,119.65290069580078
test_02628,113.66108703613281
test_02629,11.091659545898438
test_02630,94.99382781982422
test_02631,231.04876708984375
test_02632,35.04983329772949
test_02633,67.88961410522461
test_02634,59.68474578857422
test_02635,14.630104064941406
test_02636,19.205747604370117
test_02637,93.58494567871094
test_02638,64.39426803588867
test_02639,185.2903594970703
test_02640,25.280275344848633
test_02641,78.13059997558594
test_02642,8.484542846679688
test_02643,9.391376495361328
test_02644,6.463233947753906
test_02645,90.34765625
test_02646,206.1403121948242
test_02647,242.79298400878906
test_02648,19.93672752380371
test_02649,152.3441162109375
test_02650,107.57215881347656
test_02651,9.791915893554688
test_02652,131.04999542236328
test_02653,229.38111877441406
test_02654,496.9719696044922
test_02655,71.67351913452148
test_02656,43.860694885253906
test_02657,131.9225730895996
test_02658,219.64932250976562
test_02659,10.724811553955078
test_02660,19.72737503051758
test_02661,183.75318908691406
test_02662,229.57356262207028
test_02663,11.023506164550781
test_02664,12.356590270996094
test_02665,7.43310546875
test_02666,86.65211486816406
test_02667,268.36595153808594
test_02668,205.36460876464844
test_02669,260.299072265625
test_02670,371.13182067871094
test_02671,404.1752166748047
test_02672,11.19571304321289
test_02673,95.56579208374023
test_02674,142.53878021240234
test_02675,192.66943359375
test_02676,16.855064392089844
test_02677,138.76029205322266
test_02678,14.14599609375
test_02679,381.83763122558594
test_02680,345.45960998535156
test_02681,128.155517578125
test_02682,339.4401092529297
test_02683,476.2204284667969
test_02684,262.1441345214844
test_02685,245.79652404785156
test_02686,162.0780487060547
test_02687,20.04582977294922
test_02688,12.95291519165039
test_02689,8.336074829101562
test_02690,12.493236541748047
test_02691,58.70147132873535
test_02692,6.096416473388672
test_02693,33.750505447387695
test_02694,74.06960678100586
test_02695,139.6812973022461
test_02696,182.64359283447266
test_02697,67.49154663085938
test_02698,5.363075256347656
test_02699,76.1268539428711
test_02700,11.740192413330078
test_02701,26.13490104675293
test_02702,137.88175201416016
test_02703,199.95399475097656
test_02704,321.56146240234375
test_02705,10.648468017578125
test_02706,394.40919494628906
test_02707,8.462482452392578
test_02708,7.735942840576172
test_02709,99.42155075073242
test_02710,5.3250732421875
test_02711,42.32505226135254
test_02712,74.45783233642578
test_02713,280.189697265625
test_02714,4.440975189208984
test_02715,10.593868255615234
test_02716,50.9934024810791
test_02717,3.1285629272460938
test_02718,7.972698211669922
test_02719,9.459613800048828
test_02720,89.91717529296875
test_02721,135.1142120361328
test_02722,188.44795989990234
test_02723,260.15611267089844
test_02724,288.50059509277344
test_02725,4.7131195068359375
test_02726,88.7108039855957
test_02727,180.4114990234375
test_02728,5.671882629394531
test_02729,76.09830093383789
test_02730,17.746143341064453
test_02731,38.61892509460449
test_02732,21.134841918945312
test_02733,25.469928741455078
test_02734,95.19775009155273
test_02735,4.621776580810547
test_02736,209.64031982421875
test_02737,405.0535583496094
test_02738,43.540143966674805
test_02739,35.66000556945801
test_02740,120.30693054199219
test_02741,5.0343017578125
test_02742,6.763370513916016
test_02743,13.435836791992188
test_02744,9.104938507080078
test_02745,227.3275909423828
test_02746,72.61186218261719
test_02747,328.59751892089844
test_02748,264.57542419433594
test_02749,47.7868709564209
test_02750,44.529361724853516
test_02751,39.697683334350586
test_02752,127.11761474609375
test_02753,62.129098892211914
test_02754,12.428653717041016
test_02755,42.32903861999512
test_02756,69.6456298828125
test_02757,17.303342819213867
test_02758,57.98470497131348
test_02759,5.991085052490234
test_02760,4.846107482910156
test_02761,112.12244033813477
test_02762,119.34603881835938
test_02763,15.656770706176758
test_02764,18.145660400390625
test_02765,74.23794555664062
test_02766,89.65039443969727
test_02767,48.62396240234375
test_02768,6.1049041748046875
test_02769,82.75872802734375
test_02770,60.245975494384766
test_02771,42.53908157348633
test_02772,104.93014526367188
test_02773,7.475444793701172
test_02774,30.341028213500977
test_02775,104.8831558227539
test_02776,19.163278579711914
test_02777,29.576900482177734
test_02778,52.12511825561524
test_02779,70.32318878173828
test_02780,32.24857521057129
test_02781,11.25326919555664
test_02782,45.16965103149414
test_02783,52.313541412353516
test_02784,68.79680252075195
test_02785,86.68824005126953
test_02786,72.32263565063477
test_02787,54.199663162231445
test_02788,162.39060974121094
test_02789,205.58168029785156
test_02790,8.715816497802734
test_02791,43.00009727478027
test_02792,10.022560119628906
test_02793,16.005558013916016
test_02794,45.88155174255371
test_02795,17.80887794494629
test_02796,33.49001502990723
test_02797,126.89561462402344
test_02798,22.187164306640625
test_02799,33.78095817565918
test_02800,70.84018325805664
test_02801,27.56915855407715
test_02802,41.171884536743164
test_02803,46.06283378601074
test_02804,84.17137145996094
test_02805,103.82182693481445
test_02806,57.53571701049805
test_02807,38.64869499206543
test_02808,62.65407752990723
test_02809,24.728925704956055
test_02810,13.698173522949219
test_02811,14.468559265136719
test_02812,99.63091659545898
test_02813,45.10061454772949
test_02814,9.19131088256836
test_02815,83.28977584838867
test_02816,34.25429916381836
test_02817,26.829805374145508
test_02818,38.49135971069336
test_02819,70.8172721862793
test_02820,94.73347473144531
test_02821,45.36501693725586
test_02822,145.28160858154297
test_02823,79.79862213134766
test_02824,166.49876403808594
test_02825,37.860239028930664
test_02826,4.6866912841796875
test_02827,66.77975463867188
test_02828,29.60281753540039
test_02829,55.99073600769043
test_02830,16.55217170715332
test_02831,15.560001373291016
test_02832,22.64220428466797
test_02833,24.423126220703125
test_02834,74.20890808105469
test_02835,77.41028594970703
test_02836,141.26466369628906
test_02837,49.77931594848633
test_02838,167.7528839111328
test_02839,10.989288330078125
test_02840,22.26654815673828
test_02841,66.64631271362305
test_02842,90.53067016601562
test_02843,67.92388916015625
test_02844,97.28992080688477
test_02845,42.8034782409668
test_02846,11.263874053955078
test_02847,91.7893180847168
test_02848,118.53083038330078
test_02849,111.65902709960938
test_02850,40.30320930480957
test_02851,54.391231536865234
test_02852,130.46315002441406
test_02853,88.34476470947266
test_02854,86.21641159057617
test_02855,17.6622371673584
test_02856,34.47469520568848
test_02857,34.32187843322754
test_02858,25.213947296142578
test_02859,70.62957382202148
test_02860,77.67969512939453
test_02861,12.796138763427734
test_02862,27.49786949157715
test_02863,75.23135757446289
test_02864,84.46755599975586
test_02865,112.49392318725586
test_02866,37.63113594055176
test_02867,51.196428298950195
test_02868,11.732585906982422
test_02869,96.3846435546875
test_02870,179.72478485107422
test_02871,42.47257423400879
test_02872,50.66106986999512
test_02873,69.10663223266602
test_02874,100.80110931396484
test_02875,165.81224060058594
test_02876,67.47123336791992
test_02877,102.31700134277344
test_02878,19.275972366333008
test_02879,16.604877471923828
test_02880,38.86791610717773
test_02881,88.23440551757812
test_02882,98.18145751953125
test_02883,55.134239196777344
test_02884,22.677196502685547
test_02885,9.667163848876953
test_02886,18.29925537109375
test_02887,40.767831802368164
test_02888,65.77241897583008
test_02889,36.48993492126465
test_02890,24.60655403137207
test_02891,27.329702377319336
test_02892,53.68754005432129
test_02893,81.8162841796875
test_02894,74.15837097167969
test_02895,146.5449447631836
test_02896,8.979244232177734
test_02897,20.133216857910156
test_02898,7.470203399658203
test_02899,8.363384246826172
test_02900,17.01677894592285
test_02901,26.026132583618164
test_02902,9.921741485595703
test_02903,12.460575103759766
test_02904,13.060600280761719
test_02905,28.645397186279297
test_02906,15.321517944335938
test_02907,36.058799743652344
test_02908,11.128002166748047
test_02909,9.657054901123047
test_02910,11.047069549560547
test_02911,23.743711471557617
test_02912,34.55809020996094
test_02913,91.44081497192381
test_02914,154.77740478515625
test_02915,25.215503692626953
test_02916,17.501361846923825
test_02917,12.740272521972656
test_02918,27.85797119140625
test_02919,36.52725601196289
test_02920,58.183773040771484
test_02921,117.22541046142578
test_02922,16.60033988952637
test_02923,178.49404907226562
test_02924,32.40890312194824
test_02925,9.744388580322266
test_02926,8.228904724121094
test_02927,33.13104438781738
test_02928,74.64339447021484
test_02929,209.82433319091797
test_02930,164.13278198242188
test_02931,45.3382625579834
test_02932,54.88760185241699
test_02933,83.61004257202148
test_02934,88.8654899597168
test_02935,79.64229965209961
test_02936,18.248790740966797
test_02937,41.853017807006836
test_02938,151.99909210205078
test_02939,84.95712280273438
test_02940,118.81344604492188
test_02941,199.18550872802734
test_02942,170.75547790527344
test_02943,139.036376953125
test_02944,78.31926345825195
test_02945,47.62691307067871
test_02946,160.17491149902344
test_02947,95.10596084594727
test_02948,31.003982543945312
test_02949,5.503654479980469
test_02950,18.975753784179688
test_02951,39.326698303222656
test_02952,62.375701904296875
test_02953,2.2943763732910156
test_02954,1.3125648498535156
test_02955,22.224430084228516
test_02956,18.136322021484375
test_02957,6.1336669921875
test_02958,74.19074249267578
test_02959,129.84643936157227
test_02960,280.86585998535156
test_02961,140.1706085205078
test_02962,114.86333084106445
test_02963,92.33444213867188
test_02964,8.097591400146484
test_02965,77.0584716796875
test_02966,155.6411590576172
test_02967,93.72306060791016
test_02968,50.18453407287598
test_02969,56.177371978759766
test_02970,63.85585403442383
test_02971,13.289169311523438
test_02972,78.13764953613281
test_02973,125.50987243652344
test_02974,160.7843780517578
test_02975,46.871307373046875
test_02976,65.94890975952148
test_02977,10.145736694335938
test_02978,7.217014312744141
test_02979,8.481758117675781
test_02980,83.88385009765625
test_02981,137.08596801757812
test_02982,204.0182647705078
test_02983,15.09170913696289
test_02984,68.03512191772461
test_02985,108.743408203125
test_02986,7.107536315917969
test_02987,62.03849792480469
test_02988,128.3552703857422
test_02989,465.8364562988281
test_02990,265.8570861816406
test_02991,53.54880142211914
test_02992,39.82352066040039
test_02993,132.55526733398438
test_02994,12.332378387451172
test_02995,13.803741455078125
test_02996,57.99596405029297
test_02997,187.8287200927734
test_02998,7.940208435058594
test_02999,6.994915008544922
test_03000,5.829833984375
test_03001,40.826040267944336
test_03002,214.44580078125
test_03003,96.98270416259766
test_03004,77.7321662902832
test_03005,365.8642272949219
test_03006,419.3219451904297
test_03007,16.53728485107422
test_03008,53.3662109375
test_03009,130.0145263671875
test_03010,193.5341796875
test_03011,10.471057891845703
test_03012,122.72876739501953
test_03013,8.284591674804688
test_03014,152.1968765258789
test_03015,201.07438659667966
test_03016,369.17189025878906
test_03017,332.2345886230469
test_03018,187.30510711669922
test_03019,392.5828399658203
test_03020,273.8125305175781
test_03021,250.15467834472656
test_03022,173.87035369873047
test_03023,25.042055130004883
test_03024,12.012313842773438
test_03025,9.551898956298828
test_03026,37.21953010559082
test_03027,24.38173484802246
test_03028,4.354042053222656
test_03029,32.95841979980469
test_03030,63.1268310546875
test_03031,126.09795379638672
test_03032,203.53346252441406
test_03033,89.74415588378906
test_03034,5.198028564453125
test_03035,96.94182205200195
test_03036,17.875362396240234
test_03037,16.118778228759766
test_03038,91.95152282714844
test_03039,134.7557144165039
test_03040,246.27828979492188
test_03041,10.034252166748047
test_03042,517.8618621826172
test_03043,4.124805450439453
test_03044,9.869266510009766
test_03045,92.16240692138672
test_03046,6.188480377197266
test_03047,26.25498390197754
test_03048,75.70438003540039
test_03049,280.3945617675781
test_03050,5.577461242675781
test_03051,13.782005310058594
test_03052,101.94815826416016
test_03053,5.073352813720703
test_03054,6.085723876953125
test_03055,9.591850280761719
test_03056,69.93363952636719
test_03057,165.91239166259766
test_03058,194.68324279785156
test_03059,278.0160675048828
test_03060,260.68177795410156
test_03061,7.575672149658203
test_03062,71.74698638916016
test_03063,150.803955078125
test_03064,2.112754821777344
test_03065,72.81446838378906
test_03066,86.09542846679688
test_03067,19.087629318237305
test_03068,21.08917999267578
test_03069,14.881996154785156
test_03070,18.100643157958984
test_03071,101.28067779541016
test_03072,4.125209808349609
test_03073,182.1108856201172
test_03074,132.20964813232422
test_03075,93.65340805053711
test_03076,43.69486618041992
test_03077,117.01021575927734
test_03078,6.993743896484375
test_03079,4.406032562255859
test_03080,12.4735107421875
test_03081,14.561782836914062
test_03082,100.77034378051758
test_03083,6.318271636962891
test_03084,96.15188598632812
test_03085,293.0579528808594
test_03086,269.9078826904297
test_03087,64.37260818481445
test_03088,40.229326248168945
test_03089,48.589813232421875
test_03090,116.22698974609375
test_03091,54.44799041748047
test_03092,9.478229522705078
test_03093,38.508554458618164
test_03094,37.97198677062988
test_03095,16.875164031982422
test_03096,53.67867660522461
test_03097,7.749515533447266
test_03098,9.760986328125
test_03099,123.20147705078125
test_03100,63.53539657592774
test_03101,7.697597503662109
test_03102,9.128032684326172
test_03103,109.38229370117188
test_03104,137.7722930908203
test_03105,115.59777069091797
test_03106,36.849138259887695
test_03107,22.005355834960938
test_03108,78.31781768798828
test_03109,79.90617752075195
test_03110,45.199195861816406
test_03111,75.65150451660156
test_03112,71.03016662597656
test_03113,36.21441459655762
test_03114,103.87968063354492
test_03115,14.626163482666016
test_03116,29.887786865234375
test_03117,65.79587173461914
test_03118,87.20980072021484
test_03119,10.361431121826172
test_03120,44.808597564697266
test_03121,46.48793029785156
test_03122,64.14358901977539
test_03123,64.87373352050781
test_03124,100.81959915161133
test_03125,59.14798355102539
test_03126,162.0325927734375
test_03127,27.302467346191406
test_03128,10.400684356689453
test_03129,10.28165054321289
test_03130,46.331172943115234
test_03131,19.56426429748535
test_03132,19.797849655151367
test_03133,56.828086853027344
test_03134,20.617612838745117
test_03135,39.225900650024414
test_03136,105.24667739868164
test_03137,24.171213150024414
test_03138,36.061912536621094
test_03139,52.561052322387695
test_03140,42.94349479675293
test_03141,43.35649871826172
test_03142,41.665367126464844
test_03143,72.99402618408203
test_03144,107.03491592407227
test_03145,78.78765106201172
test_03146,79.449951171875
test_03147,79.18431091308594
test_03148,48.48967170715332
test_03149,13.541107177734375
test_03150,24.224573135375977
test_03151,79.84106826782227
test_03152,36.49167251586914
test_03153,14.222892761230469
test_03154,97.07999801635742
test_03155,35.76830291748047
test_03156,29.58775520324707
test_03157,44.66481971740723
test_03158,83.69249725341797
test_03159,62.555572509765625
test_03160,83.35061264038086
test_03161,117.60067367553711
test_03162,87.78865814208984
test_03163,194.1214370727539
test_03164,37.32223129272461
test_03165,3.5647659301757812
test_03166,76.9107666015625
test_03167,87.69296264648438
test_03168,51.83586311340332
test_03169,15.918479919433594
test_03170,29.54686737060547
test_03171,41.03235626220703
test_03172,46.94580841064453
test_03173,103.3485450744629
test_03174,96.98978424072266
test_03175,176.95691680908203
test_03176,66.11103439331055
test_03177,134.6461410522461
test_03178,7.3739471435546875
test_03179,27.663230895996094
test_03180,62.572994232177734
test_03181,104.73857498168945
test_03182,109.9287338256836
test_03183,66.72419738769531
test_03184,28.170265197753906
test_03185,36.48172569274902
test_03186,102.73255157470702
test_03187,58.33523368835449
test_03188,86.7071647644043
test_03189,78.34247970581055
test_03190,74.51590728759766
test_03191,67.91395568847656
test_03192,112.07116317749023
test_03193,86.67569351196289
test_03194,57.77602577209473
test_03195,32.69891929626465
test_03196,41.51724433898926
test_03197,31.45427703857422
test_03198,36.81538200378418
test_03199,100.04275131225586
test_03200,97.96697235107422
test_03201,103.0057601928711
test_03202,11.04865837097168
test_03203,35.88404846191406
test_03204,62.71122169494629
test_03205,161.93809509277344
test_03206,121.29803466796875
test_03207,27.412534713745117
test_03208,45.73146629333496
test_03209,7.094207763671875
test_03210,94.9149398803711
test_03211,122.16291809082031
test_03212,48.15600776672363
test_03213,64.78084182739258
test_03214,150.31790161132812
test_03215,88.68416595458984
test_03216,89.54549026489258
test_03217,81.65990447998047
test_03218,128.15431213378906
test_03219,22.134170532226562
test_03220,58.9406623840332
test_03221,69.6085090637207
test_03222,75.84406280517578
test_03223,57.820274353027344
test_03224,32.71662521362305
test_03225,20.9856014251709
test_03226,12.827857971191406
test_03227,32.310598373413086
test_03228,96.28473663330078
test_03229,57.65659141540527
test_03230,35.97732353210449
test_03231,66.94675827026367
test_03232,70.09526062011719
test_03233,32.857582092285156
test_03234,90.04813003540039
test_03235,113.80537796020508
test_03236,5.257740020751953
test_03237,31.001850128173828
test_03238,7.676383972167969
test_03239,25.364120483398438
test_03240,47.29571342468262
test_03241,31.792539596557617
test_03242,4.502666473388672
test_03243,18.23080062866211
test_03244,18.55914306640625
test_03245,125.05509948730469
test_03246,37.280447006225586
test_03247,19.960466384887695
test_03248,41.141035079956055
test_03249,6.905200958251953
test_03250,9.51235580444336
test_03251,12.894603729248047
test_03252,32.66825485229492
test_03253,34.5209903717041
test_03254,57.93842697143555
test_03255,77.09973907470703
test_03256,138.33815002441406
test_03257,33.10869026184082
test_03258,30.923553466796875
test_03259,15.356056213378906
test_03260,17.85830307006836
test_03261,52.912513732910156
test_03262,86.84505844116211
test_03263,88.74103546142578
test_03264,40.16201400756836
test_03265,195.2578887939453
test_03266,37.552886962890625
test_03267,13.783378601074219
test_03268,8.253475189208984
test_03269,52.95246124267578
test_03270,90.06051254272461
test_03271,215.67245483398438
test_03272,198.4275665283203
test_03273,104.45198440551758
test_03274,46.964168548583984
test_03275,57.224361419677734
test_03276,52.5657958984375
test_03277,46.16748046875
test_03278,18.58670997619629
test_03279,48.018720626831055
test_03280,128.27713775634766
test_03281,57.08034896850586
test_03282,122.9449348449707
test_03283,209.35346984863278
test_03284,137.07565307617188
test_03285,120.33707427978516
test_03286,103.64323043823242
test_03287,52.094932556152344
test_03288,161.0067367553711
test_03289,49.24264144897461
test_03290,44.750139236450195
test_03291,8.010398864746094
test_03292,21.429861068725586
test_03293,56.87730407714844
test_03294,124.81129837036133
test_03295,8.943008422851562
test_03296,67.38075637817383
test_03297,6.511116027832031
test_03298,25.279495239257812
test_03299,15.122734069824219
test_03300,11.787494659423828
test_03301,70.18634033203125
test_03302,134.93090057373047
test_03303,253.83082580566406
test_03304,212.56874084472656
test_03305,113.35047149658203
test_03306,108.7866439819336
test_03307,10.99502944946289
test_03308,87.15596008300781
test_03309,190.22606658935547
test_03310,107.0784912109375
test_03311,61.29485893249512
test_03312,55.997196197509766
test_03313,35.17998123168945
test_03314,18.617584228515625
test_03315,82.04676818847656
test_03316,66.85411071777344
test_03317,199.69863891601562
test_03318,29.054738998413086
test_03319,66.7823715209961
test_03320,8.735588073730469
test_03321,9.088459014892578
test_03322,34.476837158203125
test_03323,92.81531143188477
test_03324,200.33747863769528
test_03325,272.17852783203125
test_03326,19.372079849243164
test_03327,110.12211227416992
test_03328,142.60931396484375
test_03329,7.4529876708984375
test_03330,115.65204620361328
test_03331,243.02917480468747
test_03332,403.8531036376953
test_03333,83.46001815795898
test_03334,39.71906089782715
test_03335,126.49883270263672
test_03336,225.28125
test_03337,10.403850555419922
test_03338,33.23675727844238
test_03339,168.47341918945312
test_03340,228.6271514892578
test_03341,11.804252624511719
test_03342,14.801956176757812
test_03343,5.906303405761719
test_03344,207.9213104248047
test_03345,273.3720245361328
test_03346,212.8654327392578
test_03347,212.71444702148438
test_03348,354.54441833496094
test_03349,388.7276916503906
test_03350,14.465660095214844
test_03351,82.79296493530273
test_03352,123.99119567871094
test_03353,175.9720458984375
test_03354,16.299880981445312
test_03355,148.5263214111328
test_03356,15.260324478149414
test_03357,296.8968963623047
test_03358,290.80821228027344
test_03359,337.97251892089844
test_03360,118.2498779296875
test_03361,335.89830017089844
test_03362,464.1477508544922
test_03363,244.3347625732422
test_03364,148.4325942993164
test_03365,211.97186279296875
test_03366,23.68933868408203
test_03367,12.140857696533203
test_03368,3.9908447265625
test_03369,65.41064834594727
test_03370,82.78986740112305
test_03371,11.35791015625
test_03372,27.20171356201172
test_03373,70.02526092529297
test_03374,37.090288162231445
test_03375,156.0160675048828
test_03376,64.3888053894043
test_03377,3.5560874938964844
test_03378,68.85109329223633
test_03379,7.032005310058594
test_03380,24.83135414123535
test_03381,100.87557220458984
test_03382,176.26766204833984
test_03383,304.94349670410156
test_03384,8.216323852539062
test_03385,314.0357208251953
test_03386,8.108474731445312
test_03387,9.539928436279297
test_03388,97.78619766235352
test_03389,4.359840393066406
test_03390,51.99522018432617
test_03391,105.80059814453125
test_03392,319.2274627685547
test_03393,6.695110321044922
test_03394,20.321083068847656
test_03395,48.751888275146484
test_03396,10.76641845703125
test_03397,9.821243286132812
test_03398,10.81121826171875
test_03399,67.2325668334961
test_03400,118.4510269165039
test_03401,196.55924987792966
test_03402,205.16736602783203
test_03403,250.1997528076172
test_03404,5.135074615478516
test_03405,86.49443435668945
test_03406,129.3948974609375
test_03407,3.23870849609375
test_03408,73.10826110839844
test_03409,85.33089065551758
test_03410,19.153121948242188
test_03411,36.34795570373535
test_03412,20.535358428955078
test_03413,21.22110939025879
test_03414,104.470703125
test_03415,6.4916229248046875
test_03416,185.78710174560547
test_03417,200.44326782226562
test_03418,345.25762939453125
test_03419,95.68855667114258
test_03420,56.43039512634277
test_03421,104.40458679199219
test_03422,2.481468200683594
test_03423,6.766349792480469
test_03424,6.592342376708984
test_03425,14.909427642822266
test_03426,101.22757339477539
test_03427,6.440151214599609
test_03428,93.28694915771484
test_03429,247.539306640625
test_03430,337.5982971191406
test_03431,80.00492858886719
test_03432,49.18671417236328
test_03433,50.95132064819336
test_03434,109.54902648925781
test_03435,51.248844146728516
test_03436,16.078943252563477
test_03437,26.661481857299805
test_03438,50.553972244262695
test_03439,14.324295043945312
test_03440,54.38722229003906
test_03441,5.695911407470703
test_03442,38.35398483276367
test_03443,91.77401733398438
test_03444,58.28159713745117
test_03445,6.748405456542969
test_03446,24.298084259033203
test_03447,55.16159248352051
test_03448,102.82325744628906
test_03449,88.21782684326172
test_03450,21.811769485473633
test_03451,9.297626495361328
test_03452,38.56756019592285
test_03453,50.53948974609375
test_03454,32.32136154174805
test_03455,79.77856063842773
test_03456,54.00229263305664
test_03457,25.966947555541992
test_03458,78.29439163208008
test_03459,11.455730438232422
test_03460,15.21323013305664
test_03461,40.992801666259766
test_03462,77.80453109741211
test_03463,58.738407135009766
test_03464,26.996524810791016
test_03465,8.949542999267578
test_03466,34.74066352844238
test_03467,53.348663330078125
test_03468,67.67588806152344
test_03469,82.12178039550781
test_03470,68.24641036987305
test_03471,51.77775001525879
test_03472,165.16017150878906
test_03473,186.71669006347656
test_03474,29.168895721435547
test_03475,6.979686737060546
test_03476,26.39164924621582
test_03477,48.99765968322754
test_03478,14.511970520019531
test_03479,28.85761070251465
test_03480,52.09127616882324
test_03481,20.851577758789062
test_03482,37.67184066772461
test_03483,170.49241638183594
test_03484,22.066932678222656
test_03485,29.501985549926758
test_03486,53.022560119628906
test_03487,59.86586952209473
test_03488,32.05591011047363
test_03489,44.89248847961426
test_03490,82.6568603515625
test_03491,83.72315216064453
test_03492,75.03153610229492
test_03493,51.311038970947266
test_03494,92.59338760375977
test_03495,55.85851287841797
test_03496,9.111431121826172
test_03497,14.350746154785156
test_03498,51.41940879821777
test_03499,37.88335609436035
test_03500,6.5093345642089835
test_03501,85.94495391845703
test_03502,26.324665069580078
test_03503,40.6717643737793
test_03504,36.42948913574219
test_03505,56.71205520629883
test_03506,57.94675827026367
test_03507,71.35681533813477
test_03508,111.9065170288086
test_03509,80.2340316772461
test_03510,174.78041076660156
test_03511,52.945268630981445
test_03512,9.421554565429688
test_03513,41.6616325378418
test_03514,53.75689125061035
test_03515,63.3872127532959
test_03516,15.444419860839844
test_03517,33.37095642089844
test_03518,24.23756980895996
test_03519,30.030065536499023
test_03520,86.87703323364258
test_03521,138.9941177368164
test_03522,60.1093635559082
test_03523,39.80264091491699
test_03524,5.486202239990234
test_03525,12.340869903564453
test_03526,26.38473129272461
test_03527,74.18225479125977
test_03528,93.25821685791016
test_03529,115.16586303710938
test_03530,34.74138259887695
test_03531,20.316722869873047
test_03532,28.473268508911133
test_03533,116.38000869750977
test_03534,46.3747444152832
test_03535,83.61078262329102
test_03536,76.37063217163086
test_03537,59.69874382019043
test_03538,53.17380142211914
test_03539,105.8561019897461
test_03540,86.91499710083008
test_03541,63.82639694213867
test_03542,24.968088150024414
test_03543,45.642459869384766
test_03544,36.22564125061035
test_03545,46.17390060424805
test_03546,77.4541244506836
test_03547,142.66543579101562
test_03548,60.093923568725586
test_03549,9.484663009643555
test_03550,29.93911361694336
test_03551,59.866546630859375
test_03552,166.18435668945312
test_03553,175.0731964111328
test_03554,35.65203857421875
test_03555,34.978939056396484
test_03556,7.412925720214844
test_03557,89.60893630981445
test_03558,118.98702239990234
test_03559,48.937116622924805
test_03560,60.906700134277344
test_03561,92.95480728149414
test_03562,39.93084907531738
test_03563,53.650630950927734
test_03564,60.86476707458496
test_03565,98.84662246704102
test_03566,17.991193771362305
test_03567,47.14079666137695
test_03568,54.9838752746582
test_03569,81.31583023071289
test_03570,105.84308624267578
test_03571,62.76259231567383
test_03572,22.48686408996582
test_03573,13.073936462402344
test_03574,10.554191589355469
test_03575,21.113473892211914
test_03576,69.16104888916016
test_03577,61.744503021240234
test_03578,16.310041427612305
test_03579,60.71247673034668
test_03580,58.34180450439453
test_03581,36.34152793884277
test_03582,110.73871994018555
test_03583,83.43206405639648
test_03584,2.473712921142578
test_03585,20.05901336669922
test_03586,8.612129211425781
test_03587,21.36612892150879
test_03588,28.19211196899414
test_03589,17.181848526000977
test_03590,5.613124847412109
test_03591,20.728071212768555
test_03592,15.134284973144531
test_03593,140.77650451660156
test_03594,14.178668975830078
test_03595,52.688941955566406
test_03596,1.2375564575195312
test_03597,9.48590087890625
test_03598,10.931419372558594
test_03599,34.956722259521484
test_03600,37.490020751953125
test_03601,74.96793746948242
test_03602,46.85390853881836
test_03603,141.18848419189453
test_03604,65.51238059997559
test_03605,25.151763916015625
test_03606,11.07590103149414
test_03607,24.082645416259766
test_03608,33.960567474365234
test_03609,95.97056579589844
test_03610,59.25242614746094
test_03611,29.217891693115234
test_03612,182.16700744628906
test_03613,28.0123233795166
test_03614,4.46234130859375
test_03615,9.22705078125
test_03616,27.30327796936035
test_03617,105.92486953735352
test_03618,199.5688247680664
test_03619,164.66321563720703
test_03620,107.56401824951172
test_03621,31.137523651123043
test_03622,53.14785957336426
test_03623,62.824920654296875
test_03624,47.11626625061035
test_03625,24.530309677124023
test_03626,43.50223159790039
test_03627,130.90718841552734
test_03628,55.76688003540039
test_03629,103.66785430908205
test_03630,171.7883529663086
test_03631,239.70455932617188
test_03632,140.57903289794922
test_03633,102.60264587402344
test_03634,83.86096954345703
test_03635,170.73540496826172
test_03636,103.06241607666016
test_03637,41.05384826660156
test_03638,11.597423553466797
test_03639,19.822013854980472
test_03640,42.377187728881836
test_03641,90.99761581420898
test_03642,9.740974426269531
test_03643,49.814720153808594
test_03644,2.5295867919921875
test_03645,26.54885482788086
test_03646,13.680011749267578
test_03647,9.668323516845703
test_03648,77.22821044921875
test_03649,137.45401000976562
test_03650,263.8489074707031
test_03651,247.00643920898438
test_03652,106.93149948120117
test_03653,115.18326950073242
test_03654,14.946041107177734
test_03655,84.06351852416992
test_03656,204.30992126464844
test_03657,51.114938735961914
test_03658,65.0107307434082
test_03659,43.15731430053711
test_03660,8.67098617553711
test_03661,21.228832244873047
test_03662,82.8967170715332
test_03663,57.325077056884766
test_03664,161.21632385253906
test_03665,28.951536178588867
test_03666,65.00894165039062
test_03667,5.818599700927734
test_03668,7.393516540527344
test_03669,8.510540008544922
test_03670,74.26271057128906
test_03671,189.0612030029297
test_03672,310.50135803222656
test_03673,22.206207275390625
test_03674,98.96855163574219
test_03675,147.98568725585938
test_03676,5.796413421630859
test_03677,121.36346435546875
test_03678,116.43378448486328
test_03679,362.7415466308594
test_03680,73.47461700439453
test_03681,45.556570053100586
test_03682,99.37536239624023
test_03683,173.15287017822266
test_03684,6.744884490966797
test_03685,44.35085487365723
test_03686,92.57848358154297
test_03687,221.61610412597656
test_03688,8.473991394042969
test_03689,16.00837516784668
test_03690,3.6242141723632812
test_03691,63.519460678100586
test_03692,222.01907348632812
test_03693,228.55865478515625
test_03694,162.56800842285156
test_03695,248.67773437499997
test_03696,348.0700988769531
test_03697,12.400421142578125
test_03698,89.34546279907227
test_03699,161.62110900878906
test_03700,168.64231872558594
test_03701,9.376056671142578
test_03702,152.87631225585938
test_03703,20.795259475708008
test_03704,155.85693359375
test_03705,399.8396453857422
test_03706,97.5246410369873
test_03707,190.9643096923828
test_03708,412.7833557128906
test_03709,246.9279327392578
test_03710,213.89999389648438
test_03711,156.68275451660156
test_03712,19.4960994720459
test_03713,12.462303161621094
test_03714,5.092567443847656
test_03715,31.58209800720215
test_03716,90.14130020141602
test_03717,11.029605865478516
test_03718,27.347618103027344
test_03719,89.59210205078125
test_03720,118.9420509338379
test_03721,167.19578552246094
test_03722,58.943368911743164
test_03723,5.082466125488281
test_03724,92.75606918334961
test_03725,14.882213592529297
test_03726,27.485668182373047
test_03727,66.66418838500977
test_03728,152.7032470703125
test_03729,211.48890686035156
test_03730,7.027965545654297
test_03731,579.5020446777344
test_03732,7.101646423339844
test_03733,11.78839111328125
test_03734,100.64260482788086
test_03735,3.624481201171875
test_03736,56.726356506347656
test_03737,87.93575668334961
test_03738,248.2252960205078
test_03739,3.7264366149902344
test_03740,7.029613494873046
test_03741,80.75607681274414
test_03742,8.279006958007812
test_03743,5.800045013427734
test_03744,7.042644500732422
test_03745,152.9045867919922
test_03746,153.09515380859375
test_03747,146.41464233398438
test_03748,178.44815063476562
test_03749,264.74468994140625
test_03750,4.288719177246094
test_03751,85.1809310913086
test_03752,131.3495635986328
test_03753,2.4787445068359375
test_03754,77.84395980834961
test_03755,89.04763412475586
test_03756,14.606037139892578
test_03757,41.157508850097656
test_03758,12.368846893310547
test_03759,28.72784423828125
test_03760,60.31340026855469
test_03761,3.1168975830078125
test_03762,220.72720336914062
test_03763,144.52115631103516
test_03764,380.86749267578125
test_03765,103.55863571166992
test_03766,61.665775299072266
test_03767,125.34999084472656
test_03768,8.43179702758789
test_03769,9.33388900756836
test_03770,8.37093734741211
test_03771,15.141069412231445
test_03772,104.24263381958008
test_03773,9.154884338378906
test_03774,91.60306549072266
test_03775,289.74827575683594
test_03776,66.99815368652344
test_03777,47.29593086242676
test_03778,51.63304138183594
test_03779,115.57851791381836
test_03780,54.522850036621094
test_03781,10.700557708740234
test_03782,51.54576110839844
test_03783,48.37631034851074
test_03784,12.211566925048828
test_03785,58.11302185058594
test_03786,7.193614959716797
test_03787,9.534317016601562
test_03788,116.09341812133789
test_03789,58.78290939331055
test_03790,5.310672760009766
test_03791,64.12009811401367
test_03792,112.90394973754883
test_03793,111.71503067016602
test_03794,24.75545310974121
test_03795,14.866378784179688
test_03796,45.610904693603516
test_03797,67.02062606811523
test_03798,31.170278549194336
test_03799,85.89577865600586
test_03800,66.99324226379395
test_03801,83.09866333007812
test_03802,10.195976257324219
test_03803,13.959989547729492
test_03804,29.518207550048828
test_03805,67.70508193969727
test_03806,93.75708770751953
test_03807,35.38940620422363
test_03808,25.09073829650879
test_03809,54.158199310302734
test_03810,59.20160484313965
test_03811,61.972970962524414
test_03812,77.12216186523438
test_03813,113.6312370300293
test_03814,54.16605567932129
test_03815,165.46072387695312
test_03816,202.2615966796875
test_03817,25.12948799133301
test_03818,8.622970581054688
test_03819,28.55168342590332
test_03820,46.358036041259766
test_03821,9.652435302734375
test_03822,37.68681335449219
test_03823,81.80897903442383
test_03824,27.5482177734375
test_03825,37.84660339355469
test_03826,144.52289581298828
test_03827,11.912681579589844
test_03828,32.95292282104492
test_03829,58.839725494384766
test_03830,93.51656723022461
test_03831,41.03149223327637
test_03832,46.470455169677734
test_03833,77.70111083984375
test_03834,101.48121643066406
test_03835,80.05298614501953
test_03836,69.66102981567383
test_03837,88.46784210205078
test_03838,63.30896759033203
test_03839,13.369770050048828
test_03840,13.6649169921875
test_03841,73.48013305664062
test_03842,40.08025550842285
test_03843,13.894638061523438
test_03844,87.42789840698242
test_03845,25.605588912963867
test_03846,30.149415969848633
test_03847,33.255842208862305
test_03848,69.53412246704102
test_03849,66.31303024291992
test_03850,83.26338577270508
test_03851,109.58996963500977
test_03852,95.6041259765625
test_03853,210.62162017822266
test_03854,45.116655349731445
test_03855,22.176742553710938
test_03856,64.33143997192383
test_03857,69.87344360351562
test_03858,70.74794387817383
test_03859,15.279483795166016
test_03860,32.35114669799805
test_03861,20.35238265991211
test_03862,31.928691864013672
test_03863,100.28827667236328
test_03864,109.35120391845702
test_03865,70.36694717407227
test_03866,114.3309211730957
test_03867,6.246406555175781
test_03868,14.817626953125
test_03869,64.23392868041992
test_03870,103.51227569580078
test_03871,120.01658630371094
test_03872,75.93692016601562
test_03873,29.888900756835938
test_03874,37.5709228515625
test_03875,110.40033340454102
test_03876,52.588016510009766
test_03877,87.54482650756836
test_03878,88.16947555541992
test_03879,68.80559539794922
test_03880,61.603763580322266
test_03881,118.45721435546875
test_03882,98.05634689331055
test_03883,65.58697509765625
test_03884,29.26066017150879
test_03885,39.437828063964844
test_03886,30.084924697875977
test_03887,37.023799896240234
test_03888,101.94417190551758
test_03889,101.22801971435547
test_03890,88.67023849487305
test_03891,10.96009635925293
test_03892,33.245792388916016
test_03893,59.787580490112305
test_03894,154.22010040283203
test_03895,137.15615844726562
test_03896,30.3976993560791
test_03897,51.60032653808594
test_03898,8.34121322631836
test_03899,115.96282196044922
test_03900,120.07831573486328
test_03901,34.88593101501465
test_03902,69.49307632446289
test_03903,182.62512969970703
test_03904,94.44157028198242
test_03905,87.11505889892578
test_03906,84.69172668457031
test_03907,125.05381774902344
test_03908,24.388193130493164
test_03909,57.39333534240723
test_03910,38.67588806152344
test_03911,72.77810668945312
test_03912,84.83497619628906
test_03913,58.39888572692871
test_03914,30.824159622192383
test_03915,24.218647003173828
test_03916,11.373260498046875
test_03917,27.873239517211914
test_03918,101.46470260620116
test_03919,54.15625
test_03920,40.21376419067383
test_03921,76.04715728759766
test_03922,69.6538314819336
test_03923,44.20919609069824
test_03924,84.51431655883789
test_03925,122.90476989746094
test_03926,3.8471031188964844
test_03927,32.90849304199219
test_03928,6.588775634765625
test_03929,27.082712173461914
test_03930,44.846879959106445
test_03931,20.644439697265625
test_03932,4.431354522705078
test_03933,13.84591293334961
test_03934,23.232210159301758
test_03935,131.92694854736328
test_03936,41.90213584899902
test_03937,16.11511993408203
test_03938,49.30914306640625
test_03939,7.893276214599609
test_03940,10.17056655883789
test_03941,15.706148147583008
test_03942,30.993398666381836
test_03943,42.2506046295166
test_03944,84.11361312866211
test_03945,73.49459457397461
test_03946,160.8902587890625
test_03947,31.545650482177734
test_03948,31.095983505249023
test_03949,14.726261138916016
test_03950,34.163923263549805
test_03951,54.92091369628906
test_03952,95.62730407714844
test_03953,74.56443786621094
test_03954,173.50064086914062
test_03955,29.087703704833984
test_03956,10.145000457763672
test_03957,7.119777679443359
test_03958,48.42715072631836
test_03959,87.77052688598633
test_03960,197.09594726562497
test_03961,182.22423553466797
test_03962,103.33062362670898
test_03963,40.93614387512207
test_03964,55.18533515930176
test_03965,44.78990745544434
test_03966,44.27294731140137
test_03967,19.273544311523438
test_03968,53.55745315551758
test_03969,150.731689453125
test_03970,48.619436264038086
test_03971,117.4954948425293
test_03972,243.47434997558594
test_03973,114.38075256347656
test_03974,132.2104949951172
test_03975,104.25726318359375
test_03976,62.498817443847656
test_03977,224.99742126464844
test_03978,48.4285831451416
test_03979,41.26144218444824
test_03980,10.731597900390625
test_03981,22.71311378479004
test_03982,69.28316116333008
test_03983,110.51129913330078
test_03984,11.435256958007812
test_03985,57.99544334411621
test_03986,2.5975723266601562
test_03987,26.078296661376953
test_03988,13.598142623901367
test_03989,7.023406982421875
test_03990,74.21889877319336
test_03991,158.7647933959961
test_03992,263.49952697753906
test_03993,225.51412963867188
test_03994,114.62712860107422
test_03995,138.9061050415039
test_03996,14.682098388671875
test_03997,101.04258728027344
test_03998,183.85025024414062
test_03999,140.0614013671875
test_04000,57.064144134521484
test_04001,52.13872146606445
test_04002,10.8031005859375
test_04003,19.090959548950195
test_04004,66.52933883666992
test_04005,55.9085636138916
test_04006,185.63710021972656
test_04007,25.536619186401367
test_04008,65.8621654510498
test_04009,8.233234405517578
test_04010,11.784835815429688
test_04011,38.99939727783203
test_04012,87.2679443359375
test_04013,211.050537109375
test_04014,315.3892364501953
test_04015,13.404945373535156
test_04016,129.2121467590332
test_04017,140.6742401123047
test_04018,9.07867431640625
test_04019,145.2777328491211
test_04020,279.60888671875
test_04021,462.3555450439453
test_04022,104.56827163696289
test_04023,42.22556495666504
test_04024,131.5372543334961
test_04025,231.14505004882812
test_04026,10.666435241699219
test_04027,17.546720504760746
test_04028,193.57302856445312
test_04029,229.5933837890625
test_04030,8.955039978027344
test_04031,14.915857315063477
test_04032,6.776599884033203
test_04033,256.08837890625
test_04034,266.9588623046875
test_04035,260.1444396972656
test_04036,237.60877990722656
test_04037,402.6142120361328
test_04038,445.8371276855469
test_04039,12.51317596435547
test_04040,94.97412109375
test_04041,129.24432754516602
test_04042,163.88096618652344
test_04043,7.4362030029296875
test_04044,170.52228546142578
test_04045,10.096405029296875
test_04046,381.9237060546875
test_04047,343.898681640625
test_04048,356.9392547607422
test_04049,76.14612197875977
test_04050,320.77076721191406
test_04051,431.1166229248047
test_04052,258.5835266113281
test_04053,217.1089324951172
test_04054,183.46944427490234
test_04055,17.76949691772461
test_04056,14.743858337402344
test_04057,8.167572021484375
test_04058,70.45855712890625
test_04059,85.96902847290039
test_04060,10.08434295654297
test_04061,28.737865447998047
test_04062,83.0722770690918
test_04063,130.53911590576172
test_04064,169.51470947265625
test_04065,60.427473068237305
test_04066,6.010746002197266
test_04067,82.27610778808594
test_04068,8.416027069091797
test_04069,25.67751693725586
test_04070,104.95380020141602
test_04071,192.19869995117188
test_04072,352.2084045410156
test_04073,7.710460662841797
test_04074,504.5360870361328
test_04075,8.410404205322266
test_04076,7.934162139892578
test_04077,123.89291000366211
test_04078,8.315235137939453
test_04079,56.08460235595703
test_04080,98.62221145629883
test_04081,398.67254638671875
test_04082,5.7263031005859375
test_04083,12.709663391113281
test_04084,40.52814292907715
test_04085,7.8552093505859375
test_04086,7.359142303466797
test_04087,9.19948959350586
test_04088,127.38732147216797
test_04089,153.20782470703125
test_04090,196.82119750976562
test_04091,237.7678985595703
test_04092,266.0559844970703
test_04093,3.0437049865722656
test_04094,104.63211822509766
test_04095,143.8013153076172
test_04096,3.96282958984375
test_04097,92.30932998657227
test_04098,98.25064468383789
test_04099,14.720569610595703
test_04100,29.350357055664062
test_04101,5.569271087646484
test_04102,28.534473419189453
test_04103,4.822063446044922
