id,PM2.5
test_00001,181.21336364746094
test_00002,156.2313720703125
test_00003,422.1981018066407
test_00004,71.19977111816407
test_00005,46.62640304565431
test_00006,118.56062774658203
test_00007,10.045050048828125
test_00008,7.9005676269531255
test_00009,43.60908584594727
test_00010,118.01150207519532
test_00011,12.262081909179688
test_00012,114.22505798339846
test_00013,269.38701782226565
test_00014,326.3182067871094
test_00015,72.13094635009766
test_00016,47.63501510620118
test_00017,44.43675765991211
test_00018,123.28804473876954
test_00019,54.39137191772461
test_00020,13.49591522216797
test_00021,24.582376861572264
test_00022,30.898722076416018
test_00023,11.021711730957033
test_00024,49.58656311035157
test_00025,11.778363037109376
test_00026,10.670271301269532
test_00027,105.88417358398439
test_00028,64.27725677490236
test_00029,9.051724243164063
test_00030,8.687716674804687
test_00031,55.75132293701172
test_00032,98.48137359619142
test_00033,99.22081298828127
test_00034,23.76735458374024
test_00035,12.635827636718753
test_00036,81.78657531738281
test_00037,95.60265197753907
test_00038,18.990147399902348
test_00039,31.762647247314458
test_00040,80.6011215209961
test_00041,10.88423309326172
test_00042,14.985343933105469
test_00043,27.22241287231445
test_00044,63.417720031738284
test_00045,69.24662780761719
test_00046,50.6134880065918
test_00047,20.69586410522461
test_00048,53.9462013244629
test_00049,56.27040405273438
test_00050,73.26774444580079
test_00051,93.77449493408203
test_00052,106.88503875732424
test_00053,56.28782196044923
test_00054,156.45380249023438
test_00055,183.37167358398438
test_00056,25.988906860351562
test_00057,11.07812042236328
test_00058,22.891577148437502
test_00059,52.647611236572274
test_00060,30.64970397949219
test_00061,26.967728424072266
test_00062,58.52153015136719
test_00063,23.884014892578126
test_00064,52.79544219970703
test_00065,142.04473876953125
test_00066,22.337517547607426
test_00067,32.300505828857425
test_00068,60.30960388183593
test_00069,54.77216949462891
test_00070,38.91171798706055
test_00071,45.302198791503905
test_00072,77.82345428466797
test_00073,125.77297668457031
test_00074,84.5736053466797
test_00075,57.94644241333008
test_00076,75.0659164428711
test_00077,48.802519226074224
test_00078,10.984590148925783
test_00079,17.979871368408205
test_00080,52.29241104125977
test_00081,36.3265983581543
test_00082,12.223040771484376
test_00083,85.46150360107423
test_00084,33.65469818115235
test_00085,33.50790939331055
test_00086,40.80358581542969
test_00087,71.67515258789064
test_00088,70.78788146972657
test_00089,74.04842987060547
test_00090,124.43245391845704
test_00091,78.20390167236329
test_00092,201.75167236328127
test_00093,41.62483291625976
test_00094,7.557884216308595
test_00095,63.8651596069336
test_00096,32.71761703491211
test_00097,60.335951232910155
test_00098,13.446136474609375
test_00099,102.7724609375
test_00100,16.772201538085938
test_00101,14.851019287109374
test_00102,121.80772399902347
test_00103,84.76733856201172
test_00104,138.69497985839845
test_00105,53.791700744628905
test_00106,118.0184997558594
test_00107,8.833938598632812
test_00108,15.695198059082031
test_00109,29.20866470336914
test_00110,56.0583480834961
test_00111,96.14932403564453
test_00112,115.9645263671875
test_00113,59.018922424316415
test_00114,24.31817626953125
test_00115,35.73794937133789
test_00116,111.2864715576172
test_00117,53.75641326904297
test_00118,78.84574890136719
test_00119,79.24272155761719
test_00120,77.86476135253906
test_00121,60.842053222656254
test_00122,103.36496734619143
test_00123,77.6687728881836
test_00124,50.71144104003907
test_00125,23.329947662353515
test_00126,63.27715148925782
test_00127,33.79271621704102
test_00128,35.710591888427736
test_00129,82.20997772216798
test_00130,110.98050231933595
test_00131,70.8541473388672
test_00132,15.334104919433594
test_00133,24.52243118286133
test_00134,64.75726776123047
test_00135,141.6301025390625
test_00136,119.10459136962892
test_00137,46.47090148925781
test_00138,8.100978088378907
test_00139,120.87921447753907
test_00140,101.67166442871094
test_00141,42.95049057006836
test_00142,77.81014709472657
test_00143,85.98662872314453
test_00144,50.7863151550293
test_00145,86.80581207275391
test_00146,79.89308013916016
test_00147,111.54307556152345
test_00148,13.173558044433594
test_00149,38.122701263427736
test_00150,45.959765625
test_00151,61.284188842773446
test_00152,87.94616088867187
test_00153,46.3446762084961
test_00154,34.402651977539065
test_00155,13.632891845703126
test_00156,8.838655090332033
test_00157,22.958419036865237
test_00158,75.20241088867188
test_00159,61.66814270019532
test_00160,23.076265716552733
test_00161,55.83566131591797
test_00162,65.34366760253906
test_00163,30.322507476806642
test_00164,76.07003631591797
test_00165,104.98390197753906
test_00166,6.909455871582031
test_00167,17.487278747558594
test_00168,8.317930603027344
test_00169,17.100389099121095
test_00170,22.347148895263672
test_00171,19.22001724243164
test_00172,5.00048828125
test_00173,12.719160461425782
test_00174,12.214833068847657
test_00175,140.2308837890625
test_00176,34.86971817016602
test_00177,10.745875549316406
test_00178,9.592919921875001
test_00179,9.583822631835938
test_00180,11.294114685058593
test_00181,27.067323303222658
test_00182,38.25394134521485
test_00183,66.4742416381836
test_00184,81.38765258789063
test_00185,156.34933471679688
test_00186,34.13889846801758
test_00187,27.238626861572264
test_00188,11.623332214355468
test_00189,14.504727172851563
test_00190,38.309113311767575
test_00191,86.050341796875
test_00192,109.17549743652346
test_00193,25.472882080078126
test_00194,171.34463195800782
test_00195,24.228188323974607
test_00196,8.82942352294922
test_00197,30.025490570068364
test_00198,80.79521179199219
test_00199,202.08956909179688
test_00200,160.97630004882814
test_00201,101.48467254638672
test_00202,37.326557922363286
test_00203,58.213932037353516
test_00204,50.52832870483399
test_00205,52.890687561035165
test_00206,20.666764831542967
test_00207,44.352062988281254
test_00208,136.13125915527345
test_00209,50.47571258544922
test_00210,117.97958374023438
test_00211,220.92161865234377
test_00212,266.9938598632813
test_00213,115.51843261718751
test_00214,97.24129180908204
test_00215,56.27240600585938
test_00216,178.0612548828125
test_00217,34.184181213378906
test_00218,34.5339241027832
test_00219,11.76375732421875
test_00220,22.43185501098633
test_00221,46.94062194824219
test_00222,117.37892303466796
test_00223,5.30306396484375
test_00224,65.3163558959961
test_00225,5.578436279296875
test_00226,22.112474822998053
test_00227,8.6021240234375
test_00228,8.805099487304688
test_00229,67.91724243164063
test_00230,111.74763793945313
test_00231,298.9169616699219
test_00232,232.37516479492186
test_00233,111.81266784667969
test_00234,108.49073791503908
test_00235,12.16901092529297
test_00236,94.2515640258789
test_00237,207.19462890625002
test_00238,23.376556396484375
test_00239,65.00871429443359
test_00240,53.62127075195313
test_00241,11.823782348632815
test_00242,23.797510528564455
test_00243,85.81219787597657
test_00244,62.67380981445313
test_00245,194.46824340820314
test_00246,28.030826568603516
test_00247,72.50337524414063
test_00248,8.705708312988282
test_00249,9.434326171875
test_00250,11.169284057617189
test_00251,72.54449615478516
test_00252,187.6996032714844
test_00253,243.90258178710937
test_00254,17.63687438964844
test_00255,65.18132781982422
test_00256,145.3452911376953
test_00257,9.294281005859377
test_00258,127.32014465332033
test_00259,129.15137786865233
test_00260,506.748291015625
test_00261,73.12570190429688
test_00262,25.887972259521483
test_00263,113.98122863769532
test_00264,185.9871398925781
test_00265,7.055899047851563
test_00266,15.856884765625
test_00267,106.13526763916016
test_00268,231.0622314453125
test_00269,9.756900024414065
test_00270,15.170770263671876
test_00271,9.519830322265625
test_00272,52.15056915283203
test_00273,264.3386291503906
test_00274,201.81597290039065
test_00275,196.85368652343752
test_00276,408.7569274902344
test_00277,392.602783203125
test_00278,15.655850219726563
test_00279,74.35274200439454
test_00280,162.88433227539062
test_00281,175.8531921386719
test_00282,11.51771240234375
test_00283,137.21677856445314
test_00284,12.559533691406251
test_00285,326.69402465820315
test_00286,280.5855346679688
test_00287,447.0666137695313
test_00288,85.24850158691407
test_00289,295.5670166015625
test_00290,287.91465454101564
test_00291,254.1581970214844
test_00292,185.51955566406247
test_00293,106.46614685058594
test_00294,20.484886932373048
test_00295,15.326710510253907
test_00296,6.344361877441407
test_00297,38.539031219482425
test_00298,74.77135467529297
test_00299,12.95353240966797
test_00300,26.59036636352539
test_00301,79.7804946899414
test_00302,122.37394714355469
test_00303,162.6101837158203
test_00304,61.96451110839844
test_00305,11.143418884277345
test_00306,71.66923828125
test_00307,10.627098083496096
test_00308,20.931616210937502
test_00309,74.15248413085938
test_00310,195.17208251953124
test_00311,244.89564819335942
test_00312,9.62359619140625
test_00313,616.2912963867188
test_00314,9.52457275390625
test_00315,8.620443725585938
test_00316,90.87700805664063
test_00317,7.92532958984375
test_00318,45.56228332519531
test_00319,79.20247802734376
test_00320,281.9123901367188
test_00321,9.689384460449219
test_00322,9.75877685546875
test_00323,79.22993469238281
test_00324,10.367738342285158
test_00325,7.73052215576172
test_00326,11.078720092773438
test_00327,102.05502166748046
test_00328,136.07496337890626
test_00329,163.32556762695313
test_00330,266.6251403808594
test_00331,307.0020202636719
test_00332,7.227813720703124
test_00333,74.90547180175781
test_00334,156.24534301757814
test_00335,6.947976684570312
test_00336,68.76006164550782
test_00337,89.80108184814453
test_00338,16.372055053710938
test_00339,27.35766067504883
test_00340,12.055093383789064
test_00341,22.387206268310546
test_00342,8.347361755371095
test_00343,114.18063659667969
test_00344,191.22547607421876
test_00345,249.40757446289064
test_00346,47.49068603515626
test_00347,24.63456268310547
test_00348,85.56231079101562
test_00349,10.409288024902345
test_00350,11.628378295898438
test_00351,17.182288360595706
test_00352,16.889730072021486
test_00353,88.91832275390625
test_00354,15.686793518066407
test_00355,79.88959350585938
test_00356,219.5345703125
test_00357,271.43511962890625
test_00358,60.02444763183594
test_00359,42.94194641113281
test_00360,25.999785614013675
test_00361,107.7441604614258
test_00362,59.20531234741211
test_00363,10.5878173828125
test_00364,9.769483947753907
test_00365,12.840904235839846
test_00366,10.324922180175784
test_00367,18.77056350708008
test_00368,6.853314208984376
test_00369,8.077558898925782
test_00370,56.68517990112305
test_00371,60.66915283203125
test_00372,7.769795227050782
test_00373,17.21470947265625
test_00374,35.64533615112305
test_00375,46.00262908935547
test_00376,83.54781799316407
test_00377,20.317220306396486
test_00378,14.09416961669922
test_00379,11.832403564453127
test_00380,54.28079376220703
test_00381,29.469715118408203
test_00382,101.4651580810547
test_00383,16.272276306152346
test_00384,34.491266632080084
test_00385,82.92972412109376
test_00386,10.401150512695313
test_00387,18.81162033081055
test_00388,28.385312652587892
test_00389,82.31236724853515
test_00390,69.351708984375
test_00391,38.176919555664064
test_00392,12.877935791015627
test_00393,43.21895980834961
test_00394,87.31242675781252
test_00395,79.80769653320313
test_00396,71.9500961303711
test_00397,75.11792602539063
test_00398,51.904719543457034
test_00399,150.74016723632812
test_00400,39.62203445434571
test_00401,11.121131896972656
test_00402,12.713952636718753
test_00403,14.409657287597655
test_00404,17.361919403076172
test_00405,74.25902709960937
test_00406,21.976007080078126
test_00407,41.49097976684571
test_00408,183.03117065429691
test_00409,19.465446472167972
test_00410,30.102010345458986
test_00411,56.97349548339844
test_00412,12.824638366699219
test_00413,18.125296020507815
test_00414,45.0452766418457
test_00415,76.71161651611328
test_00416,101.57955322265626
test_00417,77.30820007324219
test_00418,42.889130401611325
test_00419,72.8196792602539
test_00420,23.05911178588867
test_00421,14.850608825683594
test_00422,17.88391876220703
test_00423,20.19247741699219
test_00424,87.37083129882814
test_00425,10.968675231933595
test_00426,68.31982421875
test_00427,45.53302688598633
test_00428,56.41658935546876
test_00429,88.50325012207031
test_00430,99.27374572753905
test_00431,69.56847686767578
test_00432,72.37239379882813
test_00433,108.53157653808594
test_00434,69.10504150390625
test_00435,131.88414306640624
test_00436,45.888258361816405
test_00437,7.321585083007813
test_00438,43.13215789794922
test_00439,27.465898895263674
test_00440,32.57801132202148
test_00441,9.04466552734375
test_00442,18.3809814453125
test_00443,21.94647674560547
test_00444,23.471514892578128
test_00445,49.601416015625
test_00446,136.25162353515626
test_00447,96.54837646484376
test_00448,65.07330780029298
test_00449,40.617102813720706
test_00450,13.904386901855469
test_00451,27.37056884765625
test_00452,67.16979370117188
test_00453,60.99970245361329
test_00454,116.93488769531251
test_00455,8.316802978515625
test_00456,18.827214813232423
test_00457,34.4674057006836
test_00458,97.17886657714845
test_00459,40.99908294677735
test_00460,84.1552703857422
test_00461,70.62726287841798
test_00462,55.592506408691406
test_00463,47.79434051513672
test_00464,82.66439971923829
test_00465,48.743759918212895
test_00466,40.27500762939454
test_00467,6.267416381835938
test_00468,37.50792465209961
test_00469,20.461792755126954
test_00470,27.983918762207036
test_00471,59.89207458496094
test_00472,106.66101531982422
test_00473,28.711663055419923
test_00474,7.410823059082032
test_00475,16.252176666259764
test_00476,90.72491149902343
test_00477,152.73765869140624
test_00478,67.04527740478515
test_00479,34.586421203613284
test_00480,24.11783218383789
test_00481,17.83094482421875
test_00482,59.86508331298828
test_00483,140.17047119140625
test_00484,32.550191497802736
test_00485,39.65925750732422
test_00486,61.281192016601565
test_00487,18.86539993286133
test_00488,37.350117492675786
test_00489,65.46788024902344
test_00490,90.95451354980469
test_00491,17.6893798828125
test_00492,34.49808044433594
test_00493,43.739358520507814
test_00494,91.06038208007813
test_00495,20.637551879882814
test_00496,24.385678100585938
test_00497,6.773637390136719
test_00498,19.136093139648438
test_00499,22.391693115234375
test_00500,59.45948028564453
test_00501,54.99427490234375
test_00502,14.551660156250001
test_00503,39.137342834472655
test_00504,44.09178848266601
test_00505,35.51369094848633
test_00506,59.48953552246094
test_00507,43.55216751098633
test_00508,5.425811767578125
test_00509,10.958848571777342
test_00510,7.995654296875
test_00511,17.190786743164065
test_00512,16.70742340087891
test_00513,15.770260620117188
test_00514,9.442381286621094
test_00515,17.302491760253908
test_00516,14.886917877197265
test_00517,133.3322296142578
test_00518,33.98481674194336
test_00519,9.823295593261719
test_00520,52.04060821533204
test_00521,8.812850952148438
test_00522,11.004949951171875
test_00523,14.30343246459961
test_00524,19.59860763549805
test_00525,25.76683502197266
test_00526,113.5249267578125
test_00527,27.308757019042968
test_00528,46.41206665039063
test_00529,31.04480972290039
test_00530,24.022830963134766
test_00531,7.4151855468750005
test_00532,13.098988342285157
test_00533,23.79976043701172
test_00534,77.70557250976563
test_00535,95.20090942382814
test_00536,13.53741912841797
test_00537,112.50224609375
test_00538,19.91735382080078
test_00539,13.190057373046876
test_00540,10.772386169433593
test_00541,30.253672790527343
test_00542,109.26264953613283
test_00543,167.2286560058594
test_00544,155.6274169921875
test_00545,129.8703796386719
test_00546,44.53092422485352
test_00547,55.51195449829102
test_00548,63.27081909179688
test_00549,39.0327522277832
test_00550,19.207032775878908
test_00551,60.04469299316407
test_00552,99.49811859130861
test_00553,77.59302978515625
test_00554,113.89972076416016
test_00555,155.33104553222657
test_00556,241.7886901855469
test_00557,152.670849609375
test_00558,16.225967407226562
test_00559,92.91416168212892
test_00560,140.18463134765625
test_00561,107.60851440429688
test_00562,32.09353790283203
test_00563,10.512466430664064
test_00564,32.455691528320315
test_00565,53.27926940917969
test_00566,100.66028900146486
test_00567,18.170882415771484
test_00568,41.25202102661133
test_00569,7.40013427734375
test_00570,27.84275131225586
test_00571,8.855378723144531
test_00572,8.900193786621095
test_00573,64.69710083007814
test_00574,28.216284179687502
test_00575,271.720703125
test_00576,244.7039245605469
test_00577,169.61851806640627
test_00578,69.51941680908203
test_00579,19.426134490966795
test_00580,50.25305786132813
test_00581,217.57150268554685
test_00582,25.601046752929687
test_00583,49.076513671875006
test_00584,53.15768127441407
test_00585,55.28176574707032
test_00586,17.774057769775393
test_00587,92.20677185058594
test_00588,108.98147277832031
test_00589,185.3492858886719
test_00590,19.505574798583986
test_00591,57.732511901855474
test_00592,12.274356079101562
test_00593,11.462495422363281
test_00594,13.150460815429689
test_00595,61.553192138671875
test_00596,125.58779449462891
test_00597,213.45524902343755
test_00598,20.30536651611328
test_00599,69.44336547851563
test_00600,110.8025619506836
test_00601,20.367146301269532
test_00602,25.79737930297852
test_00603,82.14260253906251
test_00604,166.53469543457032
test_00605,146.89597778320314
test_00606,32.59442749023438
test_00607,105.69451751708985
test_00608,174.61704711914064
test_00609,14.15178985595703
test_00610,77.42305450439454
test_00611,66.12661895751954
test_00612,198.8480010986328
test_00613,52.95716552734375
test_00614,10.425129699707032
test_00615,14.327415466308594
test_00616,78.13894653320312
test_00617,163.89779052734377
test_00618,233.82985229492186
test_00619,206.51161499023434
test_00620,305.76799316406255
test_00621,405.1002563476563
test_00622,10.36529998779297
test_00623,56.647198486328136
test_00624,232.45967407226567
test_00625,226.01768188476564
test_00626,11.877775573730469
test_00627,81.97831573486329
test_00628,9.662663269042968
test_00629,46.21972808837891
test_00630,113.9599594116211
test_00631,372.170166015625
test_00632,20.794079589843754
test_00633,137.20980834960938
test_00634,152.2391784667969
test_00635,177.320166015625
test_00636,161.97303771972656
test_00637,258.0708923339844
test_00638,24.095846557617186
test_00639,11.24276123046875
test_00640,11.12012939453125
test_00641,20.481640625
test_00642,25.502108001708987
test_00643,12.477131652832032
test_00644,21.175318908691402
test_00645,95.45127716064454
test_00646,113.89921875000002
test_00647,167.4170349121094
test_00648,48.08723754882813
test_00649,11.136737060546878
test_00650,42.22304000854493
test_00651,12.871723937988284
test_00652,30.453075408935547
test_00653,41.63554229736328
test_00654,95.39235382080076
test_00655,196.25555419921878
test_00656,9.289002990722656
test_00657,260.9822998046875
test_00658,10.588987731933596
test_00659,14.981204223632812
test_00660,61.901197052001955
test_00661,11.29663543701172
test_00662,94.73973236083984
test_00663,103.32279052734376
test_00664,248.73582763671877
test_00665,14.528799438476563
test_00666,13.788467407226564
test_00667,86.61675872802735
test_00668,9.194126892089843
test_00669,9.345281982421875
test_00670,14.218440246582032
test_00671,52.32129821777344
test_00672,67.17971420288086
test_00673,73.31539154052734
test_00674,229.14900512695314
test_00675,239.36358032226565
test_00676,9.895230102539063
test_00677,54.851940917968754
test_00678,119.04566040039063
test_00679,5.66220703125
test_00680,32.60614852905273
test_00681,109.70160522460938
test_00682,17.30248489379883
test_00683,23.006573486328126
test_00684,15.345742797851564
test_00685,67.02216339111328
test_00686,70.7161148071289
test_00687,10.086927795410158
test_00688,160.7867645263672
test_00689,199.156689453125
test_00690,358.576318359375
test_00691,55.6175163269043
test_00692,30.005579376220705
test_00693,46.32276992797851
test_00694,8.551664733886719
test_00695,8.387864685058595
test_00696,11.048208618164063
test_00697,14.548097229003908
test_00698,89.81890258789063
test_00699,14.892109680175782
test_00700,96.4144714355469
test_00701,227.6743591308594
test_00702,303.8216491699219
test_00703,64.48377838134766
test_00704,53.384802246093756
test_00705,43.392729949951175
test_00706,146.98220825195312
test_00707,88.8921112060547
test_00708,8.171368408203126
test_00709,8.638551330566408
test_00710,11.898550415039065
test_00711,8.800672912597657
test_00712,20.16854019165039
test_00713,8.31478271484375
test_00714,6.8576171875
test_00715,60.87728576660156
test_00716,102.34405517578126
test_00717,10.168223571777345
test_00718,8.832647705078124
test_00719,34.28869705200196
test_00720,51.4811897277832
test_00721,77.0465576171875
test_00722,23.64982528686524
test_00723,16.639382934570314
test_00724,17.728015899658203
test_00725,67.11675720214845
test_00726,35.192317199707034
test_00727,100.07361450195313
test_00728,17.80652313232422
test_00729,41.009950256347665
test_00730,88.93989715576173
test_00731,10.24795379638672
test_00732,11.431855773925781
test_00733,22.154071807861328
test_00734,119.10545654296875
test_00735,64.02569274902345
test_00736,47.1080924987793
test_00737,9.965835571289062
test_00738,44.693827056884764
test_00739,117.72115783691407
test_00740,95.50769958496093
test_00741,68.80930633544922
test_00742,51.670222473144534
test_00743,47.61201629638673
test_00744,146.034912109375
test_00745,213.25551147460936
test_00746,31.249336242675785
test_00747,30.056189727783206
test_00748,83.56461639404297
test_00749,13.180607604980471
test_00750,16.121724700927736
test_00751,60.73620681762696
test_00752,19.83021469116211
test_00753,43.04321746826172
test_00754,164.6129364013672
test_00755,25.029052734375007
test_00756,29.56848526000977
test_00757,46.94040069580078
test_00758,9.221984863281252
test_00759,16.428797912597656
test_00760,48.13719940185547
test_00761,71.86212463378907
test_00762,89.70208892822266
test_00763,60.94518814086915
test_00764,34.881571197509764
test_00765,63.644245910644536
test_00766,20.653350830078125
test_00767,15.793336486816408
test_00768,16.04169921875
test_00769,17.321630859375002
test_00770,85.93867797851563
test_00771,12.481066894531253
test_00772,76.92250976562501
test_00773,41.51004486083984
test_00774,26.004952239990235
test_00775,49.14140167236329
test_00776,105.41670227050783
test_00777,69.96010284423829
test_00778,82.80454864501954
test_00779,82.44767456054689
test_00780,51.1913070678711
test_00781,105.47097778320312
test_00782,51.1245834350586
test_00783,7.3856750488281255
test_00784,14.439949035644531
test_00785,30.627092742919924
test_00786,29.557226562500002
test_00787,10.97220916748047
test_00788,17.653555297851565
test_00789,15.43198699951172
test_00790,19.58550262451172
test_00791,40.99265823364259
test_00792,145.02156982421877
test_00793,55.710305786132814
test_00794,50.37928619384766
test_00795,16.990133666992186
test_00796,7.456784057617187
test_00797,18.54637222290039
test_00798,38.38593673706055
test_00799,71.9866928100586
test_00800,72.7188949584961
test_00801,116.65188598632812
test_00802,6.260847473144532
test_00803,9.325872802734375
test_00804,18.392262268066403
test_00805,81.87550201416016
test_00806,58.050379180908195
test_00807,83.63139343261719
test_00808,58.7949188232422
test_00809,90.29825592041016
test_00810,72.61241607666017
test_00811,100.29471130371094
test_00812,61.09635162353516
test_00813,38.755047607421886
test_00814,10.965980529785156
test_00815,41.94216384887695
test_00816,16.460359191894533
test_00817,20.974507904052736
test_00818,64.90784912109376
test_00819,105.47245483398439
test_00820,38.81844711303711
test_00821,9.091204833984376
test_00822,15.854883575439453
test_00823,97.41694030761718
test_00824,158.4868957519531
test_00825,72.92583770751953
test_00826,9.630032348632813
test_00827,26.97201614379883
test_00828,16.98812942504883
test_00829,66.56650848388672
test_00830,144.1251220703125
test_00831,38.92880020141601
test_00832,32.88380737304688
test_00833,54.86153869628907
test_00834,26.55691375732422
test_00835,39.40757446289062
test_00836,62.40904541015625
test_00837,92.4689422607422
test_00838,19.291988372802734
test_00839,32.67932205200196
test_00840,44.765087890625
test_00841,111.76980285644531
test_00842,114.945458984375
test_00843,10.25046844482422
test_00844,21.92343673706055
test_00845,10.051202392578125
test_00846,10.568109130859375
test_00847,27.41143341064453
test_00848,49.76215972900391
test_00849,42.947092437744146
test_00850,13.885034179687501
test_00851,31.19822616577149
test_00852,49.8293960571289
test_00853,33.62180938720703
test_00854,58.32404403686524
test_00855,42.924188232421876
test_00856,4.745684814453125
test_00857,9.80328826904297
test_00858,6.726620483398438
test_00859,7.8614135742187505
test_00860,15.166279602050782
test_00861,14.38114929199219
test_00862,4.126716613769531
test_00863,10.50259704589844
test_00864,12.638998413085938
test_00865,121.9905975341797
test_00866,26.995510101318363
test_00867,10.026008605957031
test_00868,50.21150512695313
test_00869,8.279939270019533
test_00870,11.558956909179686
test_00871,13.807575988769532
test_00872,19.071109771728516
test_00873,18.68381958007813
test_00874,118.19001617431643
test_00875,24.367407989501952
test_00876,35.28817367553711
test_00877,23.82738494873047
test_00878,21.01666870117188
test_00879,6.729835510253906
test_00880,8.454832458496094
test_00881,73.21600189208985
test_00882,23.89257354736328
test_00883,111.17993774414063
test_00884,16.638861846923827
test_00885,9.70002899169922
test_00886,7.336422729492188
test_00887,25.251912689208986
test_00888,97.58174285888673
test_00889,163.60602416992188
test_00890,139.3693603515625
test_00891,100.32355041503907
test_00892,39.806460571289065
test_00893,70.32842712402343
test_00894,65.24627990722657
test_00895,34.59867630004883
test_00896,145.09901123046876
test_00897,148.583837890625
test_00898,10.471659851074218
test_00899,77.76397552490235
test_00900,147.6618865966797
test_00901,95.00301818847657
test_00902,31.63645782470703
test_00903,6.3221282958984375
test_00904,17.97246017456055
test_00905,44.30324325561524
test_00906,23.36829071044922
test_00907,32.33760452270508
test_00908,6.353630065917969
test_00909,31.02875595092774
test_00910,6.241645812988282
test_00911,11.017938232421876
test_00912,57.42970275878906
test_00913,22.946857452392578
test_00914,180.16542358398434
test_00915,260.7805480957031
test_00916,187.61591186523438
test_00917,50.25956268310547
test_00918,7.348908996582032
test_00919,52.91411437988281
test_00920,217.99345703125002
test_00921,17.543513488769534
test_00922,24.615802001953128
test_00923,49.44432144165039
test_00924,30.510011291503908
test_00925,24.32953567504883
test_00926,78.84017486572266
test_00927,111.19478302001953
test_00928,178.16990356445314
test_00929,16.757199096679688
test_00930,58.816297912597655
test_00931,10.059243774414064
test_00932,11.147566223144532
test_00933,8.250495910644531
test_00934,74.53546447753907
test_00935,119.08292694091797
test_00936,223.78716430664065
test_00937,7.1855712890625005
test_00938,70.23975524902345
test_00939,96.30040588378907
test_00940,10.59950866699219
test_00941,15.634080505371095
test_00942,71.28683776855469
test_00943,170.6513702392578
test_00944,134.5221374511719
test_00945,24.044924926757812
test_00946,56.17150497436524
test_00947,141.62717895507814
test_00948,14.748822021484376
test_00949,28.85929183959961
test_00950,63.33152923583985
test_00951,192.12471923828124
test_00952,97.41736907958985
test_00953,12.294168090820312
test_00954,10.863044738769531
test_00955,87.19830322265625
test_00956,136.4006805419922
test_00957,229.11106567382814
test_00958,208.9348571777344
test_00959,371.1242553710938
test_00960,392.8758239746094
test_00961,8.487605285644532
test_00962,43.57644729614258
test_00963,207.14019470214845
test_00964,198.06416931152347
test_00965,12.785209655761719
test_00966,71.71007843017578
test_00967,12.04010467529297
test_00968,56.789492797851565
test_00969,124.95624694824221
test_00970,183.33851318359373
test_00971,17.42914581298828
test_00972,128.22776489257814
test_00973,69.66150970458985
test_00974,205.6160400390625
test_00975,162.03414306640624
test_00976,205.36524047851563
test_00977,24.162604522705077
test_00978,13.074316406250002
test_00979,9.549116516113282
test_00980,15.147082519531251
test_00981,21.257471466064455
test_00982,14.715184020996094
test_00983,26.580438232421873
test_00984,107.96957702636719
test_00985,125.76925506591797
test_00986,127.60901184082032
test_00987,44.07696380615235
test_00988,7.4380233764648445
test_00989,56.10234680175781
test_00990,10.779039001464845
test_00991,33.80882568359375
test_00992,43.36238098144531
test_00993,136.01062622070313
test_00994,192.3369384765625
test_00995,12.433956909179688
test_00996,288.7058532714844
test_00997,10.134556579589844
test_00998,8.152078247070314
test_00999,60.97293472290039
test_01000,8.663984680175782
test_01001,73.06373138427735
test_01002,109.50367279052735
test_01003,236.51876220703124
test_01004,13.963018798828127
test_01005,14.856961059570313
test_01006,86.28290252685547
test_01007,9.680706787109377
test_01008,8.615730285644531
test_01009,10.429794311523438
test_01010,49.007581329345705
test_01011,85.93503723144532
test_01012,42.68923416137696
test_01013,220.70123291015625
test_01014,249.80632934570312
test_01015,7.294894409179688
test_01016,50.785850524902344
test_01017,111.66995697021486
test_01018,7.273837280273438
test_01019,28.101107788085937
test_01020,90.94714050292968
test_01021,11.81551208496094
test_01022,19.15947723388672
test_01023,15.095773315429689
test_01024,28.505130004882815
test_01025,85.44246215820313
test_01026,10.29044647216797
test_01027,203.92591247558596
test_01028,114.68063201904297
test_01029,359.35479125976565
test_01030,64.33107299804688
test_01031,45.9638313293457
test_01032,102.3616912841797
test_01033,9.189442443847657
test_01034,6.151255798339844
test_01035,9.759226989746093
test_01036,19.269975280761717
test_01037,114.6265869140625
test_01038,11.392077636718751
test_01039,118.26998901367189
test_01040,290.32017822265624
test_01041,295.94309692382814
test_01042,68.15015563964845
test_01043,48.68887100219727
test_01044,57.37860717773438
test_01045,132.68657836914065
test_01046,56.55177383422852
test_01047,15.652619934082031
test_01048,41.31069488525391
test_01049,13.024925231933596
test_01050,54.12507476806641
test_01051,12.246629333496093
test_01052,12.026753234863282
test_01053,124.69666442871093
test_01054,63.29277496337891
test_01055,7.110806274414063
test_01056,13.105426025390626
test_01057,75.41506500244141
test_01058,101.28085021972659
test_01059,117.2736022949219
test_01060,35.66492080688477
test_01061,20.461263275146486
test_01062,61.981727600097656
test_01063,68.06947326660156
test_01064,43.40999450683595
test_01065,96.93294982910156
test_01066,57.2587875366211
test_01067,38.11959991455078
test_01068,102.88205871582034
test_01069,11.186701965332032
test_01070,19.200779724121094
test_01071,34.03383102416993
test_01072,71.96366271972656
test_01073,91.49803619384765
test_01074,54.95707397460938
test_01075,24.38262939453125
test_01076,73.63157958984375
test_01077,74.19144287109376
test_01078,103.38185882568361
test_01079,100.0142105102539
test_01080,64.94019622802735
test_01081,213.43753051757815
test_01082,39.040364074707036
test_01083,17.027265930175783
test_01084,58.890724945068364
test_01085,46.451513671875006
test_01086,30.694028472900392
test_01087,77.87130432128906
test_01088,25.52195281982422
test_01089,62.55398864746094
test_01090,176.60144653320313
test_01091,28.279388427734375
test_01092,37.05209426879883
test_01093,63.7623779296875
test_01094,44.73500061035156
test_01095,47.860879516601564
test_01096,53.32377243041992
test_01097,87.62424011230469
test_01098,138.19661865234374
test_01099,86.20875244140625
test_01100,69.9742431640625
test_01101,86.01314086914063
test_01102,54.682331085205085
test_01103,11.364443969726565
test_01104,24.85274810791016
test_01105,77.78683471679688
test_01106,42.6386001586914
test_01107,16.935540771484376
test_01108,100.08608398437501
test_01109,42.03499526977539
test_01110,39.10347061157226
test_01111,46.64117279052734
test_01112,81.37232360839843
test_01113,135.3690979003906
test_01114,91.5955596923828
test_01115,174.6369842529297
test_01116,44.44068145751953
test_01117,13.451387023925784
test_01118,55.58540039062501
test_01119,58.19688568115235
test_01120,59.11025695800781
test_01121,14.744744873046875
test_01122,30.692483520507814
test_01123,30.567887115478516
test_01124,36.62206802368164
test_01125,106.88057250976564
test_01126,91.92286376953125
test_01127,166.64001770019533
test_01128,56.88843536376953
test_01129,148.59050903320315
test_01130,9.342121887207032
test_01131,18.57375640869141
test_01132,30.18891067504883
test_01133,69.87817077636718
test_01134,101.84505767822266
test_01135,117.51777954101563
test_01136,73.22591094970704
test_01137,36.7347770690918
test_01138,44.72560348510742
test_01139,141.44720458984375
test_01140,48.775825500488274
test_01141,87.77600708007813
test_01142,85.88273773193359
test_01143,96.15065460205079
test_01144,92.58464050292969
test_01145,162.67621459960938
test_01146,139.71964111328126
test_01147,22.798406219482423
test_01148,26.104131317138673
test_01149,31.439501953125003
test_01150,36.15129699707031
test_01151,96.49798736572266
test_01152,105.0636932373047
test_01153,103.09753417968749
test_01154,14.122488403320313
test_01155,29.32572708129883
test_01156,70.68224639892578
test_01157,33.186701202392584
test_01158,58.93920974731446
test_01159,113.648876953125
test_01160,46.42577056884765
test_01161,64.63402404785157
test_01162,176.5310821533203
test_01163,88.18248748779297
test_01164,106.67141113281252
test_01165,76.05786437988282
test_01166,138.27342529296877
test_01167,26.776847839355465
test_01168,48.69331359863282
test_01169,45.36282424926758
test_01170,76.50596771240235
test_01171,79.81083831787109
test_01172,51.98309936523439
test_01173,34.789621734619146
test_01174,17.725705718994142
test_01175,10.77211151123047
test_01176,32.73805389404297
test_01177,91.79632110595705
test_01178,63.771662902832034
test_01179,36.603396606445315
test_01180,78.60931091308595
test_01181,75.76228332519531
test_01182,39.10017700195313
test_01183,86.15804443359374
test_01184,126.9388214111328
test_01185,8.447517395019531
test_01186,28.743270111083984
test_01187,12.459225463867188
test_01188,17.51040191650391
test_01189,28.767459106445315
test_01190,19.915670776367186
test_01191,5.904833984375
test_01192,11.429475402832033
test_01193,14.543730163574219
test_01194,133.50485534667968
test_01195,34.06113204956055
test_01196,11.674999999999999
test_01197,50.11160583496094
test_01198,13.586289978027345
test_01199,11.792942810058594
test_01200,16.266133880615236
test_01201,33.47200393676758
test_01202,41.71396255493165
test_01203,66.578271484375
test_01204,79.32888641357422
test_01205,167.19736328125003
test_01206,35.955850982666014
test_01207,30.55477905273438
test_01208,15.59137420654297
test_01209,29.61292190551758
test_01210,45.09683609008789
test_01211,81.2607421875
test_01212,108.8700408935547
test_01213,35.330972290039064
test_01214,189.26746826171876
test_01215,35.906426239013676
test_01216,11.191465759277344
test_01217,10.379953002929687
test_01218,41.001834106445315
test_01219,90.73764343261719
test_01220,229.37954711914062
test_01221,192.44137268066407
test_01222,106.24884033203126
test_01223,64.23692626953125
test_01224,50.80362014770508
test_01225,50.49432220458985
test_01226,23.035264587402345
test_01227,55.43553848266602
test_01228,177.4593475341797
test_01229,51.14924011230469
test_01230,126.66930236816407
test_01231,306.97576904296875
test_01232,128.5944580078125
test_01233,110.31968536376954
test_01234,54.78717651367188
test_01235,209.488525390625
test_01236,29.107535552978515
test_01237,42.81294860839844
test_01238,8.5830810546875
test_01239,17.84389953613281
test_01240,54.432691192626955
test_01241,130.30734252929688
test_01242,6.1242919921875005
test_01243,6.411654663085937
test_01244,25.76657409667969
test_01245,8.33314208984375
test_01246,11.144793701171874
test_01247,76.4349838256836
test_01248,161.593798828125
test_01249,288.5865417480469
test_01250,259.4708984375
test_01251,124.32510681152345
test_01252,126.12723999023439
test_01253,11.65914764404297
test_01254,100.83648376464845
test_01255,183.7990783691406
test_01256,98.19478912353517
test_01257,55.31604461669922
test_01258,53.23118972778321
test_01259,10.807290649414064
test_01260,13.71954803466797
test_01261,87.65771942138673
test_01262,69.03320770263673
test_01263,196.5676452636719
test_01264,27.392977905273437
test_01265,78.30413665771485
test_01266,9.455973815917968
test_01267,8.48238525390625
test_01268,27.230958557128908
test_01269,101.16712493896486
test_01270,207.5492889404297
test_01271,287.1651306152344
test_01272,17.127730560302737
test_01273,149.05670776367188
test_01274,159.18546447753906
test_01275,9.200393676757812
test_01276,122.84282226562502
test_01277,202.34538574218755
test_01278,536.3808837890625
test_01279,73.17287750244141
test_01280,38.00775375366211
test_01281,117.37285614013673
test_01282,227.99573364257813
test_01283,8.493093872070311
test_01284,15.721461486816407
test_01285,217.6636535644531
test_01286,241.42850341796876
test_01287,10.024864196777344
test_01288,12.949671936035157
test_01289,9.692144775390627
test_01290,96.20519104003905
test_01291,288.91667480468755
test_01292,210.8924072265625
test_01293,240.1824890136719
test_01294,432.8079772949219
test_01295,476.36223754882815
test_01296,16.188821411132814
test_01297,92.68266296386719
test_01298,148.85847778320314
test_01299,171.61582641601564
test_01300,7.422671508789063
test_01301,152.47747802734375
test_01302,14.546183776855472
test_01303,418.1019165039063
test_01304,378.6775695800781
test_01305,381.0117553710937
test_01306,95.05471343994141
test_01307,354.96309204101567
test_01308,278.6947326660156
test_01309,267.7234558105469
test_01310,162.52875366210938
test_01311,129.0450500488281
test_01312,20.905921936035156
test_01313,17.451568603515625
test_01314,8.394729614257812
test_01315,55.790397644042976
test_01316,83.85997161865234
test_01317,11.434925842285157
test_01318,32.11552963256837
test_01319,89.20172424316407
test_01320,140.1844421386719
test_01321,187.105517578125
test_01322,62.468603515625006
test_01323,8.190736389160156
test_01324,74.6033447265625
test_01325,14.540133666992189
test_01326,31.328190612792973
test_01327,100.90005950927736
test_01328,143.98995971679688
test_01329,312.8860717773437
test_01330,11.889141845703127
test_01331,566.0952270507812
test_01332,11.261129760742188
test_01333,11.110861206054688
test_01334,79.5407455444336
test_01335,6.568148803710939
test_01336,85.68124084472657
test_01337,324.9720031738281
test_01338,9.089450073242189
test_01339,11.686853027343751
test_01340,62.35074920654297
test_01341,14.074801635742187
test_01342,12.921733093261722
test_01343,15.61065673828125
test_01344,132.55682678222655
test_01345,163.06888427734376
test_01346,194.99439086914066
test_01347,271.1349609375
test_01348,259.4740356445312
test_01349,7.366993713378905
test_01350,91.44920959472655
test_01351,166.10139770507814
test_01352,7.2844589233398445
test_01353,66.80288848876953
test_01354,96.2174835205078
test_01355,12.477023315429689
test_01356,22.13866348266602
test_01357,11.854592895507814
test_01358,23.04563827514648
test_01359,113.48483581542969
test_01360,8.670520019531251
test_01361,173.56248474121094
test_01362,140.19378967285155
test_01363,366.72178344726564
test_01364,81.00174102783203
test_01365,56.38494873046875
test_01366,81.39705810546874
test_01367,8.159080505371094
test_01368,6.844500732421876
test_01369,8.84895324707031
test_01370,15.714642333984377
test_01371,109.52822570800782
test_01372,12.091567993164066
test_01373,104.7289260864258
test_01374,275.341064453125
test_01375,315.21326904296876
test_01376,74.76272430419922
test_01377,49.45460052490234
test_01378,51.600073242187506
test_01379,127.32008361816408
test_01380,61.739782714843756
test_01381,14.578350830078126
test_01382,31.19996795654297
test_01383,37.753655242919926
test_01384,15.808770751953126
test_01385,46.59633712768555
test_01386,10.909829711914062
test_01387,10.966685485839843
test_01388,123.99160766601564
test_01389,65.72153015136719
test_01390,8.512579345703125
test_01391,11.527626037597656
test_01392,60.57393493652344
test_01393,108.92818603515626
test_01394,122.21099090576172
test_01395,33.21996994018555
test_01396,19.049609375000003
test_01397,61.81907653808594
test_01398,66.44099884033203
test_01399,85.59988403320314
test_01400,86.759619140625
test_01401,43.92516860961914
test_01402,92.06801147460938
test_01403,16.02623748779297
test_01404,21.52597808837891
test_01405,39.4843032836914
test_01406,71.87124633789062
test_01407,84.06799621582033
test_01408,46.91549148559571
test_01409,19.55060195922852
test_01410,53.4828842163086
test_01411,64.08865966796876
test_01412,77.36503143310547
test_01413,94.19637451171874
test_01414,129.69676818847657
test_01415,58.30388641357422
test_01416,184.59478759765622
test_01417,202.00482177734375
test_01418,33.121323394775395
test_01419,25.029101562500003
test_01420,58.95458145141602
test_01421,18.494321441650392
test_01422,22.698583984375002
test_01423,65.9728271484375
test_01424,27.383559417724612
test_01425,47.53297576904297
test_01426,186.91215209960941
test_01427,22.97676162719727
test_01428,29.121114349365232
test_01429,62.851330566406254
test_01430,36.496550750732425
test_01431,42.06597061157227
test_01432,51.73424911499024
test_01433,88.22808380126955
test_01434,93.01637573242188
test_01435,88.08744354248047
test_01436,66.47850646972657
test_01437,88.37528381347656
test_01438,57.47548446655274
test_01439,17.082295227050782
test_01440,18.896546936035158
test_01441,53.802635192871094
test_01442,37.53712692260743
test_01443,11.004156494140624
test_01444,96.2499252319336
test_01445,42.79191055297852
test_01446,43.88103256225586
test_01447,49.475421905517585
test_01448,80.46158447265626
test_01449,75.6012191772461
test_01450,97.27670593261719
test_01451,130.57481689453127
test_01452,98.5337615966797
test_01453,200.41336059570312
test_01454,37.93645095825195
test_01455,11.194465637207033
test_01456,70.00330047607423
test_01457,30.12198181152344
test_01458,68.09062042236329
test_01459,16.398992156982423
test_01460,29.183940124511718
test_01461,32.061071777343756
test_01462,37.73393859863282
test_01463,114.4752182006836
test_01464,100.40256042480468
test_01465,169.09445190429688
test_01466,66.89602966308594
test_01467,93.58047790527344
test_01468,10.086473083496095
test_01469,16.55269927978516
test_01470,30.479697418212893
test_01471,68.69746856689454
test_01472,105.13700103759764
test_01473,122.05252380371094
test_01474,87.09060668945312
test_01475,31.045736694335936
test_01476,33.626625823974614
test_01477,115.7807601928711
test_01478,51.258780670166026
test_01479,83.58910217285157
test_01480,102.59288330078127
test_01481,69.41249542236328
test_01482,66.40591278076172
test_01483,132.7286376953125
test_01484,107.26692352294923
test_01485,87.5042205810547
test_01486,18.564431762695314
test_01487,47.89309082031251
test_01488,44.935861206054696
test_01489,37.60532073974609
test_01490,109.0926971435547
test_01491,136.89586181640624
test_01492,82.00500946044922
test_01493,17.434971618652344
test_01494,50.31498260498048
test_01495,124.55133056640625
test_01496,33.85430374145508
test_01497,49.18460540771485
test_01498,9.17911834716797
test_01499,119.93365173339845
test_01500,141.59039611816408
test_01501,57.098974609375006
test_01502,69.71897735595704
test_01503,144.78561401367188
test_01504,69.61112976074219
test_01505,94.20561065673829
test_01506,76.64863891601563
test_01507,111.9462844848633
test_01508,27.475177001953128
test_01509,45.40531768798829
test_01510,49.63481903076172
test_01511,75.37437133789064
test_01512,86.26221466064453
test_01513,70.61477813720703
test_01514,30.603914642333983
test_01515,18.023075103759766
test_01516,9.076768493652343
test_01517,27.131979370117186
test_01518,85.13851928710938
test_01519,60.52771606445313
test_01520,31.84050750732422
test_01521,69.88708953857423
test_01522,73.45728149414063
test_01523,35.190067291259766
test_01524,114.28340759277344
test_01525,131.31897583007813
test_01526,6.833891296386719
test_01527,28.685948181152344
test_01528,8.483882141113282
test_01529,19.88558578491211
test_01530,23.325790405273438
test_01531,20.733176422119143
test_01532,9.205250549316407
test_01533,21.40697479248047
test_01534,20.510412597656252
test_01535,139.63723144531252
test_01536,28.14336166381836
test_01537,19.856319427490234
test_01538,57.699369049072274
test_01539,18.86452789306641
test_01540,8.57446746826172
test_01541,10.07823486328125
test_01542,37.80559692382813
test_01543,39.82988204956055
test_01544,78.55241851806642
test_01545,56.05063018798829
test_01546,158.63904724121096
test_01547,40.87370223999024
test_01548,27.88187942504883
test_01549,12.108259582519532
test_01550,23.81324157714844
test_01551,45.41249694824219
test_01552,97.30031738281251
test_01553,82.13454589843751
test_01554,34.111672973632814
test_01555,181.6387634277344
test_01556,25.46172561645508
test_01557,10.723236083984375
test_01558,12.82645721435547
test_01559,37.16663436889649
test_01560,94.5438705444336
test_01561,200.21537170410159
test_01562,172.66297607421876
test_01563,95.88651123046876
test_01564,39.182054138183595
test_01565,64.38587036132813
test_01566,50.96927032470703
test_01567,52.81753997802734
test_01568,18.038368225097656
test_01569,46.76855163574219
test_01570,171.031396484375
test_01571,56.04867858886719
test_01572,122.46157531738281
test_01573,252.00269775390626
test_01574,264.38799438476565
test_01575,124.38465881347658
test_01576,127.29341735839844
test_01577,81.94450531005859
test_01578,240.9734985351563
test_01579,42.18944931030274
test_01580,38.9042594909668
test_01581,7.043641662597657
test_01582,20.871644592285158
test_01583,78.56930236816406
test_01584,113.31076812744142
test_01585,11.884695434570313
test_01586,53.61024322509766
test_01587,5.838291931152345
test_01588,25.976044464111332
test_01589,10.232518005371094
test_01590,9.882611083984376
test_01591,74.87562408447266
test_01592,145.3622619628906
test_01593,266.02390747070314
test_01594,227.44589233398438
test_01595,119.17407684326173
test_01596,128.1715270996094
test_01597,12.816984558105467
test_01598,99.42994384765626
test_01599,205.72703247070314
test_01600,130.22922973632814
test_01601,75.74363555908204
test_01602,60.88312530517578
test_01603,24.84105911254883
test_01604,13.08892364501953
test_01605,79.23954010009766
test_01606,65.98876953125
test_01607,194.88896484375002
test_01608,39.40423126220704
test_01609,71.70791625976562
test_01610,9.8262939453125
test_01611,8.231289672851563
test_01612,19.34518966674805
test_01613,100.64038085937501
test_01614,205.56329345703128
test_01615,305.19953002929685
test_01616,19.031836700439456
test_01617,108.65792846679688
test_01618,139.96794433593752
test_01619,7.685707092285156
test_01620,138.01026306152346
test_01621,173.73744506835936
test_01622,471.0202941894532
test_01623,96.30661926269532
test_01624,32.718903350830075
test_01625,126.63061218261717
test_01626,197.4620849609375
test_01627,8.953234863281251
test_01628,21.762142944335938
test_01629,155.46882934570314
test_01630,229.91145019531254
test_01631,10.318080139160156
test_01632,16.79403991699219
test_01633,13.252780151367189
test_01634,81.85429534912109
test_01635,266.7444946289063
test_01636,230.0708435058594
test_01637,206.02609863281253
test_01638,358.5760375976563
test_01639,483.4748962402344
test_01640,15.828552246093752
test_01641,85.53161163330078
test_01642,180.5719421386719
test_01643,173.31595458984376
test_01644,11.79984130859375
test_01645,158.44071044921876
test_01646,11.94996795654297
test_01647,358.49573974609376
test_01648,257.32646484375
test_01649,416.092578125
test_01650,142.2353942871094
test_01651,284.06927490234375
test_01652,260.9665405273437
test_01653,176.6681335449219
test_01654,136.27528686523436
test_01655,29.14885940551758
test_01656,13.052204895019532
test_01657,8.694177246093751
test_01658,71.47681274414063
test_01659,92.58326873779296
test_01660,13.329435729980469
test_01661,29.143879699707032
test_01662,84.60491790771485
test_01663,120.64732208251954
test_01664,179.92781982421877
test_01665,49.61880798339844
test_01666,8.329119873046876
test_01667,67.5223373413086
test_01668,10.02552947998047
test_01669,20.898426818847657
test_01670,73.78568115234376
test_01671,176.08591918945314
test_01672,278.1266723632813
test_01673,6.371002197265625
test_01674,568.2491943359375
test_01675,10.907057189941407
test_01676,11.388825988769531
test_01677,69.66295776367187
test_01678,6.303193664550781
test_01679,51.98899536132813
test_01680,83.07913665771484
test_01681,10.51221923828125
test_01682,10.487135314941407
test_01683,58.253874206542974
test_01684,12.735504150390625
test_01685,9.875009155273439
test_01686,12.917999267578125
test_01687,113.9023223876953
test_01688,149.09622802734376
test_01689,156.67611694335938
test_01690,253.61508789062503
test_01691,284.0794982910156
test_01692,6.5864913940429695
test_01693,84.02470092773439
test_01694,142.33479614257814
test_01695,6.097940063476563
test_01696,71.40340118408204
test_01697,84.04778747558595
test_01698,20.67225723266602
test_01699,35.536190795898435
test_01700,10.356013488769532
test_01701,23.378407287597657
test_01702,70.22015686035157
test_01703,10.88355712890625
test_01704,156.8120300292969
test_01705,184.2732116699219
test_01706,341.2272888183594
test_01707,82.07759704589844
test_01708,58.80199584960938
test_01709,53.506437683105474
test_01710,8.401715087890626
test_01711,8.110864257812501
test_01712,9.677145385742188
test_01713,16.379734802246094
test_01714,93.04918060302735
test_01715,8.808332824707033
test_01716,114.72211303710938
test_01717,264.3495788574219
test_01718,351.7209655761719
test_01719,93.20999603271486
test_01720,54.2296028137207
test_01721,54.221561431884766
test_01722,121.97585449218751
test_01723,61.8537109375
test_01724,9.09248046875
test_01725,34.72487182617188
test_01726,52.6270866394043
test_01727,12.493161010742188
test_01728,65.14218292236329
test_01729,8.719671630859377
test_01730,12.025302124023439
test_01731,90.96000061035157
test_01732,68.0851806640625
test_01733,7.039990234375
test_01734,12.412934875488283
test_01735,64.3146743774414
test_01736,127.23003234863282
test_01737,80.30774078369141
test_01738,18.927537536621095
test_01739,19.514993286132814
test_01740,51.92661743164063
test_01741,61.73724441528321
test_01742,44.401032257080075
test_01743,127.74879150390626
test_01744,109.46328125000002
test_01745,72.24351959228517
test_01746,94.19670715332032
test_01747,17.710898590087893
test_01748,37.649461364746095
test_01749,42.576088714599614
test_01750,70.1120101928711
test_01751,87.38524780273438
test_01752,25.853833770751955
test_01753,13.279704284667972
test_01754,58.95467987060547
test_01755,58.988817596435545
test_01756,77.26181488037109
test_01757,74.153076171875
test_01758,68.44469299316407
test_01759,44.41706848144531
test_01760,234.27091064453126
test_01761,206.51654052734375
test_01762,21.179064941406256
test_01763,13.974208068847656
test_01764,22.415723419189455
test_01765,45.54942474365235
test_01766,13.327734375000002
test_01767,21.429148864746097
test_01768,59.79773101806641
test_01769,29.47491302490235
test_01770,55.44306793212891
test_01771,200.29603881835936
test_01772,23.01871795654297
test_01773,37.986456298828124
test_01774,60.90273132324219
test_01775,50.383432769775396
test_01776,42.35081939697265
test_01777,56.05064392089844
test_01778,93.28976287841797
test_01779,96.73395996093751
test_01780,81.90179748535157
test_01781,42.55560760498047
test_01782,79.43143768310547
test_01783,29.17166976928711
test_01784,10.45469207763672
test_01785,15.527667236328126
test_01786,60.09104766845704
test_01787,20.577102661132812
test_01788,93.90897369384767
test_01789,38.43631057739259
test_01790,45.67153549194336
test_01791,66.87235107421876
test_01792,59.79454421997071
test_01793,72.58815307617188
test_01794,119.50764770507814
test_01795,89.9264633178711
test_01796,246.30889892578125
test_01797,47.32642440795899
test_01798,10.937387084960939
test_01799,39.13162689208984
test_01800,26.227220153808595
test_01801,55.42765350341797
test_01802,8.652780151367187
test_01803,29.415667724609378
test_01804,31.60529022216797
test_01805,38.173657989501955
test_01806,76.23259735107422
test_01807,108.85389862060546
test_01808,111.15961303710938
test_01809,80.95323638916015
test_01810,20.55582046508789
test_01811,10.61539306640625
test_01812,14.636117553710937
test_01813,40.45054626464844
test_01814,92.54565124511718
test_01815,99.13613586425782
test_01816,108.36895294189455
test_01817,54.47502136230469
test_01818,30.769346618652346
test_01819,39.452154541015624
test_01820,104.573583984375
test_01821,54.37308197021485
test_01822,99.88636322021486
test_01823,90.59285278320313
test_01824,62.75381622314453
test_01825,102.99777069091797
test_01826,114.26156463623047
test_01827,85.35540008544922
test_01828,70.06468200683594
test_01829,16.392518615722658
test_01830,43.93374099731445
test_01831,25.75562515258789
test_01832,29.44875640869141
test_01833,75.52711944580078
test_01834,108.37486572265627
test_01835,53.31209106445313
test_01836,9.925506591796875
test_01837,24.862342834472656
test_01838,56.61081008911133
test_01839,145.43283996582034
test_01840,135.40874786376955
test_01841,33.86534881591797
test_01842,38.86089324951172
test_01843,10.913936614990236
test_01844,82.46689605712892
test_01845,116.11733398437501
test_01846,51.79770812988282
test_01847,75.87335205078125
test_01848,64.13736114501953
test_01849,22.44203262329102
test_01850,35.25387115478516
test_01851,76.16410522460939
test_01852,91.75782623291018
test_01853,22.200584411621094
test_01854,40.46311721801758
test_01855,44.305527496337895
test_01856,64.94779357910157
test_01857,104.84097595214845
test_01858,42.459074401855474
test_01859,38.53239212036133
test_01860,17.83136901855469
test_01861,10.511741638183594
test_01862,25.857451629638675
test_01863,70.60921173095704
test_01864,60.703741455078124
test_01865,23.916532135009767
test_01866,65.51685791015625
test_01867,76.77828216552734
test_01868,46.29932479858398
test_01869,97.36780548095705
test_01870,84.64307403564453
test_01871,4.35302734375
test_01872,7.049012756347657
test_01873,10.430162048339845
test_01874,10.96075897216797
test_01875,25.161779785156252
test_01876,14.288784790039061
test_01877,4.98453369140625
test_01878,23.00587615966797
test_01879,15.164247131347658
test_01880,136.49862365722657
test_01881,15.31645202636719
test_01882,57.84161529541016
test_01883,8.976008605957032
test_01884,7.92325439453125
test_01885,12.559075927734376
test_01886,30.501192474365233
test_01887,38.687646484375
test_01888,92.78943634033203
test_01889,42.8773178100586
test_01890,171.84912719726563
test_01891,75.39394683837891
test_01892,22.403519439697266
test_01893,15.350048828125
test_01894,21.20132064819336
test_01895,84.12791137695312
test_01896,89.30634765625001
test_01897,99.73943786621095
test_01898,207.39590454101565
test_01899,26.6470458984375
test_01900,12.00326385498047
test_01901,9.931512451171875
test_01902,192.2156219482422
test_01903,189.15623168945314
test_01904,94.42276306152345
test_01905,30.775597381591798
test_01906,60.912470245361334
test_01907,54.02302398681641
test_01908,44.763818359375
test_01909,31.59290390014648
test_01910,79.88583374023438
test_01911,155.81247863769534
test_01912,79.63370056152344
test_01913,121.44136810302736
test_01914,197.57092285156253
test_01915,256.6524963378906
test_01916,144.71880493164065
test_01917,99.07283020019531
test_01918,83.76924896240234
test_01919,197.3101318359375
test_01920,56.411833190917974
test_01921,51.80906066894532
test_01922,17.27193832397461
test_01923,19.02579498291016
test_01924,31.888533020019533
test_01925,95.38762817382813
test_01926,10.858441162109377
test_01927,35.63947448730469
test_01928,8.077239990234375
test_01929,24.159447479248048
test_01930,9.672267150878906
test_01931,10.432484436035157
test_01932,75.28303527832031
test_01933,141.2178894042969
test_01934,312.9632263183593
test_01935,234.62131958007814
test_01936,93.27536315917968
test_01937,113.00049285888672
test_01938,9.068865966796874
test_01939,97.95512695312502
test_01940,210.00678100585938
test_01941,47.41160125732422
test_01942,73.61740417480469
test_01943,51.80236587524415
test_01944,16.679124450683595
test_01945,18.792890930175783
test_01946,77.05292968750001
test_01947,72.20682067871094
test_01948,165.79696960449218
test_01949,18.72907409667969
test_01950,55.502847290039064
test_01951,9.160877990722655
test_01952,7.302516174316406
test_01953,10.199812316894532
test_01954,86.02935485839845
test_01955,176.5152130126953
test_01956,438.52881469726566
test_01957,16.39326629638672
test_01958,113.20867462158202
test_01959,139.34481811523438
test_01960,10.612136840820312
test_01961,65.88760070800781
test_01962,94.47677001953124
test_01963,369.69044189453126
test_01964,145.7537780761719
test_01965,40.27289581298828
test_01966,69.70339355468751
test_01967,187.32272338867188
test_01968,8.145030212402343
test_01969,20.514205932617188
test_01970,107.88827209472659
test_01971,237.7684020996094
test_01972,10.779107666015625
test_01973,6.2703598022460945
test_01974,94.85854034423829
test_01975,162.851171875
test_01976,266.37559814453124
test_01977,210.1016845703125
test_01978,507.6100952148438
test_01979,442.4176330566407
test_01980,8.752175903320314
test_01981,94.76842041015624
test_01982,163.20736694335938
test_01983,161.99556884765627
test_01984,13.167811584472657
test_01985,174.64995117187502
test_01986,8.356689453125
test_01987,64.74181213378907
test_01988,177.60938720703126
test_01989,399.4181518554688
test_01990,7.9411666870117195
test_01991,192.35697937011722
test_01992,375.29777832031255
test_01993,260.2097229003906
test_01994,160.84078369140627
test_01995,245.44956665039064
test_01996,19.404033660888672
test_01997,19.381081390380857
test_01998,10.419088745117188
test_01999,62.719794464111324
test_02000,100.35706787109376
test_02001,9.399847412109375
test_02002,28.40434951782227
test_02003,94.23952941894534
test_02004,126.01246337890628
test_02005,178.88223266601562
test_02006,71.7885955810547
test_02007,7.722921752929688
test_02008,68.35527038574219
test_02009,17.873719787597658
test_02010,20.380619812011723
test_02011,40.32273559570313
test_02012,87.02611236572265
test_02013,222.53125
test_02014,5.7091613769531255
test_02015,523.5515502929688
test_02016,11.510223388671875
test_02017,12.61614990234375
test_02018,74.65231475830079
test_02019,8.649766540527343
test_02020,56.493051910400396
test_02021,105.11054229736328
test_02022,275.51025390625
test_02023,6.908131408691406
test_02024,15.606451416015625
test_02025,72.38717956542969
test_02026,12.221905517578126
test_02027,9.710661315917969
test_02028,11.665367126464844
test_02029,159.56781616210938
test_02030,178.03759155273437
test_02031,113.20599060058595
test_02032,219.88807373046876
test_02033,290.39192504882817
test_02034,8.603462219238281
test_02035,72.91662902832032
test_02036,131.87021789550784
test_02037,8.278475952148439
test_02038,76.03754119873048
test_02039,100.18140258789063
test_02040,20.726355743408202
test_02041,29.70555114746094
test_02042,12.475555419921875
test_02043,28.278382873535154
test_02044,72.48075714111329
test_02045,7.566862487792969
test_02046,123.26608581542969
test_02047,130.4132293701172
test_02048,317.22205810546876
test_02049,47.32351150512696
test_02050,31.443927001953128
test_02051,99.2264892578125
test_02052,11.407141113281252
test_02053,8.827003479003906
test_02054,9.472283935546876
test_02055,18.6117561340332
test_02056,78.45075988769531
test_02057,11.53184356689453
test_02058,71.87908782958985
test_02059,209.88513183593756
test_02060,273.7975280761719
test_02061,32.027645111083984
test_02062,56.907735443115236
test_02063,35.31008682250977
test_02064,126.7451385498047
test_02065,60.70612106323243
test_02066,10.441351318359375
test_02067,19.224593353271487
test_02068,17.684716033935548
test_02069,10.14908905029297
test_02070,25.54945602416992
test_02071,9.766595458984376
test_02072,7.169853210449219
test_02073,53.64046020507812
test_02074,76.14398651123047
test_02075,9.326338195800782
test_02076,12.883552551269533
test_02077,84.82999420166016
test_02078,87.05738372802736
test_02079,11.3409423828125
test_02080,11.418287658691408
test_02081,54.40010375976563
test_02082,59.999662780761724
test_02083,37.59325942993164
test_02084,74.79014587402344
test_02085,48.58487396240235
test_02086,42.67865524291992
test_02087,80.48444213867188
test_02088,14.190196228027343
test_02089,18.216879272460936
test_02090,23.458763122558594
test_02091,45.796694946289065
test_02092,65.73442993164063
test_02093,37.19641952514648
test_02094,14.827548217773439
test_02095,29.282734680175786
test_02096,62.58407745361329
test_02097,70.55469665527345
test_02098,59.224540710449226
test_02099,66.48102416992188
test_02100,38.84568710327148
test_02101,134.99963684082033
test_02102,175.48262634277344
test_02103,47.723043060302736
test_02104,10.621366882324219
test_02105,57.33419189453126
test_02106,56.22483978271485
test_02107,27.379013061523438
test_02108,29.2653678894043
test_02109,53.891674804687504
test_02110,24.871492004394533
test_02111,83.32217712402345
test_02112,117.04117431640626
test_02113,15.980694580078126
test_02114,30.461426544189454
test_02115,65.44276123046876
test_02116,11.123219299316407
test_02117,20.298262786865237
test_02118,69.33254852294922
test_02119,103.98920593261718
test_02120,75.77672119140625
test_02121,51.279743957519536
test_02122,33.13884353637695
test_02123,54.2378402709961
test_02124,15.86400604248047
test_02125,11.449752807617191
test_02126,17.55044860839844
test_02127,67.20869445800781
test_02128,61.62930526733398
test_02129,16.723193359375003
test_02130,73.10013427734376
test_02131,33.074526977539065
test_02132,33.25679016113281
test_02133,52.71840896606445
test_02134,55.57833557128907
test_02135,91.46186676025391
test_02136,55.91558685302735
test_02137,44.80611953735352
test_02138,70.50205688476562
test_02139,75.6009521484375
test_02140,38.989600372314456
test_02141,7.955287170410156
test_02142,53.32257156372071
test_02143,19.65083160400391
test_02144,38.13708801269532
test_02145,13.310458374023439
test_02146,14.324609375000001
test_02147,19.26129379272461
test_02148,20.79143295288086
test_02149,57.96625671386719
test_02150,78.79463653564454
test_02151,114.02399902343753
test_02152,43.442613220214845
test_02153,40.176570129394534
test_02154,5.725819396972657
test_02155,17.380767059326175
test_02156,76.06799926757813
test_02157,61.694592285156254
test_02158,37.09424438476563
test_02159,112.6860321044922
test_02160,33.184095001220705
test_02161,12.489581298828124
test_02162,48.061080932617195
test_02163,64.6852294921875
test_02164,38.39687652587891
test_02165,88.33932037353517
test_02166,108.94982910156251
test_02167,62.25223617553711
test_02168,44.68396072387695
test_02169,123.40872497558595
test_02170,103.62914276123048
test_02171,85.37356109619141
test_02172,10.208038330078127
test_02173,38.62907028198242
test_02174,33.1319320678711
test_02175,20.417840576171873
test_02176,45.32159957885743
test_02177,87.96906127929688
test_02178,71.41547241210938
test_02179,8.71595458984375
test_02180,11.893267822265624
test_02181,79.33992919921876
test_02182,97.29823913574218
test_02183,106.11848754882814
test_02184,33.06141738891601
test_02185,27.7389404296875
test_02186,21.619124603271484
test_02187,186.85650329589842
test_02188,45.46377258300782
test_02189,34.83564910888672
test_02190,46.944461059570315
test_02191,32.21285781860352
test_02192,58.106726074218756
test_02193,66.43376007080079
test_02194,100.3051544189453
test_02195,16.31566162109375
test_02196,19.634474182128905
test_02197,29.78963394165039
test_02198,130.2146423339844
test_02199,117.27720336914064
test_02200,13.716760253906251
test_02201,15.792567443847659
test_02202,11.1826904296875
test_02203,13.466763305664063
test_02204,27.190019989013678
test_02205,54.328583526611325
test_02206,52.14289855957032
test_02207,17.77245101928711
test_02208,43.678382110595706
test_02209,63.87232818603516
test_02210,44.15559768676758
test_02211,63.370982360839854
test_02212,91.17225952148438
test_02213,5.866909790039063
test_02214,11.940910339355469
test_02215,9.02540283203125
test_02216,10.362347412109376
test_02217,16.57510757446289
test_02218,19.288191986083987
test_02219,8.051699829101564
test_02220,13.37011260986328
test_02221,13.863154602050782
test_02222,113.54283294677735
test_02223,34.078076171875004
test_02224,14.17629089355469
test_02225,42.63166961669923
test_02226,13.849273681640627
test_02227,8.202261352539063
test_02228,11.517445373535157
test_02229,19.749085998535158
test_02230,30.610259246826175
test_02231,107.67989044189454
test_02232,83.17063751220704
test_02233,48.1436508178711
test_02234,25.409782409667976
test_02235,17.1505485534668
test_02236,9.572285461425782
test_02237,17.064151000976565
test_02238,75.82890930175782
test_02239,134.68530883789063
test_02240,19.17557601928711
test_02241,135.1876434326172
test_02242,21.484987640380858
test_02243,9.433354187011718
test_02244,9.888409423828126
test_02245,19.583676147460938
test_02246,196.58179321289063
test_02247,146.22395935058594
test_02248,53.42222747802735
test_02249,33.74081115722657
test_02250,77.1420150756836
test_02251,80.44668121337891
test_02252,41.867074584960946
test_02253,12.393537902832033
test_02254,61.13450546264649
test_02255,120.09595642089845
test_02256,76.28828735351563
test_02257,103.80440826416016
test_02258,150.3153076171875
test_02259,249.20498046875002
test_02260,97.68165893554689
test_02261,69.33935546875
test_02262,54.173743438720706
test_02263,179.87025146484376
test_02264,120.99595642089844
test_02265,34.57479553222657
test_02266,8.865104675292969
test_02267,18.99473114013672
test_02268,23.86121063232422
test_02269,7.875210571289063
test_02270,34.14538803100586
test_02271,5.365951538085938
test_02272,29.149114227294923
test_02273,7.054200744628906
test_02274,9.432035827636719
test_02275,67.08645629882812
test_02276,133.2095184326172
test_02277,299.16589965820316
test_02278,215.0991027832031
test_02279,164.09681701660156
test_02280,68.10366668701172
test_02281,14.527336120605469
test_02282,44.22321243286133
test_02283,162.26212158203126
test_02284,75.9721893310547
test_02285,62.23926391601563
test_02286,51.541300201416014
test_02287,63.45323028564453
test_02288,13.75069122314453
test_02289,65.28796081542968
test_02290,130.682568359375
test_02291,183.34067993164064
test_02292,23.683670043945312
test_02293,47.694559478759764
test_02294,9.834004211425782
test_02295,9.357917785644531
test_02296,10.463648986816406
test_02297,78.67526092529297
test_02298,94.6674575805664
test_02299,217.1222839355469
test_02300,32.4105728149414
test_02301,49.88421630859375
test_02302,80.22616729736329
test_02303,8.779666137695312
test_02304,31.819039916992192
test_02305,63.52659301757813
test_02306,288.6718627929688
test_02307,107.84548797607422
test_02308,14.469676208496093
test_02309,45.39946594238282
test_02310,133.69563903808594
test_02311,14.381907653808595
test_02312,16.296646118164062
test_02313,45.50480346679688
test_02314,201.63413696289064
test_02315,12.291719055175781
test_02316,11.821229553222658
test_02317,7.451252746582032
test_02318,24.624104309082032
test_02319,68.77747802734376
test_02320,103.47359161376954
test_02321,73.99382171630859
test_02322,388.4428527832032
test_02323,393.42927856445317
test_02324,10.338362121582032
test_02325,33.72581787109375
test_02326,138.05811462402343
test_02327,154.1562255859375
test_02328,18.70945281982422
test_02329,51.848750305175784
test_02330,22.632784271240237
test_02331,42.516997528076175
test_02332,122.90178833007812
test_02333,317.4510498046875
test_02334,289.33030395507814
test_02335,144.9466979980469
test_02336,84.44584197998047
test_02337,244.390625
test_02338,132.94802856445312
test_02339,145.9870178222656
test_02340,35.3026725769043
test_02341,14.471258544921879
test_02342,7.269247436523438
test_02343,50.95088424682618
test_02344,20.586534118652345
test_02345,16.240673828125
test_02346,11.992237854003909
test_02347,84.13199768066407
test_02348,139.77969970703126
test_02349,152.15094604492188
test_02350,35.91886749267579
test_02351,9.087974548339844
test_02352,36.54890670776368
test_02353,13.497908020019533
test_02354,11.837860107421875
test_02355,22.477307891845705
test_02356,82.82276458740235
test_02357,184.01371765136722
test_02358,6.399461364746094
test_02359,222.1196411132812
test_02360,9.864242553710938
test_02361,12.713977050781251
test_02362,63.376979064941416
test_02363,8.75583190917969
test_02364,33.3518783569336
test_02365,51.63336639404297
test_02366,236.40821533203126
test_02367,9.66763916015625
test_02368,9.634800720214844
test_02369,86.17487792968751
test_02370,8.269725036621095
test_02371,9.080343627929688
test_02372,10.411203002929689
test_02373,125.63161621093752
test_02374,86.61109924316406
test_02375,124.42851867675782
test_02376,223.08575439453128
test_02377,236.71375122070313
test_02378,6.622291564941406
test_02379,28.653334045410155
test_02380,105.06811218261718
test_02381,6.562831115722656
test_02382,23.721533203125002
test_02383,95.65973968505858
test_02384,18.68603515625
test_02385,22.475754547119145
test_02386,33.63017120361329
test_02387,21.27387390136719
test_02388,56.069895935058604
test_02389,12.677525329589844
test_02390,204.26515197753903
test_02391,120.41056671142579
test_02392,400.06552734375003
test_02393,65.20967025756836
test_02394,50.467391967773445
test_02395,121.74334716796875
test_02396,10.049053955078126
test_02397,6.950572204589844
test_02398,10.371694946289063
test_02399,19.936087036132815
test_02400,96.51159667968749
test_02401,10.063229370117186
test_02402,121.50440673828126
test_02403,267.9794616699219
test_02404,280.3247375488281
test_02405,62.40355224609375
test_02406,45.51258239746094
test_02407,51.39909667968751
test_02408,125.748681640625
test_02409,51.12362442016602
test_02410,14.440846252441407
test_02411,29.241934204101565
test_02412,31.463855743408207
test_02413,11.304042053222657
test_02414,48.51292572021485
test_02415,10.295097351074217
test_02416,8.797932434082032
test_02417,116.26869049072268
test_02418,83.79153900146484
test_02419,6.179582214355468
test_02420,17.160637664794923
test_02421,64.62092590332031
test_02422,87.13828125
test_02423,104.02763366699219
test_02424,24.723494720458987
test_02425,13.040773010253908
test_02426,61.22940597534179
test_02427,63.839886474609386
test_02428,37.09221954345704
test_02429,86.43452911376954
test_02430,54.03823547363281
test_02431,39.45196762084961
test_02432,85.32815551757812
test_02433,9.228326416015625
test_02434,16.29285583496094
test_02435,30.775012969970703
test_02436,59.64290084838868
test_02437,77.93321685791017
test_02438,53.233410644531254
test_02439,26.61261901855469
test_02440,66.53016510009766
test_02441,63.79403381347657
test_02442,81.80971679687501
test_02443,89.58456268310547
test_02444,99.08826751708985
test_02445,63.009718322753905
test_02446,122.76209411621095
test_02447,188.04468994140626
test_02448,41.50725936889649
test_02449,9.876025390625
test_02450,26.709505462646483
test_02451,44.71584396362305
test_02452,16.482537841796876
test_02453,27.508454895019536
test_02454,92.9426483154297
test_02455,22.586579895019533
test_02456,40.023867797851565
test_02457,145.96678466796874
test_02458,17.965562438964845
test_02459,31.47178192138672
test_02460,54.54300231933594
test_02461,31.73910446166992
test_02462,41.69162216186524
test_02463,46.71133728027344
test_02464,79.24860992431641
test_02465,122.12025756835938
test_02466,89.01170654296875
test_02467,72.37267456054688
test_02468,79.17216644287109
test_02469,43.93826446533203
test_02470,12.200080871582033
test_02471,19.99370346069336
test_02472,82.76474609375
test_02473,33.873313903808594
test_02474,8.748394775390626
test_02475,99.55140991210938
test_02476,42.96266403198243
test_02477,29.871897125244146
test_02478,44.93775482177735
test_02479,92.3296905517578
test_02480,71.9924530029297
test_02481,61.96067810058594
test_02482,128.38667602539064
test_02483,88.33784179687501
test_02484,166.48834533691408
test_02485,35.70915756225586
test_02486,8.10768280029297
test_02487,58.133520507812506
test_02488,60.18538513183594
test_02489,62.719195556640635
test_02490,12.157899475097658
test_02491,26.714055633544923
test_02492,33.09848403930664
test_02493,45.75979385375977
test_02494,119.63888092041016
test_02495,84.57420349121094
test_02496,175.48063964843752
test_02497,58.74815673828125
test_02498,153.97926635742186
test_02499,11.87091522216797
test_02500,17.847982788085936
test_02501,30.504877471923827
test_02502,64.16246032714844
test_02503,94.17807159423828
test_02504,105.80098266601564
test_02505,47.7521957397461
test_02506,35.628770446777345
test_02507,42.28322219848632
test_02508,135.53125610351563
test_02509,60.42466430664063
test_02510,83.90330505371094
test_02511,74.4693099975586
test_02512,58.54448547363282
test_02513,67.84102020263673
test_02514,116.49430236816409
test_02515,85.43689117431641
test_02516,65.42819366455078
test_02517,18.691526031494142
test_02518,55.48276977539062
test_02519,34.5443717956543
test_02520,31.61722106933594
test_02521,93.36227569580079
test_02522,95.4458297729492
test_02523,94.072705078125
test_02524,13.396533203125
test_02525,34.702386474609376
test_02526,66.47613677978515
test_02527,138.34672851562502
test_02528,127.81261291503907
test_02529,24.45376892089844
test_02530,45.27516098022461
test_02531,7.730393981933595
test_02532,130.09700622558594
test_02533,120.64547729492189
test_02534,31.360589599609373
test_02535,54.92094421386719
test_02536,166.91910095214845
test_02537,90.90623626708984
test_02538,104.58356628417968
test_02539,68.29373016357422
test_02540,136.8408966064453
test_02541,22.13931350708008
test_02542,42.003673553466804
test_02543,59.213835144042974
test_02544,70.81272888183594
test_02545,82.89581909179688
test_02546,48.67484512329102
test_02547,28.7039665222168
test_02548,16.652497863769533
test_02549,14.108163452148439
test_02550,29.427270507812498
test_02551,88.36944122314453
test_02552,55.878829193115244
test_02553,32.26973648071289
test_02554,68.37418823242189
test_02555,66.62453918457031
test_02556,38.536170959472656
test_02557,84.33120117187501
test_02558,96.94993133544924
test_02559,6.927035522460939
test_02560,31.695545959472657
test_02561,11.988137817382814
test_02562,22.274981689453128
test_02563,38.833116149902345
test_02564,23.487495422363285
test_02565,7.988212585449219
test_02566,8.631033325195313
test_02567,13.133589172363283
test_02568,132.2247497558594
test_02569,36.91291046142578
test_02570,11.413195800781251
test_02571,41.20626525878907
test_02572,9.502894592285156
test_02573,6.90850067138672
test_02574,11.5793701171875
test_02575,33.12101440429688
test_02576,44.57220153808594
test_02577,64.7513931274414
test_02578,53.116661071777344
test_02579,164.54671936035157
test_02580,35.70884399414063
test_02581,24.333401489257813
test_02582,9.990469360351563
test_02583,39.497717285156256
test_02584,55.84057922363282
test_02585,87.24171905517579
test_02586,128.1931335449219
test_02587,26.826088714599614
test_02588,194.67343750000003
test_02589,29.19167633056641
test_02590,10.415693664550783
test_02591,8.234468078613283
test_02592,44.17900848388672
test_02593,83.03238983154299
test_02594,219.5710205078125
test_02595,187.89351196289067
test_02596,91.76092529296875
test_02597,42.14712295532227
test_02598,61.5049789428711
test_02599,55.285311126709
test_02600,45.55745315551758
test_02601,13.203546142578125
test_02602,49.46613311767578
test_02603,156.9827117919922
test_02604,54.538880920410165
test_02605,132.7707489013672
test_02606,260.15464477539064
test_02607,111.99563293457032
test_02608,102.25013427734375
test_02609,42.56184234619141
test_02610,150.494140625
test_02611,28.06434020996094
test_02612,42.56727828979493
test_02613,7.723196411132813
test_02614,25.383689880371097
test_02615,58.06736679077149
test_02616,112.7774139404297
test_02617,5.626992797851562
test_02618,66.99636840820312
test_02619,7.095828247070313
test_02620,26.676526641845705
test_02621,8.623469543457032
test_02622,12.61987762451172
test_02623,73.43548889160157
test_02624,156.14588012695313
test_02625,306.49912109375003
test_02626,257.75327758789064
test_02627,122.8869110107422
test_02628,108.36049957275392
test_02629,9.406761169433594
test_02630,89.19271392822266
test_02631,226.03579711914062
test_02632,32.95586929321289
test_02633,64.43758544921874
test_02634,57.09079971313477
test_02635,14.16780242919922
test_02636,14.82548294067383
test_02637,91.29141387939453
test_02638,63.27790832519532
test_02639,183.31758422851564
test_02640,24.993438720703125
test_02641,74.96629180908204
test_02642,9.485374450683594
test_02643,8.598458862304687
test_02644,9.140470886230469
test_02645,87.41280822753906
test_02646,203.0977813720703
test_02647,253.46616210937503
test_02648,16.67438430786133
test_02649,150.04636535644534
test_02650,105.65442199707033
test_02651,9.355026245117186
test_02652,123.55168151855469
test_02653,226.05397338867186
test_02654,508.7743103027344
test_02655,66.98936004638672
test_02656,37.88272247314453
test_02657,134.8190399169922
test_02658,221.67960205078126
test_02659,9.150161743164062
test_02660,19.116204071044923
test_02661,182.06808166503907
test_02662,229.6002624511719
test_02663,9.507107543945313
test_02664,11.349842834472659
test_02665,8.305339050292968
test_02666,84.57046966552734
test_02667,266.105615234375
test_02668,200.6490905761719
test_02669,257.6468872070312
test_02670,367.2381286621094
test_02671,404.5223083496094
test_02672,10.792050170898438
test_02673,85.4759246826172
test_02674,139.7257080078125
test_02675,190.89581604003908
test_02676,13.11350555419922
test_02677,132.7650329589844
test_02678,12.530987548828126
test_02679,393.25288085937507
test_02680,354.2176452636719
test_02681,111.44122314453125
test_02682,346.336181640625
test_02683,479.4865905761719
test_02684,260.839990234375
test_02685,245.14409179687502
test_02686,160.43473205566409
test_02687,19.28055191040039
test_02688,12.806773376464845
test_02689,9.524522399902345
test_02690,17.601672363281253
test_02691,55.12431106567384
test_02692,9.32103271484375
test_02693,29.57315444946289
test_02694,67.50780792236328
test_02695,135.55603637695313
test_02696,181.9662353515625
test_02697,59.16461334228516
test_02698,7.698039245605469
test_02699,65.93055877685546
test_02700,9.445393371582032
test_02701,20.96839981079102
test_02702,131.10493774414064
test_02703,196.14558715820314
test_02704,323.8289367675781
test_02705,8.695335388183594
test_02706,408.70598144531255
test_02707,10.674903869628908
test_02708,8.123812866210939
test_02709,98.83033447265626
test_02710,6.413682556152343
test_02711,39.39475860595703
test_02712,70.14616241455079
test_02713,284.5009704589844
test_02714,7.166574096679688
test_02715,11.24737243652344
test_02716,46.779812622070324
test_02717,7.436424255371095
test_02718,8.562796020507813
test_02719,10.086361694335938
test_02720,82.66261749267579
test_02721,135.8754608154297
test_02722,179.76744079589844
test_02723,258.4628845214844
test_02724,294.46575927734375
test_02725,7.186433410644532
test_02726,83.09611511230469
test_02727,180.03076171875003
test_02728,9.626185607910156
test_02729,64.71040344238281
test_02730,16.059381103515626
test_02731,35.99531784057617
test_02732,19.670626068115237
test_02733,22.55266571044922
test_02734,94.16405792236327
test_02735,6.557485961914063
test_02736,208.4442443847656
test_02737,415.4239624023438
test_02738,44.05171737670899
test_02739,33.38671951293945
test_02740,124.34590759277344
test_02741,8.032304382324218
test_02742,7.736192321777344
test_02743,12.423516845703126
test_02744,9.458027648925782
test_02745,223.22855224609376
test_02746,73.85365753173829
test_02747,327.5395568847656
test_02748,269.1846069335937
test_02749,48.658703613281254
test_02750,47.194586181640624
test_02751,38.672080993652344
test_02752,128.721875
test_02753,64.16178283691406
test_02754,12.631336975097657
test_02755,35.177490234375
test_02756,62.886276245117195
test_02757,16.84149932861328
test_02758,54.56381378173829
test_02759,7.4556213378906255
test_02760,8.77259521484375
test_02761,113.61679840087892
test_02762,124.60563659667969
test_02763,14.393388366699218
test_02764,20.39766082763672
test_02765,71.99028625488282
test_02766,85.65447998046876
test_02767,57.21950912475587
test_02768,9.502313232421876
test_02769,83.8893325805664
test_02770,63.740419006347665
test_02771,43.32541885375977
test_02772,107.30403900146486
test_02773,15.815350341796876
test_02774,32.629631805419926
test_02775,105.06423950195312
test_02776,21.194784545898436
test_02777,30.3107551574707
test_02778,52.92170104980469
test_02779,74.40832214355468
test_02780,37.344635009765625
test_02781,15.51699676513672
test_02782,45.26017990112305
test_02783,53.24819107055664
test_02784,70.53278350830078
test_02785,86.23851318359375
test_02786,71.05765838623047
test_02787,53.62424850463867
test_02788,158.50350952148438
test_02789,203.88753051757814
test_02790,9.821240234375
test_02791,44.05105438232422
test_02792,14.387393188476562
test_02793,17.629312896728514
test_02794,48.25176849365235
test_02795,16.918061828613283
test_02796,35.2495002746582
test_02797,127.19340209960937
test_02798,22.945230865478514
test_02799,34.0232650756836
test_02800,68.53311157226562
test_02801,24.65737457275391
test_02802,41.8009750366211
test_02803,45.32293853759766
test_02804,83.11345672607422
test_02805,104.13676910400392
test_02806,55.029272460937506
test_02807,37.94191055297851
test_02808,62.84608459472656
test_02809,23.17994766235352
test_02810,12.495997619628907
test_02811,13.274209594726562
test_02812,97.75401153564454
test_02813,45.614938354492196
test_02814,10.730615234375
test_02815,84.01826477050781
test_02816,38.30248947143555
test_02817,27.727248382568362
test_02818,40.909253692626955
test_02819,71.14048309326172
test_02820,99.18118591308593
test_02821,43.965970611572274
test_02822,144.50594787597657
test_02823,78.07461395263672
test_02824,167.34833374023438
test_02825,38.26783294677735
test_02826,5.639306640625
test_02827,64.69818725585938
test_02828,24.810700988769536
test_02829,53.29475402832031
test_02830,14.47318572998047
test_02831,13.833518981933594
test_02832,21.970355224609378
test_02833,23.288468170166016
test_02834,70.26008758544921
test_02835,78.66197204589844
test_02836,149.1342712402344
test_02837,49.71194534301758
test_02838,180.93742370605466
test_02839,15.524031066894533
test_02840,23.448435974121093
test_02841,65.57950592041016
test_02842,93.73097534179686
test_02843,64.6359130859375
test_02844,93.64180297851563
test_02845,41.765933990478516
test_02846,10.789041137695312
test_02847,92.03986206054688
test_02848,119.59507446289064
test_02849,112.82767028808595
test_02850,36.781890869140625
test_02851,53.757713317871094
test_02852,128.47725219726564
test_02853,88.32337951660156
test_02854,89.69709320068361
test_02855,16.58097152709961
test_02856,32.892408752441405
test_02857,32.918206787109376
test_02858,24.2341796875
test_02859,68.82293853759766
test_02860,77.35602416992188
test_02861,15.750679016113283
test_02862,25.1511848449707
test_02863,74.87992248535157
test_02864,75.28500061035156
test_02865,109.75113830566407
test_02866,36.13347396850586
test_02867,52.47652740478516
test_02868,6.993585205078125
test_02869,97.83250274658204
test_02870,183.9108123779297
test_02871,41.116806793212895
test_02872,50.95772857666016
test_02873,67.8546112060547
test_02874,103.0560729980469
test_02875,171.80921630859376
test_02876,68.60196228027344
test_02877,100.83334655761719
test_02878,18.515438079833984
test_02879,15.853143310546876
test_02880,37.54109191894532
test_02881,85.35773010253908
test_02882,97.62210540771486
test_02883,48.63105010986329
test_02884,21.539791870117188
test_02885,10.308016967773437
test_02886,18.401940155029298
test_02887,41.710085296630865
test_02888,63.83055877685547
test_02889,34.70992736816407
test_02890,23.42264633178711
test_02891,26.90716552734375
test_02892,54.97266235351563
test_02893,82.30693664550782
test_02894,71.21559143066406
test_02895,147.66868286132814
test_02896,7.551011657714843
test_02897,20.467860412597656
test_02898,6.3269805908203125
test_02899,7.119523620605469
test_02900,16.025464630126955
test_02901,25.449030303955077
test_02902,9.521263122558594
test_02903,12.101017761230471
test_02904,11.95675506591797
test_02905,27.56407318115235
test_02906,14.904711914062503
test_02907,36.966138458251955
test_02908,12.007138061523438
test_02909,9.686225891113281
test_02910,10.991560363769533
test_02911,23.73751068115234
test_02912,34.12664794921875
test_02913,90.6949447631836
test_02914,156.23541259765625
test_02915,25.116550445556644
test_02916,18.47623748779297
test_02917,11.026858520507814
test_02918,28.42561874389649
test_02919,34.96645584106446
test_02920,57.564855957031256
test_02921,119.41926574707033
test_02922,15.45343704223633
test_02923,180.2486114501953
test_02924,33.30690536499024
test_02925,10.55809326171875
test_02926,9.031303405761719
test_02927,30.274529266357426
test_02928,70.8474334716797
test_02929,213.2856018066406
test_02930,161.91458129882812
test_02931,39.076470184326176
test_02932,53.422592163085945
test_02933,83.40214385986329
test_02934,88.79299774169922
test_02935,79.27538299560547
test_02936,16.304972839355468
test_02937,40.34620819091797
test_02938,152.08349914550783
test_02939,86.96890258789062
test_02940,118.37088012695312
test_02941,201.39472656249995
test_02942,172.20469055175784
test_02943,139.5724304199219
test_02944,76.41139221191406
test_02945,47.33575134277344
test_02946,160.81096496582032
test_02947,79.04303436279298
test_02948,30.12409820556641
test_02949,6.076954650878906
test_02950,17.95711898803711
test_02951,36.49981155395508
test_02952,62.039038085937506
test_02953,5.536579895019532
test_02954,7.386029052734376
test_02955,21.65646667480469
test_02956,17.844668579101565
test_02957,8.234118652343751
test_02958,71.18812866210938
test_02959,131.61534423828124
test_02960,286.3594604492188
test_02961,146.96963500976562
test_02962,118.84547729492188
test_02963,92.84130096435548
test_02964,8.063798522949218
test_02965,76.5797103881836
test_02966,157.1677459716797
test_02967,93.14665222167969
test_02968,48.22876892089844
test_02969,56.37737884521485
test_02970,55.57576141357423
test_02971,11.913389587402346
test_02972,76.69056549072266
test_02973,128.1067337036133
test_02974,164.9852294921875
test_02975,42.8816162109375
test_02976,66.8375
test_02977,9.833116149902345
test_02978,7.410311889648438
test_02979,9.741839599609376
test_02980,84.02774658203126
test_02981,137.981494140625
test_02982,211.44415283203122
test_02983,13.163969421386719
test_02984,65.02251281738282
test_02985,111.18661346435547
test_02986,7.51123046875
test_02987,56.166291046142575
test_02988,134.05812072753906
test_02989,479.9944641113281
test_02990,274.34716796875
test_02991,52.70299682617188
test_02992,41.03474273681641
test_02993,133.7167510986328
test_02994,12.439497375488282
test_02995,13.431375122070314
test_02996,57.10802917480469
test_02997,188.61603088378905
test_02998,8.725880432128907
test_02999,8.347750854492189
test_03000,8.426002502441406
test_03001,41.10397720336914
test_03002,215.2533630371094
test_03003,99.87364501953127
test_03004,76.63024291992187
test_03005,370.5704528808594
test_03006,420.4304382324219
test_03007,15.125013732910157
test_03008,48.20186920166016
test_03009,132.26122131347657
test_03010,196.10390014648442
test_03011,9.883987426757814
test_03012,122.87630310058594
test_03013,9.083161926269531
test_03014,156.05572509765625
test_03015,205.38167724609374
test_03016,385.3368408203126
test_03017,331.75283203124997
test_03018,192.2134704589844
test_03019,409.13982543945315
test_03020,273.3376831054687
test_03021,254.39470825195315
test_03022,173.157470703125
test_03023,26.838854980468753
test_03024,12.106925964355469
test_03025,10.618550109863282
test_03026,38.05051879882813
test_03027,25.455301666259764
test_03028,10.86133270263672
test_03029,30.172891998291014
test_03030,61.86560211181641
test_03031,121.96626892089846
test_03032,203.74436645507814
test_03033,82.82799530029297
test_03034,8.020555114746095
test_03035,90.24129638671876
test_03036,17.258952331542968
test_03037,13.485444641113283
test_03038,93.09437561035156
test_03039,138.2931640625
test_03040,246.65399169921872
test_03041,10.63417510986328
test_03042,547.2645263671875
test_03043,8.694358825683594
test_03044,9.348153686523437
test_03045,90.40567626953126
test_03046,9.17664794921875
test_03047,25.20391082763672
test_03048,74.53855438232422
test_03049,282.8509948730469
test_03050,8.352572631835937
test_03051,14.66077880859375
test_03052,103.67864990234375
test_03053,8.510292053222656
test_03054,8.279983520507812
test_03055,11.384579467773438
test_03056,64.68218994140625
test_03057,168.62814025878907
test_03058,191.62596435546877
test_03059,283.3879760742188
test_03060,269.6830078125
test_03061,9.049000549316407
test_03062,73.51273040771484
test_03063,153.7892578125
test_03064,6.162951660156251
test_03065,72.6869140625
test_03066,82.68674163818359
test_03067,18.645858764648438
test_03068,20.873332977294922
test_03069,15.63679656982422
test_03070,17.356527709960936
test_03071,99.97182464599611
test_03072,9.460966491699219
test_03073,181.92706298828125
test_03074,133.46300354003907
test_03075,85.10591888427734
test_03076,42.29582748413086
test_03077,118.82975769042969
test_03078,8.909747314453124
test_03079,5.538661193847656
test_03080,11.190086364746094
test_03081,14.028077697753908
test_03082,97.77835693359377
test_03083,8.92718505859375
test_03084,96.09530792236329
test_03085,291.4059265136719
test_03086,268.3530456542969
test_03087,65.90206604003907
test_03088,41.17387313842774
test_03089,48.53090972900391
test_03090,120.7596389770508
test_03091,56.00278472900391
test_03092,9.397734069824219
test_03093,34.167623901367186
test_03094,33.987333679199224
test_03095,15.778636169433595
test_03096,53.21308746337891
test_03097,10.054615783691407
test_03098,10.63434295654297
test_03099,121.51738891601562
test_03100,66.87481842041016
test_03101,8.464059448242189
test_03102,9.17438201904297
test_03103,106.27887115478516
test_03104,131.8519989013672
test_03105,114.25884704589843
test_03106,36.86632080078125
test_03107,20.293912506103517
test_03108,79.11164550781251
test_03109,82.01585540771485
test_03110,44.97414093017578
test_03111,76.39846343994141
test_03112,65.43205108642579
test_03113,37.20008926391602
test_03114,103.91946411132814
test_03115,16.965716552734378
test_03116,30.945788574218746
test_03117,65.72071075439453
test_03118,89.83542022705078
test_03119,11.4959716796875
test_03120,43.57278747558594
test_03121,48.41166458129884
test_03122,66.14091796875
test_03123,65.15072708129883
test_03124,96.92987976074218
test_03125,57.53535995483399
test_03126,160.68348388671876
test_03127,26.8930908203125
test_03128,11.285658264160157
test_03129,11.277001953125001
test_03130,46.220095825195315
test_03131,21.049531555175786
test_03132,21.974931335449217
test_03133,58.78698425292969
test_03134,19.885767364501955
test_03135,41.44557037353516
test_03136,105.58151092529297
test_03137,26.011451721191406
test_03138,37.39365539550782
test_03139,51.29561157226563
test_03140,40.51869277954101
test_03141,44.66978912353515
test_03142,42.44332046508789
test_03143,74.86451721191406
test_03144,107.69309997558595
test_03145,77.74905700683594
test_03146,74.41249389648438
test_03147,78.47186737060548
test_03148,46.28597106933594
test_03149,13.35620574951172
test_03150,24.673524475097658
test_03151,79.98844299316406
test_03152,37.52438201904297
test_03153,16.002195739746096
test_03154,97.51507568359375
test_03155,38.5944091796875
test_03156,31.298625946044925
test_03157,47.27394332885743
test_03158,88.58635864257812
test_03159,65.80413208007813
test_03160,84.45999755859376
test_03161,120.30689849853516
test_03162,87.31195068359375
test_03163,197.36506042480468
test_03164,32.908626556396484
test_03165,5.753584289550782
test_03166,75.76015930175782
test_03167,81.04803466796875
test_03168,50.306205749511726
test_03169,14.793405151367189
test_03170,28.169214630126955
test_03171,41.3431755065918
test_03172,45.43782577514649
test_03173,103.86530609130861
test_03174,101.24642944335939
test_03175,171.93003540039064
test_03176,64.69485168457032
test_03177,151.20917663574218
test_03178,8.586294555664063
test_03179,29.065261840820316
test_03180,58.635826110839844
test_03181,102.84876708984376
test_03182,105.92683105468751
test_03183,67.57161712646484
test_03184,27.811734008789063
test_03185,37.124813079833984
test_03186,100.86212158203124
test_03187,56.6916374206543
test_03188,85.61149291992189
test_03189,73.88697509765625
test_03190,72.0409423828125
test_03191,66.23985748291017
test_03192,114.75614318847657
test_03193,89.76102905273437
test_03194,58.257109069824224
test_03195,31.33070755004883
test_03196,39.86222381591797
test_03197,29.496157836914065
test_03198,34.66054153442383
test_03199,96.67302856445312
test_03200,99.23581085205078
test_03201,100.70604858398437
test_03202,12.099461364746094
test_03203,32.937268829345705
test_03204,60.71429901123048
test_03205,164.72915344238282
test_03206,124.52218017578126
test_03207,25.877366638183602
test_03208,47.03560333251953
test_03209,5.57423095703125
test_03210,93.89052276611328
test_03211,123.03479919433593
test_03212,46.02581787109375
test_03213,62.15994262695313
test_03214,151.57568969726563
test_03215,89.27639923095703
test_03216,91.00969543457032
test_03217,82.83797302246094
test_03218,128.8733093261719
test_03219,20.68037033081055
test_03220,54.58734970092773
test_03221,66.96109161376954
test_03222,69.37518463134766
test_03223,49.65810546875
test_03224,31.15877914428711
test_03225,21.033930206298827
test_03226,12.283782958984375
test_03227,31.45413055419922
test_03228,95.52262115478517
test_03229,56.715242767334
test_03230,35.946115875244146
test_03231,67.51752166748048
test_03232,73.33141174316407
test_03233,31.812014007568365
test_03234,87.88871154785156
test_03235,113.26099853515625
test_03236,6.7921997070312505
test_03237,28.67220458984375
test_03238,6.816172790527344
test_03239,24.40123672485352
test_03240,45.04254608154297
test_03241,30.842225646972658
test_03242,7.752310180664063
test_03243,17.438473510742188
test_03244,16.811788177490236
test_03245,122.36991271972657
test_03246,35.686492156982425
test_03247,18.956108856201173
test_03248,42.111087036132815
test_03249,8.273091125488282
test_03250,8.589558410644532
test_03251,13.107279968261718
test_03252,32.54153900146484
test_03253,33.29615631103516
test_03254,55.913243865966805
test_03255,76.26356811523438
test_03256,143.93475036621095
test_03257,33.89221572875977
test_03258,31.747371673583988
test_03259,14.153314208984378
test_03260,16.50891342163086
test_03261,49.80986633300782
test_03262,84.69609985351563
test_03263,89.83721466064453
test_03264,41.083245849609376
test_03265,192.2892791748047
test_03266,34.71054229736328
test_03267,13.702996826171876
test_03268,8.279023742675783
test_03269,49.76990356445313
test_03270,84.90962371826171
test_03271,214.8202575683594
test_03272,199.11696777343752
test_03273,97.54495544433594
test_03274,45.00642776489258
test_03275,55.85446243286133
test_03276,50.372449493408205
test_03277,46.21549530029298
test_03278,17.68098602294922
test_03279,45.479035949707026
test_03280,127.663427734375
test_03281,57.29106140136719
test_03282,122.2295867919922
test_03283,212.333984375
test_03284,136.77815856933594
test_03285,117.41573028564453
test_03286,101.25897674560548
test_03287,47.30855712890625
test_03288,160.09015502929688
test_03289,33.07554244995117
test_03290,41.995896911621095
test_03291,6.758908081054688
test_03292,19.926425933837894
test_03293,56.910729217529294
test_03294,125.36778259277344
test_03295,8.488996887207032
test_03296,66.71912536621095
test_03297,7.498268127441407
test_03298,23.929991149902346
test_03299,15.138120269775392
test_03300,11.114808654785158
test_03301,69.40764465332032
test_03302,133.42369384765624
test_03303,259.7323059082031
test_03304,214.2290100097656
test_03305,118.43050689697266
test_03306,105.73866424560548
test_03307,10.199664306640624
test_03308,84.03977813720704
test_03309,187.51899108886718
test_03310,106.23952026367186
test_03311,59.940695190429686
test_03312,54.8248176574707
test_03313,28.599402618408206
test_03314,15.679913330078124
test_03315,79.30968475341797
test_03316,66.91730041503907
test_03317,200.95078125
test_03318,27.734798431396484
test_03319,65.03807373046875
test_03320,9.393045043945314
test_03321,8.774726867675783
test_03322,31.81252899169922
test_03323,92.06462097167969
test_03324,201.7546539306641
test_03325,277.9345336914062
test_03326,18.911103820800783
test_03327,107.95984954833986
test_03328,139.5786102294922
test_03329,8.217604064941407
test_03330,108.87383422851563
test_03331,243.5031066894531
test_03332,415.41902465820317
test_03333,80.97290191650391
test_03334,35.498322296142575
test_03335,126.70211944580079
test_03336,228.84339599609373
test_03337,9.087126159667969
test_03338,30.785980224609375
test_03339,164.07877197265628
test_03340,229.99234008789062
test_03341,10.019265747070314
test_03342,13.998030090332032
test_03343,7.447457885742188
test_03344,204.45936889648436
test_03345,274.6638671875
test_03346,208.6474365234375
test_03347,212.93765258789062
test_03348,351.602783203125
test_03349,388.7505126953125
test_03350,14.492652893066406
test_03351,75.78778076171875
test_03352,125.14848937988283
test_03353,173.13896484375002
test_03354,13.887928771972657
test_03355,145.83464355468752
test_03356,13.106629943847658
test_03357,312.79522094726565
test_03358,294.4666931152344
test_03359,347.0337951660157
test_03360,100.52163238525391
test_03361,346.1172546386719
test_03362,473.55502319335943
test_03363,246.46622314453126
test_03364,145.76260375976562
test_03365,221.6592224121094
test_03366,23.627748870849608
test_03367,12.721810913085939
test_03368,6.047972106933594
test_03369,69.34119110107422
test_03370,82.46639099121094
test_03371,13.382942199707031
test_03372,24.530785369873048
test_03373,66.36345825195313
test_03374,37.00307388305664
test_03375,154.92989807128907
test_03376,56.9340560913086
test_03377,6.894927978515625
test_03378,62.13483276367188
test_03379,6.154244995117188
test_03380,20.197304534912114
test_03381,95.23663635253907
test_03382,171.74268798828126
test_03383,306.2584167480469
test_03384,6.473764038085938
test_03385,319.77434082031255
test_03386,10.686471557617189
test_03387,9.861830139160157
test_03388,96.70227966308593
test_03389,5.490220642089844
test_03390,51.07442321777344
test_03391,104.18369598388672
test_03392,326.44859619140624
test_03393,8.579498291015625
test_03394,19.521150207519533
test_03395,46.30531921386719
test_03396,14.34886474609375
test_03397,10.581710815429688
test_03398,11.278492736816407
test_03399,62.71199340820313
test_03400,120.69093017578125
test_03401,189.46798706054685
test_03402,203.370361328125
test_03403,254.2462097167969
test_03404,6.981967163085938
test_03405,83.176123046875
test_03406,130.0822967529297
test_03407,6.5731048583984375
test_03408,64.05047302246095
test_03409,80.90474548339844
test_03410,17.694605255126955
test_03411,36.93097457885742
test_03412,19.256613159179686
test_03413,19.952424621582033
test_03414,104.69719238281252
test_03415,8.270539855957033
test_03416,190.04143676757812
test_03417,207.17930908203127
test_03418,350.89397583007815
test_03419,84.67434387207032
test_03420,57.73562316894532
test_03421,106.90493621826174
test_03422,6.443302917480469
test_03423,6.775958251953126
test_03424,7.425688171386719
test_03425,15.198394775390625
test_03426,103.87021484375
test_03427,9.445204162597657
test_03428,95.4543426513672
test_03429,250.16962890625004
test_03430,338.5154235839844
test_03431,80.13934326171875
test_03432,52.151803588867196
test_03433,51.311518859863284
test_03434,113.24970092773438
test_03435,56.14765243530273
test_03436,15.33989715576172
test_03437,23.856887054443362
test_03438,45.508845520019534
test_03439,14.59952697753906
test_03440,54.49415969848633
test_03441,8.897422790527344
test_03442,40.20322647094727
test_03443,92.62876739501954
test_03444,61.32195129394532
test_03445,7.09893035888672
test_03446,22.0362045288086
test_03447,54.453345489501956
test_03448,104.69674072265626
test_03449,90.02117004394532
test_03450,22.144207763671876
test_03451,10.626606750488282
test_03452,41.666960906982425
test_03453,55.67652893066406
test_03454,34.88055267333984
test_03455,80.66902465820313
test_03456,52.99064025878907
test_03457,28.087502288818357
test_03458,82.10367126464844
test_03459,13.231243896484377
test_03460,17.114120483398438
test_03461,41.59389114379883
test_03462,78.94052734375
test_03463,61.781977081298834
test_03464,33.26294708251953
test_03465,9.932577514648436
test_03466,33.701967620849615
test_03467,55.39694366455079
test_03468,69.35296630859375
test_03469,82.98320922851563
test_03470,66.14835815429687
test_03471,51.143200683593754
test_03472,159.3026123046875
test_03473,187.0955322265625
test_03474,29.339280700683595
test_03475,9.945222473144531
test_03476,27.175457000732425
test_03477,49.35579833984375
test_03478,17.471158599853517
test_03479,30.0398422241211
test_03480,54.0241424560547
test_03481,20.647564697265626
test_03482,40.33790283203125
test_03483,173.39455566406252
test_03484,21.082035064697266
test_03485,29.98716812133789
test_03486,52.640960693359375
test_03487,57.69077606201172
test_03488,33.33080062866211
test_03489,46.43015975952149
test_03490,85.13402404785157
test_03491,86.48592987060547
test_03492,72.15225219726562
test_03493,48.66963424682618
test_03494,93.12392120361329
test_03495,55.564126586914064
test_03496,9.624287414550782
test_03497,16.387104797363282
test_03498,51.36125640869141
test_03499,38.929743957519534
test_03500,9.678784179687499
test_03501,88.07579498291015
test_03502,29.940480041503903
test_03503,42.69823226928711
test_03504,40.31636123657227
test_03505,60.69608764648438
test_03506,63.27303771972656
test_03507,75.01804962158204
test_03508,115.80531311035158
test_03509,80.81599731445313
test_03510,170.31439819335938
test_03511,54.999226379394536
test_03512,10.764276123046876
test_03513,41.430987548828135
test_03514,51.23917694091797
test_03515,63.32390441894532
test_03516,15.340625000000001
test_03517,31.818411254882815
test_03518,25.60729446411133
test_03519,29.20241851806641
test_03520,86.54911651611329
test_03521,144.69818115234375
test_03522,62.643812561035155
test_03523,42.99727172851563
test_03524,8.20804443359375
test_03525,14.003193664550782
test_03526,28.008538055419926
test_03527,76.08690338134767
test_03528,96.73635253906251
test_03529,119.60263061523438
test_03530,39.35936584472656
test_03531,21.694498443603518
test_03532,29.759822845458988
test_03533,121.47006225585938
test_03534,47.00469055175782
test_03535,82.83263397216797
test_03536,73.68486480712892
test_03537,60.26106262207032
test_03538,52.784480285644534
test_03539,109.39833374023439
test_03540,89.374072265625
test_03541,65.68538665771484
test_03542,25.152276611328126
test_03543,43.869055938720706
test_03544,37.20727691650391
test_03545,44.7614013671875
test_03546,76.5906478881836
test_03547,143.75682373046877
test_03548,55.74896850585938
test_03549,11.992854309082032
test_03550,30.707646179199223
test_03551,60.71823196411133
test_03552,162.80007934570312
test_03553,178.85476684570312
test_03554,36.52712097167969
test_03555,36.70376358032227
test_03556,5.697511291503906
test_03557,90.85242004394532
test_03558,121.5156463623047
test_03559,49.64745941162109
test_03560,59.155876159667976
test_03561,93.12620086669924
test_03562,39.17705993652344
test_03563,47.929762268066405
test_03564,62.62396392822266
test_03565,99.89760742187501
test_03566,16.926407623291016
test_03567,47.73075714111329
test_03568,54.31403656005859
test_03569,84.53475799560547
test_03570,106.72901000976563
test_03571,57.246949768066415
test_03572,22.93098373413086
test_03573,15.026542663574219
test_03574,10.899067687988282
test_03575,22.983580780029296
test_03576,69.33608703613282
test_03577,63.02106323242188
test_03578,15.987953186035156
test_03579,62.23976440429687
test_03580,62.44212799072266
test_03581,37.00917434692383
test_03582,112.22226257324219
test_03583,82.71081542968751
test_03584,3.5277404785156254
test_03585,19.283184814453126
test_03586,8.219363403320312
test_03587,20.318190002441405
test_03588,28.23295135498047
test_03589,17.8394157409668
test_03590,7.040113830566407
test_03591,21.65474090576172
test_03592,15.512005615234377
test_03593,140.42420654296876
test_03594,14.854637145996094
test_03595,57.23115692138672
test_03596,5.036601257324219
test_03597,10.120532226562501
test_03598,12.07415008544922
test_03599,34.31043701171875
test_03600,37.92777099609375
test_03601,77.17482910156251
test_03602,46.86687316894532
test_03603,147.3035888671875
test_03604,70.33009643554688
test_03605,25.792984008789062
test_03606,10.314323425292969
test_03607,23.359195709228516
test_03608,33.356689453125
test_03609,95.1831298828125
test_03610,60.51655273437501
test_03611,29.44847640991211
test_03612,183.1192810058594
test_03613,26.517653656005862
test_03614,6.54802703857422
test_03615,9.396696472167969
test_03616,25.53839874267578
test_03617,101.4781997680664
test_03618,197.42590942382813
test_03619,156.37381591796876
test_03620,100.33340759277345
test_03621,31.227819824218756
test_03622,53.85107116699219
test_03623,61.82424240112305
test_03624,48.63794937133789
test_03625,24.182147979736335
test_03626,42.09246673583984
test_03627,131.78240966796875
test_03628,55.8915885925293
test_03629,102.58928527832032
test_03630,172.32837524414066
test_03631,244.70371093750003
test_03632,140.80422668457032
test_03633,103.16727447509766
test_03634,83.47889862060548
test_03635,169.39068603515625
test_03636,80.1966522216797
test_03637,40.8047981262207
test_03638,11.06329345703125
test_03639,19.248715209960938
test_03640,42.06308364868164
test_03641,93.30921783447266
test_03642,10.962297058105468
test_03643,49.317639160156254
test_03644,5.6998138427734375
test_03645,25.910140228271484
test_03646,10.841534423828124
test_03647,9.265788269042968
test_03648,76.39073181152344
test_03649,138.2440216064453
test_03650,265.74505615234375
test_03651,255.36986083984374
test_03652,112.0755554199219
test_03653,112.51184692382812
test_03654,12.54645233154297
test_03655,81.97906188964845
test_03656,204.3346435546875
test_03657,51.85631103515625
test_03658,64.98617706298828
test_03659,42.346761322021486
test_03660,10.698855590820314
test_03661,19.808614349365232
test_03662,82.57010955810547
test_03663,57.39265747070312
test_03664,164.83025512695315
test_03665,27.26671600341797
test_03666,65.11234283447266
test_03667,8.050799560546876
test_03668,8.176211547851564
test_03669,12.153775024414061
test_03670,76.32430877685547
test_03671,189.47966003417972
test_03672,319.5451354980469
test_03673,21.3296257019043
test_03674,98.02539062500003
test_03675,149.80711669921877
test_03676,6.982647705078126
test_03677,120.48672485351564
test_03678,118.47939910888672
test_03679,370.0514831542969
test_03680,75.59252166748047
test_03681,44.82750473022462
test_03682,100.5645690917969
test_03683,180.42152099609376
test_03684,6.831616210937501
test_03685,46.58205108642578
test_03686,94.49373931884766
test_03687,225.94734497070317
test_03688,8.488908386230468
test_03689,15.990618896484376
test_03690,6.69847869873047
test_03691,65.86653289794923
test_03692,221.858154296875
test_03693,230.4395812988281
test_03694,171.08388671875002
test_03695,271.3419189453125
test_03696,353.504833984375
test_03697,12.586193847656252
test_03698,86.25218505859375
test_03699,164.1674987792969
test_03700,170.08273620605468
test_03701,9.147970581054688
test_03702,151.90893859863283
test_03703,18.3770263671875
test_03704,159.64553833007812
test_03705,413.59749145507817
test_03706,79.25184631347656
test_03707,195.4590606689453
test_03708,421.7427673339844
test_03709,254.20444946289064
test_03710,219.2877227783203
test_03711,161.06451416015625
test_03712,20.345012664794925
test_03713,13.428173828125002
test_03714,8.171510314941406
test_03715,35.33735046386719
test_03716,95.10866851806641
test_03717,14.025679016113282
test_03718,25.80277709960938
test_03719,88.09081420898437
test_03720,119.99759063720704
test_03721,169.72860107421874
test_03722,55.151397705078125
test_03723,8.449661254882812
test_03724,87.11065673828125
test_03725,15.260934448242189
test_03726,22.465541076660156
test_03727,64.37189178466797
test_03728,151.62959899902344
test_03729,211.8384979248047
test_03730,6.891224670410157
test_03731,590.223583984375
test_03732,11.182083129882812
test_03733,12.439845275878906
test_03734,101.57648010253907
test_03735,5.829101562500001
test_03736,55.93793487548829
test_03737,94.61554565429688
test_03738,253.68341674804688
test_03739,6.8624420166015625
test_03740,8.603990173339845
test_03741,81.94338378906251
test_03742,11.809288024902344
test_03743,8.048561096191406
test_03744,8.42842254638672
test_03745,147.96793518066409
test_03746,155.34901123046876
test_03747,142.31784057617188
test_03748,173.32119750976562
test_03749,275.0017578125
test_03750,5.410643005371094
test_03751,78.55115661621093
test_03752,133.950830078125
test_03753,5.362429809570313
test_03754,72.49325561523438
test_03755,86.54773559570313
test_03756,13.245874023437501
test_03757,43.34390487670899
test_03758,13.679194641113282
test_03759,28.982884216308594
test_03760,62.80465240478516
test_03761,5.288464355468751
test_03762,220.3393920898437
test_03763,145.83233032226562
test_03764,387.1813903808594
test_03765,94.1606689453125
test_03766,62.16744689941407
test_03767,128.5994812011719
test_03768,10.88085479736328
test_03769,9.461442565917968
test_03770,8.188243103027345
test_03771,14.322087097167968
test_03772,102.06985931396486
test_03773,11.971202087402345
test_03774,92.46907196044921
test_03775,287.213818359375
test_03776,67.98587646484376
test_03777,49.08727111816407
test_03778,53.08057479858398
test_03779,119.31387634277344
test_03780,57.47265243530275
test_03781,11.340451049804688
test_03782,47.086970520019534
test_03783,45.13026733398438
test_03784,12.893077087402345
test_03785,57.168757629394534
test_03786,9.523976135253905
test_03787,10.082057189941407
test_03788,115.26463775634767
test_03789,61.33366775512695
test_03790,6.863778686523438
test_03791,60.75598754882813
test_03792,108.37570495605468
test_03793,109.11321716308595
test_03794,24.569351196289066
test_03795,14.523890686035159
test_03796,47.59170837402344
test_03797,69.0775131225586
test_03798,30.53336334228516
test_03799,86.82228240966798
test_03800,61.87813568115236
test_03801,85.09052429199218
test_03802,12.681480407714846
test_03803,16.005215454101563
test_03804,30.741156005859377
test_03805,67.55039825439454
test_03806,96.25811309814453
test_03807,39.727986907958986
test_03808,24.334030914306645
test_03809,52.498172760009766
test_03810,62.33611679077149
test_03811,64.1288543701172
test_03812,76.91104125976562
test_03813,110.71926879882814
test_03814,52.54281921386719
test_03815,160.11274108886718
test_03816,199.00486450195314
test_03817,24.88010482788086
test_03818,10.58800506591797
test_03819,27.10434265136719
test_03820,47.650970458984375
test_03821,12.038470458984378
test_03822,36.02963790893555
test_03823,83.74434204101563
test_03824,27.628618621826174
test_03825,41.565983581542966
test_03826,143.42462768554688
test_03827,14.374798583984376
test_03828,34.869893646240236
test_03829,57.69273452758789
test_03830,86.16126098632813
test_03831,43.12228240966797
test_03832,47.110087585449214
test_03833,79.4204345703125
test_03834,101.69600830078126
test_03835,78.31216125488282
test_03836,65.40939636230469
test_03837,87.43052368164062
test_03838,60.479522705078125
test_03839,13.569328308105469
test_03840,15.27305603027344
test_03841,73.76089782714844
test_03842,41.06832046508789
test_03843,15.471746826171875
test_03844,87.98983306884767
test_03845,27.194466400146485
test_03846,32.31205062866211
test_03847,34.820473480224614
test_03848,72.2661361694336
test_03849,68.8469207763672
test_03850,84.82072143554689
test_03851,109.75421905517578
test_03852,94.58107299804688
test_03853,206.9666015625
test_03854,40.86830444335938
test_03855,22.98552474975586
test_03856,60.88054351806641
test_03857,60.60333251953125
test_03858,69.3028045654297
test_03859,14.052725219726565
test_03860,30.218943786621097
test_03861,21.250080871582032
test_03862,31.0416748046875
test_03863,100.59820861816407
test_03864,111.83582153320313
test_03865,68.93118591308594
test_03866,126.74261474609376
test_03867,8.404351806640625
test_03868,16.289659881591795
test_03869,60.5643798828125
test_03870,100.96986999511718
test_03871,118.54069519042969
test_03872,77.70003967285157
test_03873,29.39458160400391
test_03874,37.60487976074219
test_03875,107.37476806640625
test_03876,52.3103614807129
test_03877,84.90523071289063
test_03878,86.45579681396485
test_03879,65.40352325439454
test_03880,58.520773315429686
test_03881,118.54235076904297
test_03882,99.88062133789064
test_03883,65.10845336914063
test_03884,28.158066558837895
test_03885,37.66615676879883
test_03886,29.210359954833983
test_03887,35.338800048828126
test_03888,99.29963989257814
test_03889,101.74432067871096
test_03890,85.45616149902344
test_03891,13.853073120117188
test_03892,30.33994064331055
test_03893,58.01309661865235
test_03894,152.40399780273438
test_03895,143.2450927734375
test_03896,30.167391204833987
test_03897,50.749234008789074
test_03898,7.002656555175782
test_03899,115.3275634765625
test_03900,120.7948913574219
test_03901,33.40664749145508
test_03902,67.3624755859375
test_03903,182.35840148925783
test_03904,96.26822204589843
test_03905,88.4863754272461
test_03906,85.6800018310547
test_03907,126.39367980957033
test_03908,24.0430305480957
test_03909,55.43598098754883
test_03910,37.37539901733399
test_03911,70.34785308837891
test_03912,81.42320556640627
test_03913,50.49229583740235
test_03914,30.686343383789065
test_03915,25.234559631347658
test_03916,11.996856689453125
test_03917,27.26129379272461
test_03918,103.01253356933594
test_03919,52.78102264404297
test_03920,40.552346801757814
test_03921,75.4458724975586
test_03922,71.51730651855469
test_03923,43.75784912109375
test_03924,82.5689193725586
test_03925,124.24794311523439
test_03926,5.8186264038085955
test_03927,30.97930679321289
test_03928,6.554165649414063
test_03929,26.11533660888672
test_03930,42.95529556274414
test_03931,20.979224395751956
test_03932,6.585174560546876
test_03933,14.381948852539061
test_03934,22.92969436645508
test_03935,131.82938232421876
test_03936,41.63948364257813
test_03937,16.442355346679687
test_03938,50.64333419799805
test_03939,10.194148254394532
test_03940,10.22901611328125
test_03941,16.224813079833986
test_03942,31.464105987548827
test_03943,41.43336563110352
test_03944,84.36410369873047
test_03945,72.4032958984375
test_03946,164.76853637695314
test_03947,32.844301605224615
test_03948,32.60387954711914
test_03949,14.446345520019532
test_03950,32.842236328125004
test_03951,52.79372711181641
test_03952,93.09604797363284
test_03953,75.25534362792969
test_03954,169.395458984375
test_03955,28.620862579345705
test_03956,11.526271057128906
test_03957,8.156529235839844
test_03958,44.760195922851565
test_03959,82.8175018310547
test_03960,196.75405883789062
test_03961,181.71205139160153
test_03962,95.46056518554687
test_03963,39.69426498413086
test_03964,54.94503173828125
test_03965,43.80351715087891
test_03966,44.69359512329102
test_03967,18.424138641357423
test_03968,51.081005859375004
test_03969,149.86734619140626
test_03970,50.094023895263675
test_03971,115.87482147216797
test_03972,242.693994140625
test_03973,111.96354980468752
test_03974,130.6567352294922
test_03975,103.5965362548828
test_03976,60.677159118652355
test_03977,225.14140625000005
test_03978,32.40059204101563
test_03979,40.79248657226563
test_03980,10.54847869873047
test_03981,21.899678039550786
test_03982,70.52840881347656
test_03983,111.33449401855468
test_03984,11.651348876953126
test_03985,57.43835449218751
test_03986,5.432019042968751
test_03987,23.514908599853516
test_03988,12.815467834472656
test_03989,8.390223693847657
test_03990,74.18548736572265
test_03991,158.3861022949219
test_03992,265.4481567382812
test_03993,227.99263916015627
test_03994,119.37937622070314
test_03995,139.17064514160157
test_03996,13.464056396484375
test_03997,99.00020446777346
test_03998,180.1285583496094
test_03999,141.05108337402345
test_04000,56.053436279296875
test_04001,52.309931182861334
test_04002,12.270132446289065
test_04003,16.795241546630862
test_04004,65.88638305664062
test_04005,56.40381927490234
test_04006,188.13990783691403
test_04007,24.76638336181641
test_04008,64.93625946044922
test_04009,9.838549804687503
test_04010,10.615147399902344
test_04011,35.763790130615234
test_04012,87.90791015625
test_04013,212.5607482910156
test_04014,323.2287475585938
test_04015,13.655091857910158
test_04016,128.3839096069336
test_04017,139.04644775390625
test_04018,9.54602508544922
test_04019,144.35941162109376
test_04020,279.62470703125
test_04021,475.1184387207032
test_04022,107.44365234375002
test_04023,40.05234069824219
test_04024,135.6595458984375
test_04025,235.78259277343753
test_04026,10.10418395996094
test_04027,17.444243621826175
test_04028,193.16455078125
test_04029,231.17775878906252
test_04030,8.93145751953125
test_04031,14.743394470214843
test_04032,8.471798706054688
test_04033,252.3182312011719
test_04034,265.83983764648434
test_04035,254.52658691406248
test_04036,242.0741088867187
test_04037,399.72861328125003
test_04038,439.7690795898438
test_04039,12.925000000000002
test_04040,89.61197814941406
test_04041,131.46017150878907
test_04042,164.61080322265627
test_04043,7.326161193847657
test_04044,169.33428344726565
test_04045,9.87719268798828
test_04046,391.966552734375
test_04047,349.73557128906253
test_04048,365.5114196777344
test_04049,72.33460693359375
test_04050,327.9864318847657
test_04051,436.65796508789066
test_04052,261.22800903320314
test_04053,217.20545043945313
test_04054,175.3269989013672
test_04055,19.14651870727539
test_04056,15.256341552734378
test_04057,11.763510131835936
test_04058,74.49340362548828
test_04059,88.26133728027345
test_04060,12.9529296875
test_04061,27.025473022460943
test_04062,80.95540466308594
test_04063,129.06712951660157
test_04064,169.20528564453127
test_04065,56.25468368530274
test_04066,9.29523162841797
test_04067,73.40684509277344
test_04068,8.49869384765625
test_04069,21.448097991943364
test_04070,102.24917144775392
test_04071,188.97073364257815
test_04072,359.8963989257812
test_04073,6.550115966796875
test_04074,539.1543701171876
test_04075,11.843400573730468
test_04076,8.472753906249999
test_04077,123.17367553710939
test_04078,8.566308593750001
test_04079,53.74330673217774
test_04080,96.25445251464842
test_04081,405.62598266601566
test_04082,8.25006103515625
test_04083,13.831736755371095
test_04084,39.59100418090821
test_04085,11.672312927246097
test_04086,8.895387268066406
test_04087,11.113310241699219
test_04088,123.3092041015625
test_04089,153.853515625
test_04090,191.78393249511717
test_04091,236.7760192871094
test_04092,272.0760375976563
test_04093,6.445506286621094
test_04094,102.75450134277344
test_04095,145.54933166503906
test_04096,7.921659851074219
test_04097,83.92798461914063
test_04098,94.93094329833986
test_04099,14.12039794921875
test_04100,28.295326232910156
test_04101,6.976123046875001
test_04102,26.792034912109376
test_04103,6.871360778808594
