id,PM2.5
test_00001,181.10451889038086
test_00002,156.21868896484375
test_00003,421.52210235595703
test_00004,71.21876525878906
test_00005,46.5391435623169
test_00006,118.4889087677002
test_00007,10.053586959838867
test_00008,7.81291389465332
test_00009,43.86068534851074
test_00010,118.2009906768799
test_00011,12.031351089477537
test_00012,114.36741256713867
test_00013,269.73104095458984
test_00014,326.86781311035156
test_00015,71.84812927246094
test_00016,47.58842754364014
test_00017,44.40471649169922
test_00018,123.51937294006349
test_00019,54.3027868270874
test_00020,13.410940170288086
test_00021,24.520662307739258
test_00022,30.967344284057617
test_00023,10.956865310668947
test_00024,49.68360996246338
test_00025,11.668569564819336
test_00026,10.64556884765625
test_00027,105.75980758666994
test_00028,64.27094459533691
test_00029,8.954324722290039
test_00030,8.731836318969727
test_00031,55.828763008117676
test_00032,98.49993896484376
test_00033,99.24242782592775
test_00034,23.437265396118168
test_00035,12.576988220214846
test_00036,81.66031837463379
test_00037,95.68478584289551
test_00038,18.752475738525394
test_00039,31.74838256835938
test_00040,80.51914596557617
test_00041,10.724124908447266
test_00042,14.881158828735352
test_00043,27.18394088745117
test_00044,63.14788246154785
test_00045,69.25860977172852
test_00046,50.760077476501465
test_00047,20.807805061340332
test_00048,54.26371383666992
test_00049,56.121209144592285
test_00050,72.91707229614258
test_00051,93.73072242736816
test_00052,107.06952285766603
test_00053,56.28022766113282
test_00054,157.10547637939453
test_00055,183.7819900512695
test_00056,25.975627899169922
test_00057,10.966325759887694
test_00058,22.956676483154297
test_00059,52.83836269378663
test_00060,30.735426902771
test_00061,27.176047325134277
test_00062,58.611032485961914
test_00063,23.876456260681152
test_00064,52.86259365081787
test_00065,142.20142364501953
test_00066,22.366479873657227
test_00067,32.39023303985596
test_00068,60.352841377258294
test_00069,54.85243225097656
test_00070,38.988534927368164
test_00071,45.21402931213379
test_00072,77.98191261291504
test_00073,125.42915725708006
test_00074,84.9053840637207
test_00075,58.03404712677002
test_00076,75.18697166442871
test_00077,48.88189315795899
test_00078,10.837608337402344
test_00079,17.935945510864258
test_00080,52.38674068450928
test_00081,36.3755989074707
test_00082,12.092588424682617
test_00083,85.47338485717773
test_00084,33.59883785247803
test_00085,33.71184825897217
test_00086,41.03627014160156
test_00087,71.76054191589355
test_00088,71.05255889892578
test_00089,74.0648250579834
test_00090,124.50533103942873
test_00091,78.37032890319824
test_00092,202.08883666992188
test_00093,41.68902778625488
test_00094,7.37541389465332
test_00095,63.90804100036621
test_00096,32.93101215362549
test_00097,60.44891166687012
test_00098,13.472536087036133
test_00099,103.144136428833
test_00100,16.698912620544434
test_00101,14.774337768554686
test_00102,121.7749767303467
test_00103,84.67547607421875
test_00104,139.82682418823242
test_00105,53.93283653259277
test_00106,117.2285842895508
test_00107,8.748979568481444
test_00108,15.73577880859375
test_00109,29.470468521118164
test_00110,56.28538703918457
test_00111,96.32230949401855
test_00112,116.27299880981444
test_00113,59.09232425689697
test_00114,24.342336654663082
test_00115,35.838257789611816
test_00116,111.42282104492188
test_00117,53.614614486694336
test_00118,79.21630668640137
test_00119,79.36120223999023
test_00120,78.02554893493652
test_00121,60.85980415344238
test_00122,103.72734260559083
test_00123,77.79646682739258
test_00124,50.75979995727539
test_00125,23.314888954162598
test_00126,63.461594581604004
test_00127,33.89193534851074
test_00128,35.724382400512695
test_00129,82.57342720031738
test_00130,110.96812248229982
test_00131,71.07645797729492
test_00132,14.71770191192627
test_00133,24.559223175048828
test_00134,64.87094497680664
test_00135,142.10195922851562
test_00136,119.20432662963867
test_00137,46.62595462799072
test_00138,8.309274673461914
test_00139,120.93278121948242
test_00140,101.6950454711914
test_00141,43.01613426208496
test_00142,77.9097785949707
test_00143,86.16708755493164
test_00144,51.13864040374756
test_00145,87.0909194946289
test_00146,80.00507926940918
test_00147,111.93801498413087
test_00148,13.197227478027344
test_00149,38.346022605895996
test_00150,46.09127140045166
test_00151,61.57360076904297
test_00152,88.2751579284668
test_00153,46.56435203552247
test_00154,34.44086265563965
test_00155,13.693296432495117
test_00156,8.794851303100586
test_00157,23.023533821105957
test_00158,75.27611923217773
test_00159,61.765743255615234
test_00160,23.12576866149902
test_00161,56.026010513305664
test_00162,65.42619895935059
test_00163,30.38618278503418
test_00164,76.2839298248291
test_00165,105.19762802124023
test_00166,6.867572784423828
test_00167,17.57919216156006
test_00168,8.350914001464844
test_00169,17.115516662597656
test_00170,22.42726230621338
test_00171,19.285202980041504
test_00172,4.884069442749023
test_00173,12.609174728393555
test_00174,12.149980545043945
test_00175,140.54308700561523
test_00176,34.93378925323486
test_00177,10.720932006835936
test_00178,9.652898788452148
test_00179,9.602468490600586
test_00180,11.324886322021484
test_00181,27.18882942199707
test_00182,38.48166465759277
test_00183,66.63437271118164
test_00184,81.4459228515625
test_00185,156.31622314453125
test_00186,34.0349178314209
test_00187,27.378304481506348
test_00188,11.480838775634764
test_00189,14.569732666015625
test_00190,38.4061164855957
test_00191,86.18180084228516
test_00192,109.04815673828126
test_00193,25.742342948913574
test_00194,172.00447463989258
test_00195,24.39190006256103
test_00196,8.73647689819336
test_00197,30.20759105682373
test_00198,80.9013614654541
test_00199,202.30239868164062
test_00200,161.36163330078125
test_00201,101.86348915100096
test_00202,37.452433586120605
test_00203,58.299912452697754
test_00204,50.56176471710205
test_00205,52.81436443328858
test_00206,20.727022171020504
test_00207,44.58316516876221
test_00208,136.21064376831055
test_00209,50.346567153930664
test_00210,118.13901710510254
test_00211,220.95696258544922
test_00212,267.5096206665039
test_00213,115.87398147583009
test_00214,97.54284858703613
test_00215,56.34749507904053
test_00216,178.33486938476562
test_00217,34.45185470581055
test_00218,34.680898666381836
test_00219,11.777032852172852
test_00220,22.462111473083496
test_00221,47.15567493438721
test_00222,117.47114372253418
test_00223,5.164525985717773
test_00224,65.37026596069336
test_00225,5.281782150268555
test_00226,22.241845130920414
test_00227,8.548707962036133
test_00228,8.663179397583008
test_00229,68.06319236755371
test_00230,111.73656272888184
test_00231,298.7062301635742
test_00232,232.47724914550776
test_00233,111.64347076416014
test_00234,108.56207466125488
test_00235,12.122583389282227
test_00236,94.26538276672363
test_00237,207.4524383544922
test_00238,23.35573387145996
test_00239,65.08881759643555
test_00240,53.76590538024902
test_00241,11.648818969726562
test_00242,23.934645652770996
test_00243,85.88429260253906
test_00244,62.805755615234375
test_00245,194.5377960205078
test_00246,28.06507682800293
test_00247,72.58654022216797
test_00248,8.457738876342773
test_00249,9.321344375610352
test_00250,11.069145202636719
test_00251,72.7928524017334
test_00252,187.7281837463379
test_00253,243.90644836425778
test_00254,17.614140510559082
test_00255,65.07788848876953
test_00256,145.36262893676758
test_00257,9.221435546875002
test_00258,127.34552001953125
test_00259,128.995512008667
test_00260,506.59864044189453
test_00261,73.10148429870605
test_00262,25.94546508789062
test_00263,113.92756652832033
test_00264,186.0370979309082
test_00265,6.956193923950195
test_00266,15.854574203491211
test_00267,106.00684928894043
test_00268,231.25970458984375
test_00269,9.676601409912111
test_00270,15.097650527954102
test_00271,9.504262924194334
test_00272,52.30806350708007
test_00273,264.89896392822266
test_00274,201.52357864379883
test_00275,196.42580032348633
test_00276,408.43072509765625
test_00277,392.3389205932617
test_00278,15.524751663208008
test_00279,74.79548835754395
test_00280,162.92697143554688
test_00281,175.78522491455078
test_00282,11.425704956054688
test_00283,137.33488845825195
test_00284,12.524469375610352
test_00285,326.7765350341797
test_00286,280.7614974975586
test_00287,446.46946716308594
test_00288,85.53489112854004
test_00289,295.4022750854492
test_00290,290.6506652832031
test_00291,253.7830047607422
test_00292,185.5258102416992
test_00293,106.34661674499512
test_00294,20.418546676635742
test_00295,15.24245834350586
test_00296,6.129411697387695
test_00297,38.658284187316895
test_00298,74.89530372619629
test_00299,12.922914505004883
test_00300,26.652470588684082
test_00301,79.95749855041504
test_00302,122.38058471679688
test_00303,162.5536880493164
test_00304,62.23283958435058
test_00305,10.98855972290039
test_00306,71.95278739929199
test_00307,10.57841491699219
test_00308,21.00956439971924
test_00309,74.33041000366211
test_00310,195.11005401611328
test_00311,244.6689605712891
test_00312,9.691015243530273
test_00313,617.0877838134766
test_00314,8.991598129272461
test_00315,8.561389923095703
test_00316,90.75069999694824
test_00317,7.816999435424805
test_00318,45.658244132995605
test_00319,79.33333206176758
test_00320,281.6930389404297
test_00321,9.558679580688477
test_00322,9.640613555908203
test_00323,79.31462097167969
test_00324,10.123296737670898
test_00325,7.5756988525390625
test_00326,10.906953811645508
test_00327,102.46108245849608
test_00328,136.04737091064453
test_00329,163.5454559326172
test_00330,266.42132568359375
test_00331,306.56351470947266
test_00332,7.1113243103027335
test_00333,75.11008262634277
test_00334,156.3781852722168
test_00335,6.751937866210937
test_00336,68.93499565124512
test_00337,89.85803413391113
test_00338,16.295686721801758
test_00339,27.413060188293457
test_00340,12.053979873657227
test_00341,22.433341026306152
test_00342,8.304229736328125
test_00343,114.3187255859375
test_00344,191.21673583984375
test_00345,249.64295959472656
test_00346,47.3333625793457
test_00347,24.62572193145752
test_00348,85.32812309265137
test_00349,10.317554473876953
test_00350,11.561101913452148
test_00351,17.186983108520508
test_00352,16.85304355621338
test_00353,89.10575294494629
test_00354,15.622983932495117
test_00355,79.8366584777832
test_00356,219.64362335205078
test_00357,271.91104888916016
test_00358,60.31718444824219
test_00359,42.981889724731445
test_00360,26.02027130126953
test_00361,107.89792823791505
test_00362,59.182557106018066
test_00363,10.588838577270508
test_00364,9.730398178100586
test_00365,12.824140548706055
test_00366,10.247447967529299
test_00367,18.76041412353516
test_00368,6.828577041625977
test_00369,7.970039367675781
test_00370,56.64116668701172
test_00371,60.7838191986084
test_00372,7.661737442016602
test_00373,17.23700714111328
test_00374,35.755863189697266
test_00375,45.956055641174316
test_00376,83.55653190612793
test_00377,20.08639430999756
test_00378,13.968374252319336
test_00379,11.745512008666992
test_00380,54.10590744018555
test_00381,29.45289325714111
test_00382,101.56462478637695
test_00383,15.911645889282227
test_00384,34.73964786529541
test_00385,82.84168815612793
test_00386,10.284490585327148
test_00387,18.75934410095215
test_00388,28.559809684753418
test_00389,82.36209106445312
test_00390,69.50776290893555
test_00391,38.507686614990234
test_00392,12.912906646728516
test_00393,43.41882133483887
test_00394,87.33756637573242
test_00395,79.56546974182129
test_00396,72.05866432189941
test_00397,75.1170883178711
test_00398,51.975236892700195
test_00399,150.71971130371094
test_00400,39.64241695404053
test_00401,10.875335693359373
test_00402,12.656944274902346
test_00403,14.260162353515623
test_00404,17.509644508361816
test_00405,74.48910140991211
test_00406,21.96931457519531
test_00407,41.643582344055176
test_00408,183.60693359375003
test_00409,19.397845268249515
test_00410,30.21731185913086
test_00411,57.12547302246094
test_00412,12.844886779785156
test_00413,18.202486038208008
test_00414,44.97928810119629
test_00415,76.81142234802246
test_00416,101.95169258117676
test_00417,77.41898918151855
test_00418,42.9409065246582
test_00419,72.89168930053711
test_00420,23.13939380645752
test_00421,14.797504425048828
test_00422,17.906250953674316
test_00423,20.32733821868897
test_00424,87.46413993835449
test_00425,10.891605377197266
test_00426,68.41248321533203
test_00427,45.59996032714844
test_00428,56.72466850280762
test_00429,88.7739486694336
test_00430,99.62710571289061
test_00431,69.78675842285156
test_00432,72.5300178527832
test_00433,108.82216262817383
test_00434,69.2490177154541
test_00435,131.95580291748047
test_00436,45.63308048248291
test_00437,7.395519256591797
test_00438,43.22816562652588
test_00439,27.47951602935791
test_00440,32.41409492492676
test_00441,9.054075241088867
test_00442,18.403640747070312
test_00443,22.05007839202881
test_00444,23.441972732543945
test_00445,49.689395904541016
test_00446,136.72463607788086
test_00447,96.83086776733397
test_00448,65.06900215148926
test_00449,40.63381862640381
test_00450,13.861955642700195
test_00451,27.69998550415039
test_00452,67.65611457824707
test_00453,61.19937229156494
test_00454,117.3824234008789
test_00455,8.397119522094727
test_00456,18.878499031066895
test_00457,34.67804527282715
test_00458,96.97105026245117
test_00459,40.897034645080566
test_00460,84.25094032287598
test_00461,70.76372337341309
test_00462,55.64632606506348
test_00463,47.8987340927124
test_00464,82.88084983825684
test_00465,49.032776832580566
test_00466,40.30198955535889
test_00467,6.292562484741211
test_00468,37.675944328308105
test_00469,20.739623069763184
test_00470,28.131737709045414
test_00471,60.17373085021973
test_00472,106.84556579589844
test_00473,28.688262939453125
test_00474,7.268110275268555
test_00475,16.48109531402588
test_00476,91.13861656188965
test_00477,152.68244552612305
test_00478,67.19772148132324
test_00479,34.61519145965576
test_00480,24.179190635681152
test_00481,17.650184631347656
test_00482,59.85404109954834
test_00483,140.28793334960938
test_00484,32.61691379547119
test_00485,39.56627082824707
test_00486,61.4765682220459
test_00487,19.029099464416504
test_00488,37.535738945007324
test_00489,65.57437515258789
test_00490,91.18670845031738
test_00491,17.807754516601562
test_00492,34.62438106536865
test_00493,43.860727310180664
test_00494,91.36423873901367
test_00495,20.76340961456299
test_00496,24.447236061096188
test_00497,6.829526901245117
test_00498,19.314183235168457
test_00499,22.535459518432617
test_00500,59.53287315368652
test_00501,55.004266738891594
test_00502,14.630407333374023
test_00503,39.341267585754395
test_00504,44.237401962280266
test_00505,35.60422325134277
test_00506,59.64947509765625
test_00507,43.39526081085205
test_00508,5.332904815673828
test_00509,11.058752059936522
test_00510,8.013137817382812
test_00511,17.237457275390625
test_00512,16.87178134918213
test_00513,15.81134033203125
test_00514,9.475542068481445
test_00515,17.350760459899902
test_00516,15.032214164733885
test_00517,133.3042221069336
test_00518,34.029714584350586
test_00519,9.878259658813477
test_00520,52.11318397521973
test_00521,8.839838027954102
test_00522,10.994621276855469
test_00523,14.468779563903809
test_00524,19.740297317504883
test_00525,26.00806331634522
test_00526,113.78801536560059
test_00527,27.029588699340817
test_00528,46.425865173339844
test_00529,31.19746875762939
test_00530,24.134737968444824
test_00531,7.361387252807617
test_00532,13.035390853881836
test_00533,23.935490608215332
test_00534,78.19899368286133
test_00535,95.52388381958009
test_00536,13.612346649169922
test_00537,113.24894142150879
test_00538,20.02557849884033
test_00539,13.013582229614258
test_00540,10.73830795288086
test_00541,30.46562576293945
test_00542,109.4025115966797
test_00543,167.61203002929688
test_00544,156.15323638916016
test_00545,129.9974365234375
test_00546,44.62824726104736
test_00547,55.7046537399292
test_00548,63.31401443481445
test_00549,38.953394889831536
test_00550,19.35498046875
test_00551,60.00588035583496
test_00552,99.51677513122559
test_00553,77.55364990234375
test_00554,113.83733558654785
test_00555,155.56510543823242
test_00556,241.84276580810547
test_00557,153.1446533203125
test_00558,15.89340877532959
test_00559,93.03933715820314
test_00560,140.3078727722168
test_00561,108.35897254943849
test_00562,32.40910339355469
test_00563,10.64838218688965
test_00564,32.67703819274902
test_00565,53.421302795410156
test_00566,100.79732513427734
test_00567,18.13624572753906
test_00568,41.491119384765625
test_00569,7.208778381347656
test_00570,28.031497955322266
test_00571,8.884574890136719
test_00572,8.62864685058594
test_00573,65.0057373046875
test_00574,28.2922945022583
test_00575,271.91663360595703
test_00576,244.60311889648438
test_00577,169.9717788696289
test_00578,69.69967460632324
test_00579,19.508000373840332
test_00580,50.36269760131836
test_00581,217.5912017822265
test_00582,25.736855506896973
test_00583,48.797760009765625
test_00584,53.266103744506836
test_00585,54.728074073791504
test_00586,17.916568756103516
test_00587,92.37592315673828
test_00588,109.02396774291992
test_00589,185.31221771240234
test_00590,19.40516757965088
test_00591,57.862226486206055
test_00592,12.049074172973631
test_00593,11.41568374633789
test_00594,13.079790115356445
test_00595,61.67387008666992
test_00596,125.47753715515137
test_00597,213.71636199951175
test_00598,20.2200927734375
test_00599,69.55760955810547
test_00600,110.60629081726074
test_00601,20.364182472229004
test_00602,25.88839054107666
test_00603,82.36289405822754
test_00604,166.43532943725586
test_00605,147.09435272216797
test_00606,32.69413471221924
test_00607,105.72038841247559
test_00608,174.58771514892578
test_00609,14.153186798095703
test_00610,77.65904426574707
test_00611,66.44045639038086
test_00612,199.37982177734372
test_00613,52.774282455444336
test_00614,10.275215148925781
test_00615,14.266357421875
test_00616,78.22854423522949
test_00617,163.75789642333984
test_00618,233.8605804443359
test_00619,206.67869567871088
test_00620,305.7666549682617
test_00621,405.6376647949219
test_00622,10.375185012817383
test_00623,56.943477630615234
test_00624,232.6446228027344
test_00625,226.10709381103516
test_00626,11.79842758178711
test_00627,81.94451332092285
test_00628,9.646253585815428
test_00629,46.40946960449219
test_00630,114.20926475524902
test_00631,372.1154251098633
test_00632,19.690165519714355
test_00633,137.18183135986328
test_00634,152.47123336791992
test_00635,177.6653175354004
test_00636,162.22215270996094
test_00637,258.30714416503906
test_00638,24.0366678237915
test_00639,11.13935089111328
test_00640,10.943382263183596
test_00641,20.375385284423828
test_00642,25.595613479614258
test_00643,12.284107208251953
test_00644,21.21680641174316
test_00645,95.78964424133301
test_00646,114.01457405090332
test_00647,167.9575424194336
test_00648,48.37058067321777
test_00649,11.018157958984377
test_00650,42.46888542175293
test_00651,12.917665481567385
test_00652,30.68911075592041
test_00653,41.895047187805176
test_00654,95.30136680603026
test_00655,196.50496673583987
test_00656,9.188568115234373
test_00657,261.34912109375
test_00658,10.350791931152344
test_00659,15.025712966918944
test_00660,62.02778911590576
test_00661,11.249593734741211
test_00662,94.81197929382323
test_00663,102.88335609436035
test_00664,248.6896209716797
test_00665,14.406574249267578
test_00666,13.845893859863281
test_00667,86.6784553527832
test_00668,9.053127288818358
test_00669,9.270174026489258
test_00670,14.122283935546875
test_00671,52.94207954406738
test_00672,66.933913230896
test_00673,73.72992515563965
test_00674,229.25476837158203
test_00675,238.31532287597656
test_00676,9.775901794433594
test_00677,55.20845603942871
test_00678,119.14890670776367
test_00679,5.43516731262207
test_00680,32.70749759674072
test_00681,109.79083442687988
test_00682,17.269868850708008
test_00683,23.19324493408203
test_00684,15.240188598632812
test_00685,67.18544006347656
test_00686,70.86991882324219
test_00687,10.052358627319336
test_00688,160.84728622436523
test_00689,198.96141815185547
test_00690,358.7782897949219
test_00691,55.053757667541504
test_00692,29.885972023010254
test_00693,46.2333402633667
test_00694,8.404705047607422
test_00695,8.319530487060547
test_00696,10.999134063720703
test_00697,14.463430404663086
test_00698,89.92297744750977
test_00699,14.805286407470703
test_00700,96.54327774047853
test_00701,227.59790802001953
test_00702,304.18164825439453
test_00703,64.40480613708496
test_00704,53.2831916809082
test_00705,43.40059471130371
test_00706,147.24468231201172
test_00707,89.02338981628418
test_00708,8.068031311035156
test_00709,8.5535888671875
test_00710,11.850080490112305
test_00711,8.732864379882812
test_00712,20.13725090026855
test_00713,8.274351119995117
test_00714,6.712993621826171
test_00715,60.75334167480469
test_00716,102.53682136535646
test_00717,10.040903091430664
test_00718,8.74629783630371
test_00719,34.33125877380371
test_00720,51.59545135498047
test_00721,76.94693374633789
test_00722,23.491966247558597
test_00723,16.59337329864502
test_00724,17.708605766296387
test_00725,66.92755889892578
test_00726,35.30298328399658
test_00727,100.0128879547119
test_00728,17.679964065551758
test_00729,41.19404029846192
test_00730,88.81242179870605
test_00731,10.094024658203125
test_00732,11.323036193847654
test_00733,22.08140277862549
test_00734,119.04309844970703
test_00735,64.10191535949707
test_00736,47.224857330322266
test_00737,10.003480911254881
test_00738,44.72932147979736
test_00739,117.85532760620117
test_00740,95.16534423828124
test_00741,68.96612548828125
test_00742,51.69302845001221
test_00743,47.64787006378174
test_00744,146.05722045898438
test_00745,213.26484680175778
test_00746,31.311017036437992
test_00747,30.074419021606445
test_00748,83.61584854125977
test_00749,13.066740036010744
test_00750,16.197402000427246
test_00751,60.755417823791504
test_00752,19.800113677978516
test_00753,43.04184436798096
test_00754,165.18548965454102
test_00755,24.704950332641605
test_00756,29.53910732269287
test_00757,46.924795150756836
test_00758,9.20688056945801
test_00759,16.427639961242676
test_00760,48.00468921661377
test_00761,72.00588607788086
test_00762,89.98295783996582
test_00763,61.135948181152344
test_00764,34.93801498413086
test_00765,63.750489234924316
test_00766,20.5922269821167
test_00767,15.634016990661621
test_00768,16.00930404663086
test_00769,17.333630561828613
test_00770,86.10733413696289
test_00771,12.40416145324707
test_00772,76.97701454162598
test_00773,41.363104820251465
test_00774,26.037951469421387
test_00775,49.39835548400879
test_00776,105.67283630371095
test_00777,70.0624771118164
test_00778,82.94583892822266
test_00779,82.8491382598877
test_00780,51.24381160736084
test_00781,105.39903450012207
test_00782,50.9195499420166
test_00783,7.420497894287109
test_00784,14.375186920166016
test_00785,30.626163482666016
test_00786,29.51593780517578
test_00787,10.881689071655273
test_00788,17.663127899169922
test_00789,15.418468475341797
test_00790,19.508581161499023
test_00791,40.982611656188965
test_00792,145.3424835205078
test_00793,56.05604839324951
test_00794,50.51350402832031
test_00795,17.023097038269043
test_00796,7.408147811889648
test_00797,18.54777717590332
test_00798,38.69687557220459
test_00799,72.51040840148926
test_00800,72.77365112304688
test_00801,116.83049392700194
test_00802,6.292097091674805
test_00803,9.370351791381836
test_00804,18.48660564422607
test_00805,81.84103202819824
test_00806,58.12870979309081
test_00807,83.88529777526855
test_00808,59.010737419128425
test_00809,90.63214302062988
test_00810,72.78733444213867
test_00811,100.63774490356445
test_00812,61.390472412109375
test_00813,38.86068725585938
test_00814,10.97865104675293
test_00815,42.10989761352539
test_00816,16.662368774414062
test_00817,20.978161811828613
test_00818,65.1911392211914
test_00819,105.63632583618165
test_00820,38.87446212768555
test_00821,9.036632537841797
test_00822,16.08132266998291
test_00823,97.66988372802734
test_00824,158.52970504760742
test_00825,73.02572822570801
test_00826,9.693525314331055
test_00827,27.09521484375
test_00828,16.956911087036133
test_00829,66.62367248535156
test_00830,144.33884048461914
test_00831,39.01917934417724
test_00832,32.962679862976074
test_00833,54.983388900756836
test_00834,26.68195343017578
test_00835,39.583006858825684
test_00836,62.658424377441406
test_00837,92.43444442749023
test_00838,19.37350463867187
test_00839,32.78562068939209
test_00840,44.89224815368652
test_00841,112.16393280029295
test_00842,115.05619812011717
test_00843,9.626138687133789
test_00844,21.997268676757812
test_00845,10.089418411254883
test_00846,10.65286636352539
test_00847,27.591135978698727
test_00848,49.89755344390869
test_00849,43.08425331115723
test_00850,13.963506698608398
test_00851,31.33947563171387
test_00852,49.87679100036621
test_00853,33.66160202026367
test_00854,58.438809394836426
test_00855,42.857014656066895
test_00856,4.639041900634766
test_00857,9.793933868408203
test_00858,6.692340850830078
test_00859,7.807611465454102
test_00860,15.198387145996094
test_00861,14.292863845825195
test_00862,4.076757431030273
test_00863,10.471097946166994
test_00864,12.64167594909668
test_00865,121.85304641723633
test_00866,26.91555881500244
test_00867,10.025192260742188
test_00868,50.29866123199463
test_00869,8.239425659179688
test_00870,11.533832550048826
test_00871,13.845067977905273
test_00872,19.12278461456299
test_00873,18.78779220581055
test_00874,118.59826660156251
test_00875,24.04016399383545
test_00876,35.36101055145264
test_00877,24.04064178466797
test_00878,21.15571784973145
test_00879,6.633548736572266
test_00880,8.358283996582031
test_00881,73.63130187988281
test_00882,24.020670890808105
test_00883,111.72884178161621
test_00884,16.757285118103027
test_00885,9.503580093383789
test_00886,7.26417350769043
test_00887,25.36531925201416
test_00888,97.83581733703613
test_00889,163.95718002319336
test_00890,140.1395378112793
test_00891,100.33328819274902
test_00892,39.92329502105713
test_00893,70.4594669342041
test_00894,65.3755931854248
test_00895,34.58808898925781
test_00896,145.19968795776367
test_00897,148.79391860961914
test_00898,10.305255889892576
test_00899,77.95668029785156
test_00900,147.93465042114258
test_00901,96.12043380737305
test_00902,31.860878944396973
test_00903,6.294248580932617
test_00904,17.99729061126709
test_00905,44.53164958953858
test_00906,23.28861713409424
test_00907,32.53976345062256
test_00908,6.056083679199219
test_00909,31.086744308471683
test_00910,6.162427902221681
test_00911,10.954740524291992
test_00912,57.5601863861084
test_00913,23.11889362335205
test_00914,180.14854431152338
test_00915,260.7874298095703
test_00916,187.50101470947266
test_00917,50.3040771484375
test_00918,7.255590438842773
test_00919,53.01729965209961
test_00920,217.95696258544922
test_00921,17.44679546356201
test_00922,24.491244316101074
test_00923,49.478827476501465
test_00924,30.554519653320312
test_00925,24.429984092712402
test_00926,78.9696102142334
test_00927,111.19742012023926
test_00928,178.04695892333984
test_00929,16.67100238800049
test_00930,58.82705211639404
test_00931,9.843185424804688
test_00932,11.109912872314453
test_00933,8.101949691772461
test_00934,74.48132514953613
test_00935,118.77792739868164
test_00936,223.56373596191406
test_00937,6.935462951660156
test_00938,70.28320121765137
test_00939,96.01931571960449
test_00940,10.531637191772461
test_00941,15.57496452331543
test_00942,71.34588050842285
test_00943,170.56639099121094
test_00944,134.49079132080078
test_00945,24.108926773071286
test_00946,56.15547466278076
test_00947,141.6884994506836
test_00948,14.711647033691406
test_00949,28.88273048400879
test_00950,63.5067081451416
test_00951,192.4607696533203
test_00952,97.50179672241211
test_00953,12.25003433227539
test_00954,10.72077751159668
test_00955,87.1527156829834
test_00956,136.2686767578125
test_00957,229.16767883300778
test_00958,209.02668762207034
test_00959,370.89385986328125
test_00960,393.1995391845703
test_00961,8.325592041015625
test_00962,43.442609786987305
test_00963,206.84293746948242
test_00964,197.87694931030273
test_00965,12.76280403137207
test_00966,71.67518997192383
test_00967,12.013696670532227
test_00968,56.96325492858886
test_00969,125.16568756103517
test_00970,183.12689971923825
test_00971,17.26545810699463
test_00972,128.33761596679688
test_00973,69.84622573852539
test_00974,205.38779067993167
test_00975,162.27373504638672
test_00976,205.09259796142578
test_00977,24.075573921203613
test_00978,12.988998413085938
test_00979,9.349435806274414
test_00980,14.88211441040039
test_00981,21.24385929107666
test_00982,14.63748550415039
test_00983,26.471103668212887
test_00984,108.0573272705078
test_00985,125.73304557800293
test_00986,127.79015731811523
test_00987,44.13020896911622
test_00988,7.222661972045898
test_00989,56.233060836791985
test_00990,10.72071647644043
test_00991,33.969669342041016
test_00992,43.49264621734619
test_00993,136.08233642578125
test_00994,192.46722412109375
test_00995,12.333030700683594
test_00996,288.5481185913086
test_00997,9.929885864257812
test_00998,8.138469696044922
test_00999,61.06527042388916
test_01000,8.570789337158203
test_01001,73.19916343688965
test_01002,109.38479042053221
test_01003,236.2332077026367
test_01004,13.845392227172853
test_01005,14.875659942626953
test_01006,86.167236328125
test_01007,9.52616310119629
test_01008,8.580434799194336
test_01009,10.327522277832031
test_01010,49.329301834106445
test_01011,85.95296478271484
test_01012,42.5914306640625
test_01013,220.55774688720703
test_01014,249.53540039062497
test_01015,7.076904296875
test_01016,50.9084358215332
test_01017,111.68538093566895
test_01018,7.056987762451172
test_01019,28.181041717529297
test_01020,91.08766746520996
test_01021,11.64393997192383
test_01022,19.133054733276367
test_01023,15.079343795776367
test_01024,28.534517288208008
test_01025,85.41632461547852
test_01026,10.20068359375
test_01027,203.74982833862305
test_01028,114.20666313171387
test_01029,359.0354766845703
test_01030,64.42215538024902
test_01031,45.980128288269036
test_01032,102.29062652587889
test_01033,9.078725814819336
test_01034,6.01453971862793
test_01035,9.69331169128418
test_01036,19.16959953308105
test_01037,114.71116256713866
test_01038,11.146160125732422
test_01039,118.33251190185547
test_01040,290.47412109375
test_01041,296.08544921875
test_01042,68.02856063842773
test_01043,48.63440227508545
test_01044,57.30255699157715
test_01045,132.87394332885742
test_01046,56.40788555145264
test_01047,15.50863265991211
test_01048,41.35990047454834
test_01049,12.915460586547852
test_01050,54.103445053100586
test_01051,12.11423110961914
test_01052,11.981163024902344
test_01053,124.55529785156249
test_01054,63.37453079223633
test_01055,6.97321891784668
test_01056,13.140687942504883
test_01057,75.39872741699219
test_01058,101.46948623657228
test_01059,117.45681190490724
test_01060,35.288213729858406
test_01061,20.30338191986084
test_01062,61.74580764770508
test_01063,67.97402000427246
test_01064,43.45250320434571
test_01065,96.82603645324706
test_01066,57.05613327026367
test_01067,38.14674091339111
test_01068,102.83128738403322
test_01069,10.913541793823242
test_01070,19.02376651763916
test_01071,33.928056716918945
test_01072,71.62303161621094
test_01073,91.46294784545898
test_01074,54.81715965270996
test_01075,24.38422107696533
test_01076,73.62413787841797
test_01077,73.89452362060547
test_01078,103.18546867370607
test_01079,100.24253463745117
test_01080,64.79239463806152
test_01081,213.79529571533203
test_01082,39.32918643951417
test_01083,17.04002094268799
test_01084,58.88850688934326
test_01085,46.601616859436035
test_01086,30.774521827697754
test_01087,77.87621307373047
test_01088,25.501410484313965
test_01089,62.512481689453125
test_01090,176.6708755493164
test_01091,28.415403366088867
test_01092,37.0964937210083
test_01093,63.71923542022705
test_01094,44.66850185394287
test_01095,47.78803730010986
test_01096,53.158432960510254
test_01097,87.58514785766602
test_01098,137.85205078125
test_01099,86.22706985473633
test_01100,69.98759460449219
test_01101,86.10398483276367
test_01102,54.706511497497566
test_01103,11.193517684936525
test_01104,24.84519672393799
test_01105,77.69968605041504
test_01106,42.545942306518555
test_01107,16.763025283813477
test_01108,100.0445499420166
test_01109,41.9522705078125
test_01110,39.23000431060791
test_01111,46.78606414794921
test_01112,81.32139015197754
test_01113,135.33668899536133
test_01114,91.58608627319336
test_01115,175.1406478881836
test_01116,44.561400413513184
test_01117,13.292003631591799
test_01118,55.64951133728028
test_01119,58.62215995788574
test_01120,59.205461502075195
test_01121,14.794637680053711
test_01122,30.72294330596924
test_01123,30.500347137451172
test_01124,36.59534454345703
test_01125,107.10568809509279
test_01126,91.65176963806152
test_01127,167.27304458618164
test_01128,56.999653816223145
test_01129,147.3531036376953
test_01130,9.245401382446289
test_01131,18.550158500671387
test_01132,30.27586555480957
test_01133,70.31686592102051
test_01134,101.892671585083
test_01135,117.7889175415039
test_01136,73.13850784301758
test_01137,36.725276947021484
test_01138,44.74923896789551
test_01139,141.16038513183594
test_01140,48.45975112915038
test_01141,88.00946235656738
test_01142,85.77593040466309
test_01143,96.0769214630127
test_01144,92.56725692749023
test_01145,162.57301330566406
test_01146,139.8800506591797
test_01147,22.731438636779785
test_01148,26.16841411590576
test_01149,31.47093963623047
test_01150,36.0567741394043
test_01151,96.79775619506836
test_01152,105.03724670410158
test_01153,103.01339530944823
test_01154,13.271829605102539
test_01155,29.490921020507812
test_01156,70.6361026763916
test_01157,33.242960929870605
test_01158,58.80684757232666
test_01159,113.72769927978516
test_01160,46.476134300231934
test_01161,64.68957138061523
test_01162,176.62718963623047
test_01163,88.40740585327148
test_01164,106.79367256164552
test_01165,76.12555885314941
test_01166,138.46194458007812
test_01167,26.88971138000488
test_01168,48.84504413604736
test_01169,45.285539627075195
test_01170,76.64321517944336
test_01171,80.23838233947754
test_01172,52.43177604675294
test_01173,34.83862590789795
test_01174,17.768771171569824
test_01175,10.692239761352539
test_01176,32.754759788513184
test_01177,91.79550743103027
test_01178,63.854806900024414
test_01179,36.70302200317383
test_01180,78.56431007385254
test_01181,75.63673782348633
test_01182,39.11634540557861
test_01183,86.12421798706055
test_01184,126.91160964965819
test_01185,8.36131477355957
test_01186,28.81722927093506
test_01187,12.484376907348633
test_01188,17.600889205932617
test_01189,28.88191318511963
test_01190,19.966407775878906
test_01191,5.748571395874023
test_01192,11.308050155639648
test_01193,14.463125228881836
test_01194,133.58372116088867
test_01195,34.05748748779297
test_01196,11.644096374511717
test_01197,50.03248596191406
test_01198,13.691282272338867
test_01199,11.819498062133789
test_01200,16.25035285949707
test_01201,33.59650135040283
test_01202,41.859769821167
test_01203,66.68600273132324
test_01204,79.26497077941895
test_01205,167.00476837158203
test_01206,35.81435585021973
test_01207,30.67344093322754
test_01208,15.491613388061523
test_01209,29.708800315856937
test_01210,45.2398099899292
test_01211,81.39011001586914
test_01212,108.64105796813965
test_01213,35.499176025390625
test_01214,189.41692352294922
test_01215,35.99229621887207
test_01216,11.04572868347168
test_01217,10.231403350830076
test_01218,41.13639163970947
test_01219,90.99170875549316
test_01220,229.5379409790039
test_01221,192.5846824645996
test_01222,106.7253189086914
test_01223,64.27549743652344
test_01224,50.91245937347412
test_01225,50.43743324279785
test_01226,23.13803768157959
test_01227,55.56389331817627
test_01228,177.33012771606445
test_01229,51.04509925842285
test_01230,126.7048568725586
test_01231,307.03467559814453
test_01232,128.71535873413086
test_01233,110.54520416259767
test_01234,54.9268798828125
test_01235,209.61022186279297
test_01236,29.154171943664547
test_01237,42.9391508102417
test_01238,8.488643646240234
test_01239,17.79833316802978
test_01240,54.4301815032959
test_01241,130.22461318969727
test_01242,5.874835968017579
test_01243,6.166831970214843
test_01244,25.925823211669922
test_01245,8.226463317871094
test_01246,11.058326721191406
test_01247,76.49569320678711
test_01248,161.49077987670898
test_01249,288.07003021240234
test_01250,259.5907745361328
test_01251,123.86191940307617
test_01252,125.99658203125
test_01253,11.571893692016602
test_01254,100.63675308227539
test_01255,183.93464279174802
test_01256,98.39949226379395
test_01257,55.525827407836914
test_01258,53.2772912979126
test_01259,10.358299255371094
test_01260,13.775110244750977
test_01261,87.60123252868652
test_01262,69.07642364501953
test_01263,196.39407348632812
test_01264,27.36351680755615
test_01265,78.37566375732422
test_01266,9.262830734252928
test_01267,8.397089004516602
test_01268,27.308086395263672
test_01269,101.17879867553711
test_01270,207.40936660766604
test_01271,286.79364013671875
test_01272,17.07378387451172
test_01273,148.86606216430664
test_01274,159.1788215637207
test_01275,9.036546707153319
test_01276,122.55859375
test_01277,202.38799285888675
test_01278,535.9853210449219
test_01279,72.97569274902344
test_01280,38.08398628234863
test_01281,117.24156379699708
test_01282,227.88545989990234
test_01283,8.353847503662108
test_01284,15.667564392089844
test_01285,217.3890533447265
test_01286,241.5055694580078
test_01287,9.860805511474608
test_01288,12.77583122253418
test_01289,9.575740814208984
test_01290,96.15935325622557
test_01291,289.16764068603516
test_01292,210.78426361083984
test_01293,239.75347900390628
test_01294,432.62486267089844
test_01295,476.44786071777344
test_01296,16.03454875946045
test_01297,92.88060760498047
test_01298,148.56278610229492
test_01299,171.4205093383789
test_01300,7.210920333862305
test_01301,152.2737274169922
test_01302,14.500690460205078
test_01303,417.77754974365234
test_01304,377.9749755859375
test_01305,381.13143157958984
test_01306,95.30983352661133
test_01307,354.2275390625
test_01308,282.69110107421875
test_01309,267.98060607910156
test_01310,163.07610321044922
test_01311,129.52508163452148
test_01312,20.881344795227047
test_01313,17.270767211914062
test_01314,8.100116729736328
test_01315,55.72271156311035
test_01316,83.85235595703125
test_01317,11.327953338623047
test_01318,32.09227180480958
test_01319,89.18522071838379
test_01320,139.96881484985352
test_01321,186.78256988525388
test_01322,62.43924140930176
test_01323,7.972002029418945
test_01324,74.66194725036621
test_01325,14.531156539916992
test_01326,31.304516792297363
test_01327,101.0599422454834
test_01328,142.65821075439453
test_01329,312.8248901367187
test_01330,11.798885345458984
test_01331,565.4197082519531
test_01332,10.615991592407227
test_01333,11.053260803222656
test_01334,79.0953197479248
test_01335,6.415645599365234
test_01336,85.75209999084473
test_01337,324.7912826538086
test_01338,8.930898666381836
test_01339,11.48302459716797
test_01340,62.38374137878418
test_01341,13.907073974609375
test_01342,12.851819992065431
test_01343,15.499394416809082
test_01344,132.6892547607422
test_01345,162.6514663696289
test_01346,194.8273468017578
test_01347,270.5223083496094
test_01348,258.9282684326172
test_01349,7.281522750854491
test_01350,91.46042251586913
test_01351,165.58884811401367
test_01352,7.064140319824219
test_01353,66.8202133178711
test_01354,96.35707855224608
test_01355,12.446352005004883
test_01356,22.141098022460938
test_01357,11.79855728149414
test_01358,23.07250118255615
test_01359,113.46203231811523
test_01360,8.549051284790039
test_01361,173.37556076049805
test_01362,139.90600967407227
test_01363,366.1407165527344
test_01364,80.8040885925293
test_01365,56.2991943359375
test_01366,81.28193092346191
test_01367,8.072931289672852
test_01368,6.671466827392578
test_01369,8.755479812622069
test_01370,15.684457778930666
test_01371,109.52658462524414
test_01372,11.790279388427736
test_01373,104.69562339782716
test_01374,275.54249572753906
test_01375,315.28360748291016
test_01376,74.45376586914062
test_01377,49.43322658538818
test_01378,51.49132347106934
test_01379,127.49028778076172
test_01380,61.68681049346924
test_01381,14.504201889038084
test_01382,31.11972999572754
test_01383,37.82738208770752
test_01384,15.727328300476074
test_01385,46.635315895080566
test_01386,10.798439025878906
test_01387,10.94023323059082
test_01388,123.75226211547852
test_01389,65.79358291625977
test_01390,8.35396957397461
test_01391,11.54118537902832
test_01392,60.59421443939209
test_01393,108.89293670654297
test_01394,122.37220573425293
test_01395,32.98787498474121
test_01396,18.852655410766605
test_01397,61.42062187194824
test_01398,66.32677841186523
test_01399,85.51022720336914
test_01400,86.6185474395752
test_01401,43.854538917541504
test_01402,91.98658752441406
test_01403,15.867082595825195
test_01404,21.470251083374027
test_01405,39.47156906127929
test_01406,71.51829528808594
test_01407,84.14078330993652
test_01408,46.789734840393066
test_01409,19.61203765869141
test_01410,53.60562896728515
test_01411,63.90181350708008
test_01412,76.91480445861816
test_01413,94.03615188598633
test_01414,129.61801528930664
test_01415,58.29272174835205
test_01416,184.72785186767572
test_01417,202.45138549804688
test_01418,33.00493144989014
test_01419,24.85760498046875
test_01420,59.06571102142334
test_01421,18.470717430114746
test_01422,22.772327423095703
test_01423,65.98271942138672
test_01424,27.309239387512207
test_01425,47.54783344268799
test_01426,187.04970169067386
test_01427,23.00509262084961
test_01428,29.118373870849606
test_01429,62.843918800354004
test_01430,36.49483013153076
test_01431,42.06712245941163
test_01432,51.530924797058105
test_01433,88.12638854980469
test_01434,92.92133140563965
test_01435,88.10309791564941
test_01436,66.48961639404297
test_01437,88.24941825866699
test_01438,57.46542453765869
test_01439,16.964159965515137
test_01440,18.82624340057373
test_01441,53.796552658081055
test_01442,37.49554634094238
test_01443,10.81044578552246
test_01444,96.45254707336426
test_01445,42.89200210571289
test_01446,44.13185787200928
test_01447,49.624884605407715
test_01448,80.6488265991211
test_01449,75.81491661071777
test_01450,97.1677474975586
test_01451,130.64647674560547
test_01452,98.53700637817383
test_01453,200.7339859008789
test_01454,38.1370964050293
test_01455,10.968240737915039
test_01456,69.68527221679688
test_01457,30.258398056030273
test_01458,68.15867805480957
test_01459,16.491552352905273
test_01460,29.148205757141113
test_01461,31.973782539367676
test_01462,37.6298828125
test_01463,114.4802188873291
test_01464,100.23606872558592
test_01465,169.69906616210938
test_01466,66.98469543457031
test_01467,93.06114196777344
test_01468,10.000665664672852
test_01469,16.530624389648438
test_01470,30.67355251312256
test_01471,69.06127166748047
test_01472,105.34462356567381
test_01473,122.38272476196289
test_01474,87.05414581298828
test_01475,31.04708480834961
test_01476,33.64566707611084
test_01477,115.90708732604979
test_01478,51.135564804077156
test_01479,83.7313404083252
test_01480,102.50242233276367
test_01481,69.45288467407227
test_01482,66.3354721069336
test_01483,132.77479934692383
test_01484,107.46506500244142
test_01485,87.55742073059082
test_01486,18.407721519470215
test_01487,47.94539260864258
test_01488,44.98460769653321
test_01489,37.56893539428711
test_01490,109.39628219604494
test_01491,136.9202880859375
test_01492,82.00598335266113
test_01493,16.738463401794434
test_01494,50.47529888153076
test_01495,124.60500717163085
test_01496,33.85163688659668
test_01497,49.29047870635986
test_01498,9.425369262695312
test_01499,119.9134635925293
test_01500,141.6756935119629
test_01501,57.17315673828125
test_01502,69.8062515258789
test_01503,144.9786605834961
test_01504,69.81021118164062
test_01505,94.42996215820312
test_01506,76.51701927185059
test_01507,112.10968971252443
test_01508,27.471957206726074
test_01509,45.43623638153076
test_01510,49.583885192871094
test_01511,75.47044944763184
test_01512,86.48027038574219
test_01513,70.90149116516113
test_01514,30.573566436767578
test_01515,18.02488136291504
test_01516,9.055212020874022
test_01517,27.11898040771484
test_01518,85.14103507995605
test_01519,60.6435546875
test_01520,31.93727684020996
test_01521,69.89497375488281
test_01522,73.4662094116211
test_01523,35.227349281311035
test_01524,114.16753005981445
test_01525,131.37644958496094
test_01526,6.71803092956543
test_01527,28.75517177581787
test_01528,8.52798080444336
test_01529,19.907404899597168
test_01530,23.35972309112549
test_01531,20.802464485168457
test_01532,9.101226806640625
test_01533,21.32591724395752
test_01534,20.422282218933105
test_01535,139.69908142089844
test_01536,28.104453086853027
test_01537,19.856813430786133
test_01538,57.644076347351074
test_01539,18.87111186981201
test_01540,8.548852920532227
test_01541,10.000768661499023
test_01542,37.88776969909669
test_01543,39.91257190704346
test_01544,78.54006958007812
test_01545,55.98227119445801
test_01546,158.4085464477539
test_01547,40.66897392272949
test_01548,27.929399490356445
test_01549,11.937292098999023
test_01550,23.865509986877445
test_01551,45.50633811950684
test_01552,97.29751014709473
test_01553,81.92747688293457
test_01554,34.272446632385254
test_01555,181.97151184082034
test_01556,25.571117401123047
test_01557,10.631641387939453
test_01558,12.719823837280273
test_01559,37.337693214416504
test_01560,94.73014831542969
test_01561,200.46648788452148
test_01562,172.72375106811523
test_01563,96.17766571044922
test_01564,39.16006374359131
test_01565,64.38086891174316
test_01566,50.90017890930176
test_01567,52.681718826293945
test_01568,18.036392211914062
test_01569,46.94397354125977
test_01570,170.81317138671875
test_01571,55.82917785644531
test_01572,122.41521072387694
test_01573,252.02000427246094
test_01574,264.58103942871094
test_01575,124.52148056030273
test_01576,127.28351593017578
test_01577,81.88133430480957
test_01578,241.32559967041018
test_01579,42.444034576416016
test_01580,38.94296073913574
test_01581,6.89848518371582
test_01582,20.840092658996582
test_01583,78.87753295898438
test_01584,113.26989364624023
test_01585,11.743858337402344
test_01586,53.56282615661621
test_01587,5.580476760864259
test_01588,26.10358715057373
test_01589,10.206354141235352
test_01590,9.766284942626953
test_01591,74.9735050201416
test_01592,145.3029670715332
test_01593,265.6299819946289
test_01594,227.6640853881836
test_01595,118.96034049987793
test_01596,128.22012901306152
test_01597,12.723707199096678
test_01598,99.32962226867676
test_01599,205.84854125976562
test_01600,130.7160873413086
test_01601,75.74696922302246
test_01602,60.979055404663086
test_01603,24.74375343322754
test_01604,13.095468521118164
test_01605,79.23542404174805
test_01606,66.09857368469238
test_01607,194.75873565673828
test_01608,39.69819641113282
test_01609,71.77588081359863
test_01610,9.611845016479492
test_01611,8.127912521362305
test_01612,19.30976963043213
test_01613,100.85367774963379
test_01614,205.81931304931643
test_01615,304.7344131469726
test_01616,19.03257751464844
test_01617,108.53627014160156
test_01618,139.6850357055664
test_01619,7.487997055053711
test_01620,137.73258590698242
test_01621,173.58697509765625
test_01622,470.5859909057618
test_01623,96.03402709960938
test_01624,32.74512958526611
test_01625,126.46723175048827
test_01626,197.25742721557617
test_01627,8.81709098815918
test_01628,21.65610122680664
test_01629,155.4478988647461
test_01630,230.073112487793
test_01631,10.119079589843748
test_01632,16.6928768157959
test_01633,13.260284423828125
test_01634,81.97963905334473
test_01635,267.1382598876953
test_01636,229.7725830078125
test_01637,205.44097900390625
test_01638,360.5358123779297
test_01639,483.0408630371094
test_01640,15.764273643493652
test_01641,85.6867504119873
test_01642,180.07201385498047
test_01643,173.10256958007812
test_01644,11.644245147705078
test_01645,158.0289535522461
test_01646,11.779155731201172
test_01647,357.83787536621094
test_01648,256.65660095214844
test_01649,416.1661376953125
test_01650,143.9443244934082
test_01651,283.86360931396484
test_01652,260.6759643554687
test_01653,176.47617721557617
test_01654,136.24325561523438
test_01655,29.16844367980957
test_01656,12.851285934448242
test_01657,8.511470794677734
test_01658,71.49155235290527
test_01659,92.62137031555174
test_01660,13.252820968627928
test_01661,29.217558860778805
test_01662,84.6800594329834
test_01663,120.50998497009277
test_01664,179.59548950195312
test_01665,49.71242713928223
test_01666,8.143207550048828
test_01667,67.6988697052002
test_01668,9.94244384765625
test_01669,20.833752632141113
test_01670,73.84348487854004
test_01671,175.71175384521484
test_01672,277.97169494628906
test_01673,6.459634780883789
test_01674,568.4581146240234
test_01675,10.4317569732666
test_01676,11.295598983764648
test_01677,69.2054672241211
test_01678,6.12139892578125
test_01679,52.101497650146484
test_01680,83.06881141662598
test_01681,10.41193962097168
test_01682,10.369071960449219
test_01683,58.38101768493652
test_01684,12.494020462036133
test_01685,9.777801513671875
test_01686,12.796966552734373
test_01687,114.45270729064941
test_01688,149.17530059814453
test_01689,156.7361068725586
test_01690,253.31000518798828
test_01691,283.4969024658203
test_01692,6.427585601806641
test_01693,84.10907173156738
test_01694,142.20838165283203
test_01695,5.855556488037109
test_01696,71.49782180786133
test_01697,84.24044609069824
test_01698,20.541881561279297
test_01699,35.52731132507324
test_01700,10.272285461425781
test_01701,23.40773296356201
test_01702,70.18165588378906
test_01703,10.85525131225586
test_01704,156.45606994628906
test_01705,183.91281127929688
test_01706,341.0093688964844
test_01707,81.96826171875
test_01708,58.78138542175294
test_01709,53.78424835205078
test_01710,8.206851959228516
test_01711,8.047489166259766
test_01712,9.547195434570312
test_01713,16.2657470703125
test_01714,93.07317733764648
test_01715,8.528215408325197
test_01716,114.70350456237793
test_01717,264.1437454223633
test_01718,351.8939895629883
test_01719,93.22828292846681
test_01720,54.22069549560547
test_01721,54.25178432464599
test_01722,121.92037200927734
test_01723,61.78091621398926
test_01724,8.911876678466797
test_01725,34.64420700073242
test_01726,52.75778865814209
test_01727,12.502832412719727
test_01728,65.22931098937988
test_01729,8.605163574218752
test_01730,11.896720886230469
test_01731,90.88290214538574
test_01732,68.1616439819336
test_01733,6.884685516357421
test_01734,12.341312408447266
test_01735,64.44288921356201
test_01736,127.24620246887207
test_01737,80.51035690307617
test_01738,18.522618293762207
test_01739,19.37274742126465
test_01740,51.824628829956055
test_01741,61.549498558044434
test_01742,44.33231449127197
test_01743,127.90703201293945
test_01744,109.373197555542
test_01745,72.43757629394531
test_01746,93.90920829772949
test_01747,17.62149143218994
test_01748,37.68759346008301
test_01749,42.510621070861816
test_01750,69.91329193115234
test_01751,87.19997978210449
test_01752,25.62634563446045
test_01753,13.267894744873047
test_01754,58.836687088012695
test_01755,58.80275058746338
test_01756,77.10940933227539
test_01757,74.27005004882812
test_01758,68.40696716308594
test_01759,44.45954132080078
test_01760,234.01068878173828
test_01761,206.9423484802246
test_01762,21.067896842956547
test_01763,13.850494384765623
test_01764,22.352091789245605
test_01765,45.68685340881348
test_01766,13.262153625488283
test_01767,21.42299747467041
test_01768,59.919148445129395
test_01769,29.487545013427734
test_01770,55.458495140075684
test_01771,200.36883544921875
test_01772,23.022690773010254
test_01773,37.92924785614014
test_01774,60.786603927612305
test_01775,50.48250198364258
test_01776,42.45126152038574
test_01777,55.84305763244629
test_01778,93.08435821533203
test_01779,96.60736465454102
test_01780,82.05291557312012
test_01781,42.50270080566406
test_01782,79.48266220092773
test_01783,29.213168144226074
test_01784,10.367528915405273
test_01785,15.435489654541016
test_01786,60.16167068481445
test_01787,20.574031829833984
test_01788,94.10159301757812
test_01789,38.55078029632569
test_01790,45.80968379974365
test_01791,67.11469650268555
test_01792,59.95072937011719
test_01793,72.76675987243652
test_01794,119.53179359436035
test_01795,89.82649612426758
test_01796,246.20750427246094
test_01797,47.10209369659424
test_01798,10.790048599243164
test_01799,38.901315689086914
test_01800,26.153345108032227
test_01801,55.35053253173828
test_01802,8.566877365112305
test_01803,29.31616973876953
test_01804,31.44107723236084
test_01805,38.0347785949707
test_01806,76.03329277038574
test_01807,108.65256309509276
test_01808,111.54627227783205
test_01809,80.89116287231445
test_01810,20.699756622314453
test_01811,10.592906951904297
test_01812,14.605276107788086
test_01813,40.51123332977295
test_01814,92.54863929748534
test_01815,99.05332946777345
test_01816,108.66192817687988
test_01817,54.25886631011963
test_01818,30.757285118103027
test_01819,39.52634620666504
test_01820,104.16379165649414
test_01821,54.26929473876953
test_01822,99.95907783508302
test_01823,90.57956123352051
test_01824,62.65005302429199
test_01825,103.06585502624512
test_01826,114.31640434265137
test_01827,85.4376220703125
test_01828,70.14520645141602
test_01829,16.338924407958984
test_01830,44.037967681884766
test_01831,25.854022979736328
test_01832,29.433693885803223
test_01833,75.72375106811523
test_01834,108.81023025512695
test_01835,53.3450345993042
test_01836,9.30516242980957
test_01837,24.928541183471676
test_01838,56.487135887145996
test_01839,145.4669952392578
test_01840,134.94297218322754
test_01841,33.875715255737305
test_01842,38.84552764892578
test_01843,11.286633491516115
test_01844,82.72667121887207
test_01845,116.26093292236328
test_01846,51.74793243408203
test_01847,75.80154609680176
test_01848,64.30937194824219
test_01849,22.52166175842285
test_01850,35.351542472839355
test_01851,76.31885719299316
test_01852,91.76477622985841
test_01853,22.303184509277344
test_01854,40.56719207763672
test_01855,44.502060890197754
test_01856,65.11564064025879
test_01857,105.27571678161621
test_01858,42.15153408050537
test_01859,38.66063594818115
test_01860,17.86028480529785
test_01861,10.540281295776367
test_01862,25.925873756408695
test_01863,70.56809616088867
test_01864,60.72580146789551
test_01865,23.980122566223145
test_01866,65.37110137939453
test_01867,76.69805526733398
test_01868,46.33628463745117
test_01869,97.36290740966797
test_01870,84.61774444580078
test_01871,4.2262725830078125
test_01872,7.017353057861328
test_01873,10.546287536621094
test_01874,11.066427230834961
test_01875,25.21804904937744
test_01876,14.287721633911131
test_01877,4.736543655395508
test_01878,22.918711662292477
test_01879,15.096546173095703
test_01880,136.46614837646484
test_01881,15.308149337768556
test_01882,57.73716068267822
test_01883,8.950576782226562
test_01884,7.914030075073242
test_01885,12.51852798461914
test_01886,30.6477575302124
test_01887,38.72970199584961
test_01888,92.81931495666504
test_01889,42.55793762207031
test_01890,171.65296173095703
test_01891,75.54185104370117
test_01892,22.504472732543945
test_01893,15.17765998840332
test_01894,21.125186920166012
test_01895,84.16972351074219
test_01896,89.24593353271484
test_01897,99.50056838989258
test_01898,207.35994720458984
test_01899,26.68922233581543
test_01900,11.96133041381836
test_01901,9.757091522216797
test_01902,192.52349472045898
test_01903,189.63468170166016
test_01904,94.78359794616699
test_01905,30.832147598266598
test_01906,60.843179702758796
test_01907,54.0306339263916
test_01908,44.65542984008789
test_01909,31.858419418334957
test_01910,80.10728645324707
test_01911,155.80641555786133
test_01912,79.49347686767578
test_01913,121.46451950073244
test_01914,197.4225845336914
test_01915,256.7953872680664
test_01916,144.74535369873047
test_01917,99.2751407623291
test_01918,83.70475387573242
test_01919,197.410400390625
test_01920,56.91521644592285
test_01921,51.9579439163208
test_01922,17.30087375640869
test_01923,18.990647315979007
test_01924,32.05817413330078
test_01925,95.34829521179199
test_01926,10.765024185180666
test_01927,35.739380836486816
test_01928,7.677150726318359
test_01929,24.191258430480957
test_01930,9.269927978515625
test_01931,10.207433700561523
test_01932,75.38634490966797
test_01933,141.24807739257812
test_01934,312.4669876098632
test_01935,234.61105346679688
test_01936,92.86500167846678
test_01937,113.1037712097168
test_01938,9.007381439208984
test_01939,97.93204307556152
test_01940,209.84356689453125
test_01941,47.43855667114258
test_01942,73.61944580078125
test_01943,51.703765869140625
test_01944,16.22860813140869
test_01945,18.7661190032959
test_01946,77.08782386779785
test_01947,72.19827651977539
test_01948,165.83476638793945
test_01949,18.46983814239502
test_01950,55.829254150390625
test_01951,8.726203918457031
test_01952,7.080263137817383
test_01953,9.747344970703125
test_01954,86.09221267700195
test_01955,176.12357711791992
test_01956,438.1490249633789
test_01957,16.315682411193848
test_01958,113.58501243591307
test_01959,139.20342254638672
test_01960,10.214799880981444
test_01961,65.83734130859375
test_01962,94.39210510253906
test_01963,368.65758514404297
test_01964,145.76316833496094
test_01965,40.31228733062744
test_01966,69.67088508605957
test_01967,187.28928375244138
test_01968,8.02385139465332
test_01969,20.50685977935791
test_01970,107.90620613098146
test_01971,237.92540740966797
test_01972,10.62571907043457
test_01973,5.990289688110352
test_01974,94.68150520324707
test_01975,162.5198745727539
test_01976,266.3674850463867
test_01977,209.96944427490234
test_01978,508.99903869628906
test_01979,443.04730224609375
test_01980,8.596519470214844
test_01981,94.7669334411621
test_01982,162.78128814697266
test_01983,161.6944580078125
test_01984,13.061763763427734
test_01985,174.23092651367188
test_01986,8.214241027832031
test_01987,64.70704078674316
test_01988,178.29183959960938
test_01989,399.3305053710938
test_01990,7.846645355224609
test_01991,192.07973861694336
test_01992,374.54761505126953
test_01993,259.9330673217773
test_01994,161.01531982421875
test_01995,245.44306182861328
test_01996,19.38160896301269
test_01997,19.210666656494137
test_01998,10.063253402709961
test_01999,62.59251689910888
test_02000,100.37997627258301
test_02001,9.071104049682617
test_02002,28.177120208740234
test_02003,94.17518615722658
test_02004,125.75129890441896
test_02005,178.36341094970703
test_02006,71.50108909606934
test_02007,7.283880233764648
test_02008,68.31442832946777
test_02009,17.632691383361816
test_02010,20.355538368225098
test_02011,40.45262813568115
test_02012,86.5966854095459
test_02013,222.35454559326172
test_02014,5.515695571899414
test_02015,523.4220275878906
test_02016,10.790834426879883
test_02017,12.507940292358398
test_02018,74.58201217651367
test_02019,8.434425354003906
test_02020,56.41011142730713
test_02021,105.02673149108887
test_02022,274.2276763916015
test_02023,6.540590286254883
test_02024,15.361650466918945
test_02025,72.27752113342285
test_02026,11.962987899780273
test_02027,9.48876953125
test_02028,11.456327438354492
test_02029,159.8660011291504
test_02030,177.638427734375
test_02031,113.04447174072266
test_02032,219.46511840820312
test_02033,289.76585388183594
test_02034,8.379535675048828
test_02035,73.00082397460938
test_02036,131.71084213256836
test_02037,8.137918472290039
test_02038,75.8416576385498
test_02039,100.0797691345215
test_02040,20.65662860870361
test_02041,29.639404296875
test_02042,12.362306594848633
test_02043,28.276908874511715
test_02044,72.55607795715332
test_02045,7.340898513793945
test_02046,123.0645637512207
test_02047,130.38360214233398
test_02048,317.54561614990234
test_02049,46.64928150177002
test_02050,31.2341890335083
test_02051,99.17273902893066
test_02052,11.294397354125977
test_02053,8.76189613342285
test_02054,9.373962402343752
test_02055,18.481835365295407
test_02056,78.47237014770508
test_02057,11.350151062011717
test_02058,71.89328002929688
test_02059,209.7318801879883
test_02060,273.739990234375
test_02061,31.911303520202637
test_02062,56.658230781555176
test_02063,35.273319244384766
test_02064,126.98064231872559
test_02065,60.33653736114502
test_02066,10.236244201660156
test_02067,19.155055046081543
test_02068,17.63204288482666
test_02069,10.078357696533203
test_02070,25.489336967468258
test_02071,9.625663757324219
test_02072,6.985862731933594
test_02073,53.39186286926269
test_02074,75.87627029418945
test_02075,9.209915161132812
test_02076,12.900938034057617
test_02077,84.83516502380371
test_02078,87.15087509155273
test_02079,10.632133483886717
test_02080,11.224052429199219
test_02081,54.206138610839844
test_02082,59.532943725585945
test_02083,37.531569480895996
test_02084,74.66496658325195
test_02085,48.36762237548828
test_02086,42.69959831237793
test_02087,80.32779502868652
test_02088,14.045904159545897
test_02089,18.028217315673825
test_02090,23.37568759918213
test_02091,45.665287017822266
test_02092,65.60334968566895
test_02093,37.092753410339355
test_02094,14.810426712036133
test_02095,29.28084468841553
test_02096,62.35930252075195
test_02097,70.14342880249023
test_02098,59.104039192199714
test_02099,66.40422439575195
test_02100,38.77636337280273
test_02101,134.86077499389648
test_02102,175.6570053100586
test_02103,47.47527027130127
test_02104,10.27366828918457
test_02105,57.40260410308838
test_02106,56.07046604156494
test_02107,27.35962963104248
test_02108,29.256175994873047
test_02109,53.765987396240234
test_02110,24.82460880279541
test_02111,83.49957084655762
test_02112,117.18570899963379
test_02113,15.910303115844727
test_02114,30.38333511352539
test_02115,65.32587432861328
test_02116,11.062416076660156
test_02117,20.197105407714847
test_02118,69.03881454467773
test_02119,103.98232841491698
test_02120,75.77792930603027
test_02121,51.32675647735596
test_02122,33.13358211517334
test_02123,54.05273246765137
test_02124,15.796443939208984
test_02125,11.245426177978517
test_02126,17.46481227874756
test_02127,67.48652648925781
test_02128,61.49019336700439
test_02129,16.558213233947754
test_02130,73.00790786743164
test_02131,32.945247650146484
test_02132,33.34208297729492
test_02133,52.95914936065674
test_02134,55.58868598937988
test_02135,91.45507621765137
test_02136,55.873491287231445
test_02137,44.993947982788086
test_02138,70.50876426696777
test_02139,75.6581039428711
test_02140,39.03870105743408
test_02141,7.8794708251953125
test_02142,53.215121269226074
test_02143,19.177227020263672
test_02144,38.09265613555909
test_02145,13.12646484375
test_02146,14.188650131225586
test_02147,19.267863273620605
test_02148,20.75438499450684
test_02149,57.901832580566406
test_02150,78.8030948638916
test_02151,113.93731498718263
test_02152,43.461710929870605
test_02153,40.17104721069336
test_02154,5.600288391113281
test_02155,17.337310791015625
test_02156,76.16196823120117
test_02157,61.82282066345215
test_02158,37.52225875854492
test_02159,112.6944465637207
test_02160,33.17020606994629
test_02161,12.474586486816406
test_02162,48.114362716674805
test_02163,64.87869071960449
test_02164,38.234246253967285
test_02165,88.5450611114502
test_02166,108.90054321289062
test_02167,62.221982002258294
test_02168,44.55939865112305
test_02169,123.62821578979492
test_02170,103.52673912048341
test_02171,85.45148658752441
test_02172,10.153741836547853
test_02173,38.722073554992676
test_02174,33.10033321380615
test_02175,20.46015644073486
test_02176,45.20599460601807
test_02177,87.86228942871094
test_02178,71.4351806640625
test_02179,8.631521224975586
test_02180,11.894531249999998
test_02181,79.32611083984375
test_02182,98.11565589904784
test_02183,106.005859375
test_02184,33.07905387878418
test_02185,27.81306934356689
test_02186,21.73239040374756
test_02187,186.64876937866208
test_02188,45.461480140686035
test_02189,34.84683418273926
test_02190,46.886948585510254
test_02191,32.255187034606934
test_02192,58.10881042480469
test_02193,66.52666664123535
test_02194,100.34193801879881
test_02195,16.289584159851074
test_02196,19.635220527648926
test_02197,29.798673629760742
test_02198,130.29725646972656
test_02199,117.30388259887697
test_02200,12.881814002990723
test_02201,15.780399322509767
test_02202,11.168664932250977
test_02203,13.513227462768555
test_02204,27.225251197814945
test_02205,54.336639404296875
test_02206,52.11469459533692
test_02207,17.75164794921875
test_02208,43.92971420288086
test_02209,63.92281723022461
test_02210,44.065568923950195
test_02211,63.32458877563477
test_02212,91.12618446350096
test_02213,5.645648956298828
test_02214,11.959068298339844
test_02215,9.074195861816406
test_02216,10.27890968322754
test_02217,16.5451021194458
test_02218,19.310901641845703
test_02219,7.858758926391602
test_02220,13.38349723815918
test_02221,13.860235214233398
test_02222,113.24238395690918
test_02223,34.07106399536133
test_02224,14.123613357543945
test_02225,42.490084648132324
test_02226,13.721134185791016
test_02227,8.14991569519043
test_02228,11.471752166748047
test_02229,19.77287483215332
test_02230,30.799975395202637
test_02231,107.69876289367676
test_02232,83.00052070617676
test_02233,48.161386489868164
test_02234,25.441716194152836
test_02235,17.259992599487305
test_02236,9.446516036987305
test_02237,17.05604648590088
test_02238,75.88338851928711
test_02239,134.65395736694336
test_02240,19.314242362976074
test_02241,135.68413162231445
test_02242,21.48063373565674
test_02243,9.22768974304199
test_02244,9.65654182434082
test_02245,19.504501342773438
test_02246,197.03940963745117
test_02247,146.67518997192383
test_02248,53.67825889587403
test_02249,33.947747230529785
test_02250,77.14978218078613
test_02251,80.52680015563965
test_02252,41.73411083221436
test_02253,12.441890716552736
test_02254,61.11527061462402
test_02255,119.8460464477539
test_02256,76.25442886352539
test_02257,103.6989517211914
test_02258,150.3397445678711
test_02259,249.62871551513672
test_02260,97.59527969360353
test_02261,69.40813064575195
test_02262,54.15547180175781
test_02263,179.72433471679688
test_02264,121.45477676391602
test_02265,34.674323081970215
test_02266,8.630384445190428
test_02267,18.918946266174316
test_02268,23.949193954467773
test_02269,7.694601058959961
test_02270,34.26395320892334
test_02271,5.067035675048828
test_02272,29.25712776184082
test_02273,6.91642951965332
test_02274,9.408071517944336
test_02275,67.31418228149414
test_02276,133.19935989379883
test_02277,298.6316604614258
test_02278,214.721450805664
test_02279,164.0330810546875
test_02280,67.9422779083252
test_02281,14.508121490478514
test_02282,44.24351215362549
test_02283,162.37232971191406
test_02284,75.9299430847168
test_02285,62.249632835388184
test_02286,51.60889244079589
test_02287,63.61943531036377
test_02288,13.794517517089842
test_02289,65.38026428222656
test_02290,130.63651657104492
test_02291,183.23734283447266
test_02292,23.263959884643555
test_02293,47.609150886535645
test_02294,9.581281661987305
test_02295,9.234931945800781
test_02296,10.32699203491211
test_02297,78.83469581604004
test_02298,94.57282447814941
test_02299,217.21264648437503
test_02300,32.58027172088623
test_02301,49.86149787902832
test_02302,79.99876022338867
test_02303,8.625200271606444
test_02304,31.81542301177979
test_02305,63.45932388305664
test_02306,288.24987030029297
test_02307,107.95331382751465
test_02308,14.384939193725584
test_02309,45.41967296600342
test_02310,133.66194534301758
test_02311,14.172992706298828
test_02312,16.24203395843506
test_02313,45.531575202941895
test_02314,201.82581710815433
test_02315,12.124902725219727
test_02316,11.670339584350586
test_02317,7.390249252319336
test_02318,24.556184768676758
test_02319,68.66653823852539
test_02320,103.48062324523926
test_02321,74.04644393920898
test_02322,388.01866912841797
test_02323,393.3554458618164
test_02324,10.127571105957031
test_02325,33.8406457901001
test_02326,137.92642211914062
test_02327,153.90997695922852
test_02328,18.652915954589844
test_02329,51.90579032897949
test_02330,22.70773410797119
test_02331,42.53826713562012
test_02332,123.01281356811522
test_02333,317.2207946777344
test_02334,289.04261016845703
test_02335,144.87824249267578
test_02336,84.67574119567871
test_02337,244.79171752929688
test_02338,132.91886138916016
test_02339,146.0406951904297
test_02340,35.25772666931152
test_02341,14.259674072265627
test_02342,7.0290374755859375
test_02343,50.820345878601074
test_02344,20.547494888305664
test_02345,16.088481903076172
test_02346,11.870676040649416
test_02347,84.17582893371582
test_02348,139.71875762939453
test_02349,152.5311279296875
test_02350,36.13050651550293
test_02351,8.925922393798828
test_02352,36.64538097381592
test_02353,13.380014419555664
test_02354,11.769489288330078
test_02355,22.433002471923828
test_02356,82.74030494689941
test_02357,184.08935546875003
test_02358,6.329683303833008
test_02359,221.86597442626947
test_02360,9.572591781616211
test_02361,12.636774063110352
test_02362,63.52631378173829
test_02363,8.609632492065431
test_02364,33.30530071258545
test_02365,51.59494876861572
test_02366,236.4284591674805
test_02367,9.42320442199707
test_02368,9.420198440551758
test_02369,86.06112861633301
test_02370,8.032114028930664
test_02371,8.98507308959961
test_02372,10.43661117553711
test_02373,126.52769470214845
test_02374,86.24288940429688
test_02375,124.66787719726562
test_02376,222.67989349365234
test_02377,236.2453384399414
test_02378,6.435518264770508
test_02379,28.712030410766598
test_02380,104.8869171142578
test_02381,6.41899299621582
test_02382,23.72761631011963
test_02383,95.50016212463377
test_02384,18.426088333129883
test_02385,22.50479888916016
test_02386,33.65212535858154
test_02387,21.182988166809082
test_02388,56.01721572875977
test_02389,12.551925659179688
test_02390,204.34073257446286
test_02391,119.7508029937744
test_02392,399.60565185546875
test_02393,64.74623203277588
test_02394,50.51274299621583
test_02395,121.88071632385254
test_02396,10.047761917114258
test_02397,6.816476821899413
test_02398,10.383438110351562
test_02399,19.72077751159668
test_02400,96.66664123535155
test_02401,9.850666046142576
test_02402,121.68932342529297
test_02403,268.1729965209961
test_02404,280.32865142822266
test_02405,62.12104034423828
test_02406,45.58469867706299
test_02407,51.347173690795906
test_02408,126.0319538116455
test_02409,51.15088367462158
test_02410,14.278820037841797
test_02411,29.317668914794922
test_02412,31.556771278381348
test_02413,11.259376525878906
test_02414,48.57741165161133
test_02415,10.134153366088865
test_02416,8.86375617980957
test_02417,116.33077812194826
test_02418,83.7060317993164
test_02419,6.07099723815918
test_02420,17.216084480285645
test_02421,64.70156669616699
test_02422,86.86631965637207
test_02423,104.12607955932616
test_02424,24.459894180297855
test_02425,13.0081787109375
test_02426,60.813796997070305
test_02427,63.80500602722169
test_02428,37.17044925689698
test_02429,86.44428062438965
test_02430,53.95924663543701
test_02431,39.52054214477538
test_02432,85.3554916381836
test_02433,8.991128921508789
test_02434,16.178020477294922
test_02435,30.721145629882812
test_02436,59.30274677276611
test_02437,78.05719566345215
test_02438,53.428871154785156
test_02439,26.64181137084961
test_02440,66.8116626739502
test_02441,63.765299797058105
test_02442,81.43848037719727
test_02443,89.53196907043457
test_02444,99.19380950927734
test_02445,62.97575759887695
test_02446,123.2481575012207
test_02447,188.60752868652344
test_02448,41.838613510131836
test_02449,9.793390274047852
test_02450,26.78962707519531
test_02451,44.665958404541016
test_02452,16.543399810791016
test_02453,27.741057395935062
test_02454,93.15065383911133
test_02455,22.655348777770996
test_02456,40.118102073669434
test_02457,146.10453033447266
test_02458,17.937986373901367
test_02459,31.502323150634766
test_02460,54.660399436950684
test_02461,31.80787467956543
test_02462,41.7899866104126
test_02463,46.63846683502197
test_02464,79.38916778564453
test_02465,121.8109359741211
test_02466,89.18873596191406
test_02467,72.42290306091309
test_02468,79.21522521972656
test_02469,44.02207851409912
test_02470,12.119167327880861
test_02471,20.036046028137207
test_02472,82.8316593170166
test_02473,33.93288803100586
test_02474,8.580724716186523
test_02475,99.74532890319824
test_02476,42.95662498474122
test_02477,30.13397312164307
test_02478,45.264336585998535
test_02479,92.51251983642578
test_02480,72.26726341247559
test_02481,62.025442123413086
test_02482,128.58246994018555
test_02483,88.47694778442383
test_02484,167.18839645385742
test_02485,35.85909938812256
test_02486,8.003028869628906
test_02487,58.15533256530762
test_02488,60.49664497375489
test_02489,63.07212638854981
test_02490,12.269382476806642
test_02491,26.76708698272705
test_02492,33.05627632141113
test_02493,45.846656799316406
test_02494,119.73796653747559
test_02495,84.35198593139648
test_02496,176.00594329833984
test_02497,58.95461463928223
test_02498,153.0576400756836
test_02499,11.909860610961914
test_02500,17.913792610168457
test_02501,30.806038856506348
test_02502,64.6253433227539
test_02503,94.43104362487792
test_02504,106.26955986022949
test_02505,47.82329273223877
test_02506,35.72998809814453
test_02507,42.45182228088378
test_02508,135.60780334472656
test_02509,60.27152919769287
test_02510,84.26361465454102
test_02511,74.5829963684082
test_02512,58.54815101623535
test_02513,68.03895568847656
test_02514,116.81868553161623
test_02515,85.84376335144043
test_02516,65.6142635345459
test_02517,18.670186042785645
test_02518,55.60770606994629
test_02519,34.699256896972656
test_02520,31.707756996154785
test_02521,93.64131355285645
test_02522,95.46255874633788
test_02523,94.24112892150879
test_02524,12.785118103027342
test_02525,34.9705286026001
test_02526,66.63500213623047
test_02527,138.66353607177734
test_02528,127.73347854614258
test_02529,24.540621757507324
test_02530,45.43056583404541
test_02531,7.986680984497072
test_02532,130.12522888183594
test_02533,120.72417831420898
test_02534,31.435879707336422
test_02535,55.10277271270752
test_02536,167.01349258422852
test_02537,91.33196640014648
test_02538,104.9000415802002
test_02539,68.56307792663574
test_02540,137.1309356689453
test_02541,22.341700553894043
test_02542,42.28309726715088
test_02543,59.32690906524659
test_02544,71.26118087768555
test_02545,83.29482841491699
test_02546,49.18962383270264
test_02547,28.77293109893799
test_02548,16.76076889038086
test_02549,14.156322479248047
test_02550,29.536936759948727
test_02551,88.46813201904297
test_02552,56.00372409820557
test_02553,32.442604064941406
test_02554,68.61251258850098
test_02555,66.68341445922852
test_02556,38.6719970703125
test_02557,84.38411140441895
test_02558,97.13335037231445
test_02559,6.911106109619141
test_02560,31.83893871307373
test_02561,12.033195495605469
test_02562,22.32062339782715
test_02563,38.94341564178467
test_02564,23.572314262390137
test_02565,7.956798553466797
test_02566,8.598424911499023
test_02567,13.13894844055176
test_02568,132.50477981567383
test_02569,37.009615898132324
test_02570,11.51331901550293
test_02571,41.254075050354004
test_02572,9.681306838989258
test_02573,6.912351608276367
test_02574,11.569589614868164
test_02575,33.26294422149658
test_02576,44.80344486236572
test_02577,64.97534561157227
test_02578,53.266096115112305
test_02579,164.54439544677734
test_02580,35.8001127243042
test_02581,24.511372566223145
test_02582,9.868927001953125
test_02583,39.60297775268555
test_02584,56.03587150573731
test_02585,87.41049766540527
test_02586,128.08013916015625
test_02587,27.159110069274906
test_02588,194.98627090454104
test_02589,29.297377586364746
test_02590,10.322704315185549
test_02591,8.100732803344727
test_02592,44.441956520080566
test_02593,83.37746238708496
test_02594,219.88333129882812
test_02595,187.9500770568848
test_02596,92.32177352905273
test_02597,42.39815139770508
test_02598,61.59061622619629
test_02599,55.4156198501587
test_02600,45.58338642120361
test_02601,13.295652389526367
test_02602,49.64843463897705
test_02603,156.9347381591797
test_02604,54.460561752319336
test_02605,132.98398208618164
test_02606,260.2317810058594
test_02607,112.27164459228516
test_02608,102.50927543640137
test_02609,42.76899242401123
test_02610,150.67923736572266
test_02611,28.134264945983887
test_02612,42.6966609954834
test_02613,7.686655044555664
test_02614,25.426592826843265
test_02615,58.22293281555176
test_02616,112.89394569396971
test_02617,5.427715301513672
test_02618,67.08197593688965
test_02619,6.815820693969727
test_02620,26.864158630371094
test_02621,8.492660522460938
test_02622,12.637212753295898
test_02623,73.60269546508789
test_02624,156.19921875
test_02625,306.0625
test_02626,257.7168502807617
test_02627,122.92456436157227
test_02628,108.55796432495117
test_02629,9.343463897705078
test_02630,89.22871780395508
test_02631,226.07431030273435
test_02632,32.97210216522217
test_02633,64.64891624450684
test_02634,57.301483154296875
test_02635,13.675637245178223
test_02636,14.926348686218262
test_02637,91.29973602294922
test_02638,63.41219520568848
test_02639,183.4765167236328
test_02640,24.988045692443848
test_02641,75.02591705322266
test_02642,9.225046157836914
test_02643,8.501550674438477
test_02644,8.920188903808594
test_02645,87.5621566772461
test_02646,203.1875305175781
test_02647,253.016845703125
test_02648,16.67405891418457
test_02649,150.0944366455078
test_02650,105.60480690002441
test_02651,9.297229766845701
test_02652,123.43463134765625
test_02653,226.03224182128906
test_02654,508.41514587402344
test_02655,67.04141426086426
test_02656,38.11638832092285
test_02657,134.74432754516602
test_02658,221.821533203125
test_02659,9.041433334350586
test_02660,19.047386169433594
test_02661,182.18874740600586
test_02662,229.81335449218747
test_02663,9.491094589233398
test_02664,11.241571426391603
test_02665,8.22359848022461
test_02666,84.72657775878906
test_02667,266.49049377441406
test_02668,200.37271881103516
test_02669,257.6780471801758
test_02670,367.5753631591797
test_02671,404.0524444580078
test_02672,10.537021636962889
test_02673,85.82293701171875
test_02674,139.75921630859375
test_02675,190.75185775756836
test_02676,12.963665008544922
test_02677,132.8057632446289
test_02678,12.44245719909668
test_02679,392.5426712036133
test_02680,354.3632125854492
test_02681,113.3858528137207
test_02682,346.0231170654297
test_02683,480.2502822875977
test_02684,260.76798248291016
test_02685,245.0880584716797
test_02686,160.52719116210938
test_02687,19.176424026489254
test_02688,12.662504196166992
test_02689,9.393501281738281
test_02690,17.404878616333008
test_02691,55.502959251403816
test_02692,9.143413543701172
test_02693,29.663993835449215
test_02694,67.60686492919922
test_02695,135.40701293945312
test_02696,181.7833786010742
test_02697,59.39276123046875
test_02698,7.4641876220703125
test_02699,66.19719696044922
test_02700,9.430791854858398
test_02701,21.032968521118168
test_02702,131.31026458740234
test_02703,196.06328201293945
test_02704,323.9783172607422
test_02705,8.740482330322266
test_02706,407.548568725586
test_02707,10.120672225952148
test_02708,8.035642623901367
test_02709,98.52361869812012
test_02710,6.258642196655273
test_02711,39.4340877532959
test_02712,70.36020088195801
test_02713,283.83946990966797
test_02714,7.008562088012695
test_02715,11.088184356689455
test_02716,46.89171314239503
test_02717,7.146860122680664
test_02718,8.389213562011719
test_02719,9.942573547363281
test_02720,83.13776779174805
test_02721,135.61466217041016
test_02722,180.04183959960938
test_02723,258.4376449584961
test_02724,293.9076614379883
test_02725,7.034547805786133
test_02726,83.27440643310547
test_02727,179.87703704833987
test_02728,9.460149765014648
test_02729,64.89080238342285
test_02730,15.929024696350098
test_02731,35.92795753479004
test_02732,19.646970748901367
test_02733,22.58891201019287
test_02734,94.0477828979492
test_02735,6.515171051025391
test_02736,208.41784667968744
test_02737,415.17000579833984
test_02738,43.29861927032471
test_02739,33.53674602508545
test_02740,124.10561370849608
test_02741,7.974973678588867
test_02742,7.644308090209961
test_02743,12.410276412963867
test_02744,9.40766716003418
test_02745,223.5780029296875
test_02746,73.87450218200684
test_02747,327.8127975463867
test_02748,269.4072799682617
test_02749,48.54662895202637
test_02750,47.111032485961914
test_02751,38.73757076263428
test_02752,128.84870147705078
test_02753,63.934539794921875
test_02754,12.515632629394531
test_02755,35.39835548400879
test_02756,63.21443367004395
test_02757,16.759035110473633
test_02758,54.59912300109864
test_02759,7.3217926025390625
test_02760,8.732351303100586
test_02761,113.65490531921387
test_02762,124.65719223022461
test_02763,14.452993392944336
test_02764,20.264820098876953
test_02765,72.17889404296875
test_02766,85.91204833984375
test_02767,56.629591941833496
test_02768,9.35462760925293
test_02769,83.8975830078125
test_02770,63.55238914489746
test_02771,43.395976066589355
test_02772,107.55010223388672
test_02773,14.835027694702148
test_02774,32.559638023376465
test_02775,104.93595504760742
test_02776,21.133678436279297
test_02777,30.15212345123291
test_02778,52.8919620513916
test_02779,74.11590385437012
test_02780,37.18686866760254
test_02781,15.487215042114258
test_02782,45.31586837768555
test_02783,53.15513324737549
test_02784,70.3137435913086
test_02785,86.26867485046387
test_02786,71.16181755065918
test_02787,53.599724769592285
test_02788,159.11546325683594
test_02789,204.3544158935547
test_02790,9.799915313720703
test_02791,44.12467575073242
test_02792,14.20145797729492
test_02793,17.641575813293457
test_02794,48.34263038635254
test_02795,17.002634048461914
test_02796,35.27156162261963
test_02797,127.15165710449219
test_02798,22.917941093444824
test_02799,34.06077480316162
test_02800,68.51417922973633
test_02801,24.74342441558838
test_02802,41.938702583312995
test_02803,45.201191902160645
test_02804,83.16263198852539
test_02805,104.31574058532715
test_02806,55.25353527069092
test_02807,37.9676456451416
test_02808,62.90648651123047
test_02809,23.14719676971436
test_02810,12.458192825317383
test_02811,13.311454772949219
test_02812,98.0524196624756
test_02813,45.79491424560547
test_02814,10.611185073852539
test_02815,84.06616973876953
test_02816,38.210365295410156
test_02817,27.922175407409668
test_02818,41.19317626953125
test_02819,71.24276351928711
test_02820,99.13231658935545
test_02821,44.13059997558594
test_02822,144.56048965454102
test_02823,78.19506072998047
test_02824,167.6352081298828
test_02825,38.07019519805908
test_02826,5.621654510498047
test_02827,64.8443775177002
test_02828,24.870888710021976
test_02829,53.33039474487305
test_02830,14.449785232543945
test_02831,13.83003044128418
test_02832,21.94950294494629
test_02833,23.276134490966797
test_02834,70.44940185546875
test_02835,78.62036323547363
test_02836,148.6845474243164
test_02837,49.77940654754638
test_02838,180.15410232543942
test_02839,15.511379241943361
test_02840,23.577698707580566
test_02841,66.04141426086426
test_02842,93.80912399291991
test_02843,64.7711296081543
test_02844,93.82857704162598
test_02845,41.900665283203125
test_02846,10.860198974609375
test_02847,92.29313087463379
test_02848,119.70565605163574
test_02849,112.86493301391602
test_02850,36.914188385009766
test_02851,53.826412200927734
test_02852,128.68166542053223
test_02853,88.59314155578613
test_02854,89.7511157989502
test_02855,16.55153179168701
test_02856,32.98301601409912
test_02857,33.09511756896973
test_02858,24.28469181060791
test_02859,69.0140151977539
test_02860,77.34516525268555
test_02861,15.315539360046387
test_02862,25.30388736724853
test_02863,75.09652709960938
test_02864,75.68269348144531
test_02865,109.90740203857422
test_02866,36.32653617858887
test_02867,52.760332107543945
test_02868,7.4410552978515625
test_02869,97.72480964660645
test_02870,183.68939208984375
test_02871,41.16334629058838
test_02872,50.830307960510254
test_02873,67.96430587768555
test_02874,102.92063140869142
test_02875,171.61528396606445
test_02876,68.79702186584473
test_02877,100.99846267700195
test_02878,18.633740425109863
test_02879,15.942869186401367
test_02880,37.64107608795166
test_02881,85.67383003234863
test_02882,97.82651329040527
test_02883,48.81974124908448
test_02884,21.70532512664795
test_02885,10.3702392578125
test_02886,18.515231132507324
test_02887,42.061518669128425
test_02888,63.983747482299805
test_02889,34.74362754821777
test_02890,23.578283309936523
test_02891,26.999756813049316
test_02892,55.03829002380371
test_02893,82.44325637817383
test_02894,71.28603744506836
test_02895,147.67916107177734
test_02896,7.437917709350586
test_02897,20.327409744262695
test_02898,6.317987442016602
test_02899,7.202602386474609
test_02900,16.10057544708252
test_02901,25.531518936157227
test_02902,9.514215469360352
test_02903,12.039396286010744
test_02904,11.97593879699707
test_02905,27.646959304809574
test_02906,14.945686340332033
test_02907,36.933348655700684
test_02908,12.156562805175781
test_02909,9.653451919555664
test_02910,10.973731994628906
test_02911,23.827258110046383
test_02912,34.37304496765137
test_02913,90.79376411437988
test_02914,156.36185455322266
test_02915,25.159104347229004
test_02916,18.386116981506348
test_02917,10.942171096801758
test_02918,28.28664588928223
test_02919,35.03706169128418
test_02920,57.75162887573242
test_02921,119.37268447875977
test_02922,15.617714881896973
test_02923,180.73797225952148
test_02924,32.90760231018067
test_02925,10.509946823120115
test_02926,8.914205551147461
test_02927,30.46656608581543
test_02928,71.12812805175781
test_02929,213.7807846069336
test_02930,162.4111328125
test_02931,38.918633460998535
test_02932,53.57284164428711
test_02933,83.42512130737305
test_02934,88.76222038269043
test_02935,79.26424980163574
test_02936,16.379825592041016
test_02937,40.49180603027344
test_02938,151.92523956298828
test_02939,87.05397605895996
test_02940,118.38041305541992
test_02941,201.4045333862304
test_02942,172.17627334594727
test_02943,139.6137237548828
test_02944,76.59503936767578
test_02945,47.44934368133545
test_02946,160.81599807739258
test_02947,79.16724395751953
test_02948,30.29683208465576
test_02949,5.976711273193359
test_02950,17.911532402038574
test_02951,36.74359130859375
test_02952,62.17021083831787
test_02953,5.318571090698243
test_02954,7.038261413574219
test_02955,21.761179924011234
test_02956,17.6004114151001
test_02957,8.146209716796875
test_02958,71.44457626342773
test_02959,131.5171661376953
test_02960,285.9458694458008
test_02961,146.6394805908203
test_02962,118.93808555603027
test_02963,92.85620689392091
test_02964,7.990985870361328
test_02965,76.57425880432129
test_02966,157.22318649291992
test_02967,93.339111328125
test_02968,48.294517517089844
test_02969,56.43678283691406
test_02970,55.46209335327149
test_02971,11.890188217163088
test_02972,76.90021705627441
test_02973,128.0582103729248
test_02974,164.99941635131836
test_02975,42.556352615356445
test_02976,66.77791595458984
test_02977,9.641838073730469
test_02978,7.328561782836914
test_02979,9.73404884338379
test_02980,84.21894073486328
test_02981,137.94474411010742
test_02982,211.23841094970697
test_02983,13.057313919067383
test_02984,65.0747127532959
test_02985,110.9788646697998
test_02986,7.363300323486328
test_02987,56.42688846588135
test_02988,133.9226951599121
test_02989,479.58837890625
test_02990,273.68101501464844
test_02991,52.80711650848389
test_02992,40.93533992767334
test_02993,133.71654510498047
test_02994,12.35213851928711
test_02995,13.436147689819338
test_02996,57.053847312927246
test_02997,188.86996841430664
test_02998,8.646343231201172
test_02999,8.235054016113281
test_03000,8.280420303344725
test_03001,41.18472385406494
test_03002,215.6854400634766
test_03003,99.68677520751953
test_03004,76.63937759399414
test_03005,370.2314834594727
test_03006,420.2013168334961
test_03007,15.194133758544922
test_03008,48.426045417785645
test_03009,132.08420181274414
test_03010,195.8291931152344
test_03011,9.699577331542969
test_03012,122.54749298095703
test_03013,8.986137390136717
test_03014,155.67833709716797
test_03015,205.21566009521482
test_03016,384.67500305175787
test_03017,332.3739166259765
test_03018,192.23822021484375
test_03019,409.0595245361328
test_03020,273.7160949707031
test_03021,253.76318359375
test_03022,173.3284454345703
test_03023,26.754923820495605
test_03024,12.019786834716797
test_03025,10.560098648071289
test_03026,37.93037033081055
test_03027,25.52741432189941
test_03028,10.717533111572266
test_03029,30.20423698425293
test_03030,62.01959800720215
test_03031,122.07650566101074
test_03032,203.81712341308594
test_03033,83.13021087646484
test_03034,7.825897216796875
test_03035,90.4086742401123
test_03036,17.301513671875
test_03037,13.532838821411135
test_03038,92.89002799987793
test_03039,138.07010650634766
test_03040,247.03342437744135
test_03041,10.584154129028319
test_03042,547.3805236816406
test_03043,8.205463409423828
test_03044,9.302068710327148
test_03045,90.4983901977539
test_03046,9.072179794311523
test_03047,25.2079439163208
test_03048,74.70028305053711
test_03049,282.68929290771484
test_03050,8.229249954223633
test_03051,14.529012680053711
test_03052,103.73583221435547
test_03053,8.390546798706055
test_03054,8.133790969848633
test_03055,11.267080307006836
test_03056,64.99871253967285
test_03057,168.41887283325195
test_03058,191.82588577270508
test_03059,282.8468551635742
test_03060,269.00732421875
test_03061,8.966493606567383
test_03062,73.47208595275879
test_03063,153.5512466430664
test_03064,6.067815780639648
test_03065,72.61699867248535
test_03066,82.8138656616211
test_03067,18.56721782684326
test_03068,20.90617275238037
test_03069,15.623373031616211
test_03070,17.408944129943848
test_03071,100.13747787475587
test_03072,9.364221572875977
test_03073,181.95172882080078
test_03074,133.13872909545898
test_03075,85.10810470581055
test_03076,42.28107166290283
test_03077,118.75056076049803
test_03078,8.874757766723633
test_03079,5.4019775390625
test_03080,11.160440444946289
test_03081,14.010387420654297
test_03082,97.84936523437501
test_03083,8.690982818603516
test_03084,96.14940071105957
test_03085,291.53147888183594
test_03086,268.3800506591797
test_03087,65.78712463378906
test_03088,41.16801929473878
test_03089,48.54574775695801
test_03090,120.95823287963867
test_03091,55.964136123657234
test_03092,9.287918090820312
test_03093,34.34758472442627
test_03094,34.083706855773926
test_03095,15.702278137207031
test_03096,53.24012756347656
test_03097,10.035533905029297
test_03098,10.635723114013672
test_03099,121.4221725463867
test_03100,66.76596260070801
test_03101,8.39255142211914
test_03102,9.23397445678711
test_03103,106.15122413635254
test_03104,132.18821334838867
test_03105,114.36705589294434
test_03106,36.75071430206299
test_03107,20.296205520629883
test_03108,79.0212345123291
test_03109,81.99668884277344
test_03110,45.07868671417236
test_03111,76.32430267333984
test_03112,65.18837356567383
test_03113,37.20492172241211
test_03114,104.03596115112305
test_03115,16.840503692626953
test_03116,30.87410449981689
test_03117,65.3664379119873
test_03118,89.8919849395752
test_03119,11.514688491821289
test_03120,43.580132484436035
test_03121,48.29186725616455
test_03122,65.67486190795898
test_03123,65.0440034866333
test_03124,97.13490295410155
test_03125,57.60057735443115
test_03126,160.9771728515625
test_03127,26.937950134277344
test_03128,11.164030075073242
test_03129,11.375747680664062
test_03130,46.26131248474121
test_03131,21.07341003417969
test_03132,22.055680274963375
test_03133,58.89763641357422
test_03134,19.92118740081787
test_03135,41.42850494384766
test_03136,105.67679786682127
test_03137,26.131436347961426
test_03138,37.464000701904304
test_03139,51.23310089111328
test_03140,40.507713317871094
test_03141,44.67413616180419
test_03142,42.242966651916504
test_03143,74.92314720153809
test_03144,107.59932327270508
test_03145,77.72438430786133
test_03146,74.48752784729004
test_03147,78.4614315032959
test_03148,46.37747764587403
test_03149,13.244640350341797
test_03150,24.685441017150882
test_03151,80.06289863586426
test_03152,37.57029438018799
test_03153,15.8277006149292
test_03154,97.63600349426268
test_03155,38.61472988128662
test_03156,31.513293266296387
test_03157,47.55804157257081
test_03158,88.57361030578613
test_03159,66.06008529663086
test_03160,84.40298271179199
test_03161,120.33512496948242
test_03162,87.197509765625
test_03163,197.28642654418942
test_03164,33.15162372589111
test_03165,5.444921493530273
test_03166,75.45568466186523
test_03167,81.2956771850586
test_03168,50.2945499420166
test_03169,14.815319061279297
test_03170,28.146703720092773
test_03171,41.186819076538086
test_03172,45.43308067321777
test_03173,103.94919013977051
test_03174,101.13144302368165
test_03175,172.59000396728516
test_03176,64.87932205200195
test_03177,150.32527542114258
test_03178,8.521167755126953
test_03179,29.280698776245117
test_03180,59.02831554412842
test_03181,102.98905944824219
test_03182,106.32683944702148
test_03183,67.54023170471191
test_03184,27.72249317169189
test_03185,37.16758155822754
test_03186,100.94819450378417
test_03187,56.50018787384034
test_03188,85.6921329498291
test_03189,73.9516716003418
test_03190,71.95613098144531
test_03191,66.30259895324707
test_03192,114.93086624145508
test_03193,89.93567085266113
test_03194,58.23957061767578
test_03195,31.36036205291748
test_03196,39.953551292419434
test_03197,29.58002281188965
test_03198,34.72524642944336
test_03199,97.11231422424315
test_03200,99.28264808654785
test_03201,100.9168128967285
test_03202,11.428762435913084
test_03203,33.14371204376221
test_03204,60.73951530456544
test_03205,164.73301315307617
test_03206,124.21588897705078
test_03207,25.942649841308597
test_03208,46.913071632385254
test_03209,5.67609977722168
test_03210,93.87665939331055
test_03211,123.13548278808594
test_03212,46.135748863220215
test_03213,62.279634475708015
test_03214,151.52548599243164
test_03215,89.53153419494629
test_03216,91.22989463806154
test_03217,82.86652565002441
test_03218,129.14939880371094
test_03219,20.84071445465088
test_03220,54.898235321044915
test_03221,67.27317428588867
test_03222,69.92280006408691
test_03223,50.194522857666016
test_03224,31.186963081359863
test_03225,21.221901893615723
test_03226,12.36672592163086
test_03227,31.588239669799805
test_03228,95.50136375427246
test_03229,56.8671579360962
test_03230,36.111894607543945
test_03231,67.40896224975586
test_03232,73.24764251708984
test_03233,31.885556221008304
test_03234,87.91737365722656
test_03235,113.33122253417969
test_03236,6.716264724731445
test_03237,28.707300186157227
test_03238,6.826007843017578
test_03239,24.42588520050049
test_03240,45.21580123901368
test_03241,30.864946365356445
test_03242,7.571907043457031
test_03243,17.405600547790527
test_03244,16.793978691101074
test_03245,122.55504417419435
test_03246,35.71790599822998
test_03247,19.017486572265625
test_03248,42.10583019256592
test_03249,8.38443374633789
test_03250,8.636930465698242
test_03251,13.138545989990234
test_03252,32.675411224365234
test_03253,33.4531946182251
test_03254,56.093748092651374
test_03255,76.31888771057129
test_03256,143.70360946655273
test_03257,33.84611511230469
test_03258,31.953715324401855
test_03259,14.047800064086916
test_03260,16.513185501098633
test_03261,49.98971939086914
test_03262,84.85273742675781
test_03263,89.76154518127441
test_03264,41.24260997772217
test_03265,192.78369140625
test_03266,34.80109786987305
test_03267,13.668779373168945
test_03268,8.133333206176758
test_03269,49.99117851257324
test_03270,85.19562911987305
test_03271,215.1318511962891
test_03272,199.07449722290042
test_03273,98.09511184692383
test_03274,45.13352584838867
test_03275,55.85996055603027
test_03276,50.45203876495361
test_03277,46.14603805541993
test_03278,17.682098388671875
test_03279,45.64487934112549
test_03280,127.51970672607422
test_03281,57.22207069396973
test_03282,122.32117843627931
test_03283,212.14776611328125
test_03284,137.05745315551758
test_03285,117.7008113861084
test_03286,101.57939720153809
test_03287,47.47210884094238
test_03288,160.15382385253906
test_03289,33.21381092071533
test_03290,42.12690734863281
test_03291,6.692523956298828
test_03292,19.922603607177738
test_03293,57.043288230895996
test_03294,125.57762145996094
test_03295,8.382295608520508
test_03296,66.65148544311523
test_03297,7.3018035888671875
test_03298,24.046298980712894
test_03299,15.226899147033691
test_03300,11.147392272949219
test_03301,69.46649742126465
test_03302,133.4164276123047
test_03303,259.3352966308594
test_03304,214.46105957031244
test_03305,118.42953109741211
test_03306,105.77605628967285
test_03307,10.089336395263672
test_03308,84.10372924804688
test_03309,187.79044342041016
test_03310,106.39700698852538
test_03311,60.0039176940918
test_03312,54.86884593963623
test_03313,28.60066509246826
test_03314,15.71553611755371
test_03315,79.39604187011719
test_03316,66.9698429107666
test_03317,200.80445098876953
test_03318,27.788472175598145
test_03319,65.13527297973633
test_03320,9.145105361938477
test_03321,8.69174385070801
test_03322,31.844155311584473
test_03323,92.20032882690428
test_03324,201.5980796813965
test_03325,277.8039245605468
test_03326,18.86116409301758
test_03327,108.1473159790039
test_03328,140.05712509155273
test_03329,8.081649780273438
test_03330,108.81061935424805
test_03331,243.4491119384765
test_03332,414.98988342285156
test_03333,81.07688903808594
test_03334,35.54512691497803
test_03335,126.6391544342041
test_03336,228.7551651000976
test_03337,9.002094268798828
test_03338,30.87809181213379
test_03339,164.4536895751953
test_03340,230.06084442138672
test_03341,9.885122299194338
test_03342,13.943737030029297
test_03343,7.34698486328125
test_03344,204.776252746582
test_03345,274.5741882324219
test_03346,208.5635833740234
test_03347,212.5732421875
test_03348,352.0714340209961
test_03349,389.0095901489258
test_03350,14.278135299682617
test_03351,75.90424919128418
test_03352,125.1117935180664
test_03353,173.22826385498047
test_03354,13.76093864440918
test_03355,145.42487335205078
test_03356,13.017654418945312
test_03357,311.9904479980469
test_03358,294.3872604370117
test_03359,346.69386291503906
test_03360,102.1701889038086
test_03361,345.6313934326172
test_03362,474.10589599609375
test_03363,246.545166015625
test_03364,145.44356536865234
test_03365,220.55315399169922
test_03366,23.583287239074707
test_03367,12.557992935180664
test_03368,5.855400085449219
test_03369,69.2525749206543
test_03370,82.4714584350586
test_03371,13.263044357299805
test_03372,24.526762008666992
test_03373,66.31811141967773
test_03374,36.505825996398926
test_03375,154.79474258422852
test_03376,57.23948860168457
test_03377,6.638294219970702
test_03378,62.08281898498535
test_03379,6.070655822753906
test_03380,20.226614952087402
test_03381,95.3960018157959
test_03382,171.76734161376953
test_03383,306.6271743774414
test_03384,6.460908889770508
test_03385,320.3780746459961
test_03386,10.175518035888672
test_03387,9.754081726074219
test_03388,96.55432891845703
test_03389,5.323991775512695
test_03390,51.12855625152588
test_03391,104.45977973937988
test_03392,326.30184173583984
test_03393,8.44089126586914
test_03394,19.461718559265137
test_03395,46.38022422790528
test_03396,14.202253341674805
test_03397,10.472208023071287
test_03398,11.18925666809082
test_03399,62.890357971191406
test_03400,120.39980697631835
test_03401,189.55853271484372
test_03402,203.17473983764646
test_03403,253.95382690429688
test_03404,6.8484344482421875
test_03405,83.12793922424316
test_03406,130.1317253112793
test_03407,6.40650749206543
test_03408,64.1290397644043
test_03409,81.01470947265625
test_03410,17.59591007232666
test_03411,36.8153190612793
test_03412,19.217129707336422
test_03413,20.00635051727295
test_03414,104.75136375427246
test_03415,8.229053497314453
test_03416,189.90267944335938
test_03417,206.9189910888672
test_03418,350.6706237792969
test_03419,84.31995391845703
test_03420,57.6436824798584
test_03421,106.5121536254883
test_03422,6.317220687866211
test_03423,6.688289642333985
test_03424,7.3545989990234375
test_03425,15.169130325317383
test_03426,103.99459457397461
test_03427,9.229963302612305
test_03428,95.49069404602051
test_03429,250.23154449462893
test_03430,338.53446197509766
test_03431,80.03981590270996
test_03432,52.09765911102295
test_03433,51.27537727355957
test_03434,113.23943710327148
test_03435,56.031394958496094
test_03436,15.205156326293945
test_03437,23.817701339721683
test_03438,45.533162117004395
test_03439,14.547395706176756
test_03440,54.47105598449707
test_03441,8.800642013549805
test_03442,39.946391105651855
test_03443,92.56829833984375
test_03444,61.45530033111572
test_03445,6.95875358581543
test_03446,22.101808547973636
test_03447,54.422911643981934
test_03448,104.86931800842285
test_03449,90.22284507751465
test_03450,21.73173427581787
test_03451,10.468338012695312
test_03452,41.48642826080322
test_03453,55.570556640625
test_03454,34.772942543029785
test_03455,80.58554649353027
test_03456,52.94963836669922
test_03457,28.043449401855465
test_03458,81.74176597595215
test_03459,13.14408302307129
test_03460,17.017606735229492
test_03461,41.5506010055542
test_03462,78.81171226501465
test_03463,61.620046615600586
test_03464,32.97730350494385
test_03465,10.036228179931639
test_03466,33.8408088684082
test_03467,55.17749023437501
test_03468,69.0422134399414
test_03469,82.90361022949219
test_03470,66.3151912689209
test_03471,51.04817771911622
test_03472,159.77175903320312
test_03473,187.43783950805667
test_03474,29.16831874847412
test_03475,9.734367370605467
test_03476,27.077149391174316
test_03477,49.404537200927734
test_03478,17.406612396240234
test_03479,30.06910037994385
test_03480,54.02515697479249
test_03481,20.62488555908203
test_03482,40.29417610168457
test_03483,173.48729705810547
test_03484,21.14615535736084
test_03485,29.928495407104492
test_03486,52.51950168609619
test_03487,57.75836753845215
test_03488,33.356849670410156
test_03489,46.22890186309815
test_03490,85.05570220947266
test_03491,86.3773422241211
test_03492,72.06660652160645
test_03493,48.6759729385376
test_03494,93.06325721740723
test_03495,55.603668212890625
test_03496,9.43342399597168
test_03497,16.448086738586426
test_03498,51.45800971984863
test_03499,38.99438190460205
test_03500,9.591361999511717
test_03501,88.0773754119873
test_03502,29.975870132446286
test_03503,42.7447624206543
test_03504,40.49981880187988
test_03505,60.91953659057617
test_03506,63.35811233520508
test_03507,75.04888916015625
test_03508,115.8070297241211
test_03509,80.86405181884766
test_03510,170.6805877685547
test_03511,54.46504783630371
test_03512,10.617805480957031
test_03513,41.224020957946784
test_03514,51.17078399658203
test_03515,63.27202796936036
test_03516,15.275598526000977
test_03517,31.730091094970703
test_03518,25.53153705596924
test_03519,29.195215225219727
test_03520,86.45028305053711
test_03521,144.58708953857422
test_03522,62.55893516540527
test_03523,42.994141578674316
test_03524,8.14128303527832
test_03525,13.954544067382812
test_03526,28.137874603271484
test_03527,76.18610572814941
test_03528,96.63010025024414
test_03529,119.52507019042969
test_03530,39.13236713409424
test_03531,21.603137016296387
test_03532,29.733208656311035
test_03533,121.42758750915527
test_03534,46.876382827758796
test_03535,83.13340759277344
test_03536,73.97230339050293
test_03537,60.199161529541016
test_03538,52.82082176208496
test_03539,109.35264587402344
test_03540,89.28976249694824
test_03541,65.64172744750977
test_03542,25.074003219604492
test_03543,43.90677833557129
test_03544,37.210283279418945
test_03545,44.92348384857178
test_03546,76.75406646728516
test_03547,143.75390243530273
test_03548,55.52713680267335
test_03549,11.493486404418947
test_03550,30.80040454864502
test_03551,60.72603702545166
test_03552,163.20595932006836
test_03553,178.8924560546875
test_03554,36.518226623535156
test_03555,36.87216663360596
test_03556,6.160758972167969
test_03557,90.65536880493164
test_03558,121.66533279418945
test_03559,49.66513442993164
test_03560,59.2490520477295
test_03561,93.3082790374756
test_03562,39.33781719207764
test_03563,48.07387924194336
test_03564,62.76585006713867
test_03565,100.03707885742188
test_03566,16.942153930664062
test_03567,47.80330085754395
test_03568,54.382637023925774
test_03569,84.62016487121582
test_03570,106.95371055603029
test_03571,57.785587310791016
test_03572,23.02294635772705
test_03573,15.010412216186523
test_03574,10.99165153503418
test_03575,23.0073299407959
test_03576,69.3753833770752
test_03577,62.96152114868164
test_03578,16.020984649658203
test_03579,62.175386428833
test_03580,62.44606971740723
test_03581,37.11081600189209
test_03582,112.28232192993164
test_03583,82.82182884216309
test_03584,3.362642288208008
test_03585,19.276175498962402
test_03586,8.18553352355957
test_03587,20.39330768585205
test_03588,28.222637176513672
test_03589,17.897587776184082
test_03590,6.862545013427734
test_03591,21.64408779144287
test_03592,15.402381896972656
test_03593,140.73229217529297
test_03594,14.87307357788086
test_03595,57.1707649230957
test_03596,5.063333511352539
test_03597,10.072757720947266
test_03598,12.051004409790039
test_03599,34.54128456115723
test_03600,38.037861824035645
test_03601,77.18990898132324
test_03602,46.77260398864746
test_03603,147.20343780517578
test_03604,70.35925674438477
test_03605,25.917512893676758
test_03606,10.175743103027344
test_03607,23.313427925109863
test_03608,33.395912170410156
test_03609,95.35485458374023
test_03610,60.3225326538086
test_03611,29.419775009155273
test_03612,183.37757110595703
test_03613,26.66015911102295
test_03614,6.398015975952148
test_03615,9.264087677001953
test_03616,25.542675971984863
test_03617,101.65159416198729
test_03618,197.73118591308594
test_03619,156.92226791381836
test_03620,100.9641513824463
test_03621,31.205182075500492
test_03622,53.81953048706055
test_03623,61.907569885253906
test_03624,48.57762622833252
test_03625,24.158261299133304
test_03626,42.17701721191406
test_03627,131.6224822998047
test_03628,55.847474098205566
test_03629,102.61590957641602
test_03630,172.1913833618164
test_03631,244.747802734375
test_03632,140.97868728637695
test_03633,103.34807777404785
test_03634,83.65474128723145
test_03635,169.4764633178711
test_03636,80.54925918579102
test_03637,40.903024673461914
test_03638,11.008888244628904
test_03639,19.234683990478516
test_03640,42.187832832336426
test_03641,93.32839393615723
test_03642,10.896133422851562
test_03643,49.2789306640625
test_03644,5.448368072509766
test_03645,26.012271881103516
test_03646,10.817129135131834
test_03647,9.148906707763672
test_03648,76.51119995117188
test_03649,138.34467315673828
test_03650,265.48412322998047
test_03651,255.09981536865234
test_03652,111.79714393615724
test_03653,112.52202224731444
test_03654,12.515544891357422
test_03655,82.03425216674805
test_03656,204.33843994140625
test_03657,51.91096782684326
test_03658,64.9555435180664
test_03659,42.46247959136963
test_03660,10.558813095092773
test_03661,19.821172714233395
test_03662,82.6781063079834
test_03663,57.48137092590331
test_03664,164.64966583251953
test_03665,27.270355224609375
test_03666,65.15807342529297
test_03667,7.760101318359377
test_03668,8.005073547363281
test_03669,12.04362106323242
test_03670,76.41267967224121
test_03671,189.34943008422854
test_03672,318.98165130615234
test_03673,21.27140235900879
test_03674,97.83391189575197
test_03675,149.56500244140625
test_03676,6.810949325561523
test_03677,120.3216381072998
test_03678,118.38673210144043
test_03679,369.4144744873047
test_03680,75.28605651855469
test_03681,44.88505172729492
test_03682,100.64218902587892
test_03683,180.3202362060547
test_03684,6.709100723266602
test_03685,46.545687675476074
test_03686,94.3999195098877
test_03687,226.1568145751953
test_03688,8.397418975830078
test_03689,15.876958847045898
test_03690,6.523138046264648
test_03691,65.91825294494629
test_03692,222.03785705566406
test_03693,230.06680297851557
test_03694,170.6074676513672
test_03695,269.79815673828125
test_03696,353.3256301879883
test_03697,12.363731384277346
test_03698,86.20636940002441
test_03699,163.93494415283203
test_03700,169.95806121826172
test_03701,8.958635330200195
test_03702,151.83042526245117
test_03703,18.31023406982422
test_03704,159.62102890014648
test_03705,413.83499908447266
test_03706,80.9672794342041
test_03707,195.45947647094727
test_03708,421.8031234741211
test_03709,254.1924591064453
test_03710,218.35821151733396
test_03711,161.09425354003906
test_03712,20.21372127532959
test_03713,13.275499343872072
test_03714,7.961450576782225
test_03715,35.32200241088867
test_03716,95.02521705627441
test_03717,13.966222763061523
test_03718,25.806093215942383
test_03719,88.11054992675781
test_03720,119.74334716796875
test_03721,169.4547882080078
test_03722,55.15755653381348
test_03723,8.250137329101562
test_03724,87.26126480102539
test_03725,15.141490936279297
test_03726,22.427482604980465
test_03727,64.3999080657959
test_03728,151.41485977172852
test_03729,211.31235122680664
test_03730,6.869392395019531
test_03731,590.8807525634766
test_03732,10.690811157226562
test_03733,12.3247013092041
test_03734,101.21214294433594
test_03735,5.634361267089844
test_03736,55.8981876373291
test_03737,94.61926078796387
test_03738,253.29676055908203
test_03739,6.6564788818359375
test_03740,8.397195816040039
test_03741,82.00602912902832
test_03742,11.601028442382812
test_03743,7.886066436767578
test_03744,8.275169372558596
test_03745,148.40849685668945
test_03746,154.91934967041016
test_03747,142.41568756103516
test_03748,172.66564178466797
test_03749,274.4302291870117
test_03750,5.180690765380859
test_03751,78.75104141235352
test_03752,133.93951034545898
test_03753,5.165826797485352
test_03754,72.67883491516113
test_03755,86.60029983520508
test_03756,13.164499282836914
test_03757,43.34321403503418
test_03758,13.72418212890625
test_03759,29.03722095489502
test_03760,62.8184757232666
test_03761,5.128734588623047
test_03762,220.2579727172851
test_03763,145.39788818359375
test_03764,386.7715072631836
test_03765,93.99046707153319
test_03766,61.9671630859375
test_03767,128.41790008544922
test_03768,10.804306030273438
test_03769,9.341089248657227
test_03770,8.072568893432617
test_03771,14.289218902587889
test_03772,102.1063117980957
test_03773,11.710449218750002
test_03774,92.382080078125
test_03775,287.3695602416992
test_03776,67.81570625305176
test_03777,49.03347873687744
test_03778,52.9929838180542
test_03779,119.49981307983397
test_03780,57.294229507446296
test_03781,11.160970687866211
test_03782,47.26349639892578
test_03783,45.346211433410645
test_03784,12.72661018371582
test_03785,57.18848133087158
test_03786,9.35426330566406
test_03787,10.033376693725586
test_03788,114.92097473144533
test_03789,61.27039432525635
test_03790,6.658687591552734
test_03791,60.671857833862305
test_03792,108.36279106140135
test_03793,109.08171653747559
test_03794,24.205823898315433
test_03795,14.331750869750978
test_03796,47.43197059631348
test_03797,68.94570922851562
test_03798,30.57457542419434
test_03799,86.67980194091797
test_03800,61.53110122680665
test_03801,85.06033134460449
test_03802,12.49806022644043
test_03803,15.8527250289917
test_03804,30.62465190887451
test_03805,67.29660987854004
test_03806,96.28437232971191
test_03807,39.63286209106445
test_03808,24.41534996032715
test_03809,52.50875663757324
test_03810,62.13625717163086
test_03811,63.662757873535156
test_03812,76.72327041625977
test_03813,110.77434539794923
test_03814,52.474897384643555
test_03815,160.57584381103516
test_03816,199.28044891357422
test_03817,24.803613662719727
test_03818,10.370515823364258
test_03819,27.26675319671631
test_03820,47.6544132232666
test_03821,11.896568298339844
test_03822,36.25177192687988
test_03823,83.69951248168945
test_03824,27.61945629119873
test_03825,41.45802974700927
test_03826,143.6822624206543
test_03827,14.175483703613281
test_03828,34.72866344451904
test_03829,57.54977798461914
test_03830,86.54698753356934
test_03831,42.988492012023926
test_03832,46.93027400970458
test_03833,79.26264572143555
test_03834,101.39043235778809
test_03835,78.29918098449707
test_03836,65.33498573303223
test_03837,87.27262687683105
test_03838,60.446999549865716
test_03839,13.367193222045898
test_03840,15.108129501342773
test_03841,73.85575485229492
test_03842,41.02804660797119
test_03843,15.34091567993164
test_03844,88.12751388549805
test_03845,27.32046413421631
test_03846,32.46977519989014
test_03847,35.0707483291626
test_03848,72.33163261413574
test_03849,69.1301441192627
test_03850,84.62597846984863
test_03851,109.82725334167479
test_03852,94.67830657958984
test_03853,207.40235900878903
test_03854,41.05053520202637
test_03855,22.884512901306152
test_03856,60.663787841796875
test_03857,60.94706153869628
test_03858,69.26122665405273
test_03859,14.005157470703125
test_03860,30.058837890625
test_03861,21.084640502929688
test_03862,30.94616317749023
test_03863,100.43863868713379
test_03864,111.64411544799805
test_03865,68.93863868713379
test_03866,126.01010131835938
test_03867,8.260404586791992
test_03868,16.28049945831299
test_03869,61.0380802154541
test_03870,101.0794219970703
test_03871,118.79777908325195
test_03872,77.60086441040039
test_03873,29.371929168701172
test_03874,37.62991046905518
test_03875,107.47865295410156
test_03876,52.08635330200195
test_03877,85.1106948852539
test_03878,86.43032646179199
test_03879,65.39731216430664
test_03880,58.49233436584473
test_03881,118.75431442260742
test_03882,100.02303314208986
test_03883,65.13186264038086
test_03884,28.015216827392578
test_03885,37.61954212188721
test_03886,29.194504737854
test_03887,35.318490982055664
test_03888,99.58256340026855
test_03889,101.74978637695314
test_03890,85.62623596191406
test_03891,13.062224388122559
test_03892,30.499839782714844
test_03893,58.04475784301758
test_03894,152.69093322753906
test_03895,142.6851043701172
test_03896,30.238100051879883
test_03897,50.70048236846924
test_03898,6.973140716552734
test_03899,115.3510284423828
test_03900,120.87445449829103
test_03901,33.404337882995605
test_03902,67.43934440612793
test_03903,182.15477752685547
test_03904,96.3872776031494
test_03905,88.65413093566895
test_03906,85.58772468566895
test_03907,126.51392555236816
test_03908,24.08268928527832
test_03909,55.5105562210083
test_03910,37.32984161376953
test_03911,70.64228630065918
test_03912,81.77293395996094
test_03913,50.859697341918945
test_03914,30.687368392944336
test_03915,25.369563102722168
test_03916,11.997127532958984
test_03917,27.33345890045166
test_03918,102.82056427001953
test_03919,52.941715240478516
test_03920,40.712154388427734
test_03921,75.42781829833984
test_03922,71.5612564086914
test_03923,43.84667491912842
test_03924,82.58692169189453
test_03925,124.2906723022461
test_03926,5.6783084869384775
test_03927,30.931481361389157
test_03928,6.521635055541992
test_03929,26.117684364318848
test_03930,42.952388763427734
test_03931,20.927634239196777
test_03932,6.408149719238281
test_03933,14.280397415161131
test_03934,22.845393180847168
test_03935,131.93071365356445
test_03936,41.66807174682617
test_03937,16.449641227722168
test_03938,50.619072914123535
test_03939,10.228336334228516
test_03940,10.202510833740234
test_03941,16.2133731842041
test_03942,31.54968738555908
test_03943,41.555352210998535
test_03944,84.52177238464355
test_03945,72.36859893798828
test_03946,164.61102294921875
test_03947,32.682376861572266
test_03948,32.74679946899414
test_03949,14.268152236938477
test_03950,32.83547878265381
test_03951,52.7999906539917
test_03952,93.16421699523927
test_03953,75.14045143127441
test_03954,169.69677734375
test_03955,28.73452091217041
test_03956,11.429224014282225
test_03957,7.879716873168945
test_03958,44.89068412780762
test_03959,82.9503059387207
test_03960,196.89896392822266
test_03961,181.63236618041987
test_03962,95.95310020446777
test_03963,39.69841480255127
test_03964,54.95496463775635
test_03965,43.73609733581543
test_03966,44.55848693847656
test_03967,18.43265151977539
test_03968,51.12398719787597
test_03969,149.7070541381836
test_03970,49.92711162567139
test_03971,115.84155845642088
test_03972,242.45649719238278
test_03973,112.44145393371582
test_03974,130.73012924194336
test_03975,103.5940704345703
test_03976,60.80806541442872
test_03977,225.16184234619143
test_03978,32.402926445007324
test_03979,40.842193603515625
test_03980,10.43705940246582
test_03981,21.831586837768555
test_03982,70.58011817932129
test_03983,111.36827087402342
test_03984,11.54433822631836
test_03985,57.41105842590332
test_03986,5.111677169799805
test_03987,23.58996868133545
test_03988,12.74312973022461
test_03989,8.23145866394043
test_03990,74.21834373474121
test_03991,158.34295654296875
test_03992,265.1397399902344
test_03993,227.8824005126953
test_03994,119.24589538574219
test_03995,139.01897811889648
test_03996,13.508020401000977
test_03997,98.93104362487794
test_03998,180.11890411376953
test_03999,141.11175155639648
test_04000,56.18117332458496
test_04001,52.246466636657715
test_04002,11.799278259277344
test_04003,16.770052909851074
test_04004,65.82487297058105
test_04005,56.42830657958984
test_04006,187.90903854370114
test_04007,24.787813186645508
test_04008,64.95097923278809
test_04009,9.573280334472658
test_04010,10.545421600341797
test_04011,35.763278007507324
test_04012,87.98019599914551
test_04013,212.47789764404297
test_04014,322.74137115478516
test_04015,13.507095336914062
test_04016,128.3070774078369
test_04017,139.11615753173828
test_04018,9.37753677368164
test_04019,143.97122955322266
test_04020,279.6708221435547
test_04021,474.7620086669922
test_04022,107.23186492919922
test_04023,40.066622734069824
test_04024,135.33004760742188
test_04025,235.77861785888675
test_04026,9.98585891723633
test_04027,17.371838569641113
test_04028,193.21677017211914
test_04029,231.24014282226562
test_04030,8.717020034790039
test_04031,14.592363357543945
test_04032,8.335128784179688
test_04033,252.93087005615234
test_04034,266.1523513793945
test_04035,254.50873565673825
test_04036,241.57614898681635
test_04037,399.16043853759766
test_04038,439.8705062866211
test_04039,12.713111877441408
test_04040,89.70744323730469
test_04041,131.1851692199707
test_04042,164.40736389160156
test_04043,7.143720626831055
test_04044,168.87206649780273
test_04045,9.792407989501953
test_04046,391.52095794677734
test_04047,349.57330322265625
test_04048,365.28148651123047
test_04049,72.93190574645996
test_04050,327.4668731689453
test_04051,438.1917419433594
test_04052,260.9396209716797
test_04053,216.84705352783203
test_04054,175.84743881225586
test_04055,19.06423854827881
test_04056,15.098520278930666
test_04057,11.495080947875975
test_04058,74.38093948364258
test_04059,88.16868019104004
test_04060,12.815622329711914
test_04061,26.943825721740726
test_04062,80.84406089782715
test_04063,128.86338806152344
test_04064,168.96593856811523
test_04065,56.214341163635254
test_04066,9.005664825439453
test_04067,73.60016822814941
test_04068,8.330825805664062
test_04069,21.36894130706787
test_04070,102.29982185363771
test_04071,188.7984771728516
test_04072,359.6117630004883
test_04073,6.514802932739258
test_04074,538.6885070800781
test_04075,11.235706329345703
test_04076,8.330030441284178
test_04077,122.85348129272461
test_04078,8.432662963867188
test_04079,53.57492446899414
test_04080,96.36870956420897
test_04081,405.30035400390625
test_04082,8.054656982421875
test_04083,13.591302871704102
test_04084,39.55648899078369
test_04085,11.41361999511719
test_04086,8.684532165527344
test_04087,10.914806365966797
test_04088,123.71221542358398
test_04089,153.68010711669922
test_04090,191.77473068237302
test_04091,236.51859283447266
test_04092,271.5065002441406
test_04093,6.2430877685546875
test_04094,102.70642280578613
test_04095,145.34456634521484
test_04096,7.738925933837891
test_04097,83.84037780761719
test_04098,94.9095916748047
test_04099,13.940328598022461
test_04100,28.261283874511715
test_04101,6.881433486938477
test_04102,26.807104110717773
test_04103,6.73626708984375
