id,PM2.5
test_00001,180.99567413330078
test_00002,156.206005859375
test_00003,420.84610290527337
test_00004,71.23775939941406
test_00005,46.45188407897949
test_00006,118.41718978881835
test_00007,10.062123870849609
test_00008,7.725260162353515
test_00009,44.11228485107422
test_00010,118.39047927856446
test_00011,11.800620269775388
test_00012,114.5097671508789
test_00013,270.07506408691404
test_00014,327.41741943359375
test_00015,71.56531219482422
test_00016,47.54183998107909
test_00017,44.37267532348633
test_00018,123.75070114135744
test_00019,54.21420173645019
test_00020,13.325965118408202
test_00021,24.45894775390625
test_00022,31.03596649169922
test_00023,10.89201889038086
test_00024,49.780656814575195
test_00025,11.558776092529296
test_00026,10.620866394042968
test_00027,105.63544158935548
test_00028,64.26463241577147
test_00029,8.856925201416015
test_00030,8.775955963134766
test_00031,55.90620307922363
test_00032,98.5185043334961
test_00033,99.26404266357423
test_00034,23.107176208496096
test_00035,12.518148803710938
test_00036,81.53406143188477
test_00037,95.76691970825195
test_00038,18.51480407714844
test_00039,31.734117889404295
test_00040,80.43717041015626
test_00041,10.564016723632811
test_00042,14.776973724365234
test_00043,27.145468902587886
test_00044,62.87804489135742
test_00045,69.27059173583984
test_00046,50.90666694641112
test_00047,20.919746017456053
test_00048,54.581226348876946
test_00049,55.97201423645019
test_00050,72.56640014648437
test_00051,93.6869499206543
test_00052,107.25400695800782
test_00053,56.27263336181641
test_00054,157.75715026855468
test_00055,184.19230651855466
test_00056,25.96234893798828
test_00057,10.854531097412108
test_00058,23.02177581787109
test_00059,53.02911415100098
test_00060,30.821149826049805
test_00061,27.38436622619629
test_00062,58.70053482055664
test_00063,23.868897628784175
test_00064,52.92974510192871
test_00065,142.3581085205078
test_00066,22.39544219970703
test_00067,32.47996025085449
test_00068,60.396078872680654
test_00069,54.93269500732421
test_00070,39.06535186767578
test_00071,45.125859832763666
test_00072,78.1403709411621
test_00073,125.08533782958983
test_00074,85.23716278076172
test_00075,58.12165184020995
test_00076,75.30802688598632
test_00077,48.96126708984376
test_00078,10.690626525878905
test_00079,17.89201965332031
test_00080,52.481070327758786
test_00081,36.42459945678711
test_00082,11.962136077880858
test_00083,85.48526611328124
test_00084,33.54297752380371
test_00085,33.91578712463378
test_00086,41.26895446777343
test_00087,71.84593124389647
test_00088,71.31723632812499
test_00089,74.08122024536132
test_00090,124.5782081604004
test_00091,78.5367561340332
test_00092,202.42600097656248
test_00093,41.753222656249996
test_00094,7.192943572998046
test_00095,63.95092239379882
test_00096,33.14440727233887
test_00097,60.56187210083007
test_00098,13.49893569946289
test_00099,103.515811920166
test_00100,16.62562370300293
test_00101,14.697656249999998
test_00102,121.74222946166994
test_00103,84.58361358642577
test_00104,140.9586685180664
test_00105,54.073972320556635
test_00106,116.4386688232422
test_00107,8.664020538330076
test_00108,15.776359558105469
test_00109,29.73227233886719
test_00110,56.51242599487304
test_00111,96.49529495239258
test_00112,116.5814712524414
test_00113,59.16572608947753
test_00114,24.36649703979492
test_00115,35.93856620788574
test_00116,111.55917053222656
test_00117,53.472815704345706
test_00118,79.58686447143555
test_00119,79.47968292236328
test_00120,78.18633651733398
test_00121,60.87755508422851
test_00122,104.08971786499023
test_00123,77.92416076660156
test_00124,50.80815887451171
test_00125,23.29983024597168
test_00126,63.64603767395019
test_00127,33.991154479980466
test_00128,35.738172912597655
test_00129,82.9368766784668
test_00130,110.95574264526367
test_00131,71.29876861572265
test_00132,14.101298904418945
test_00133,24.596015167236327
test_00134,64.98462219238282
test_00135,142.57381591796874
test_00136,119.30406188964842
test_00137,46.78100776672363
test_00138,8.51757125854492
test_00139,120.98634796142576
test_00140,101.71842651367187
test_00141,43.08177795410156
test_00142,78.00941009521483
test_00143,86.34754638671875
test_00144,51.49096565246582
test_00145,87.3760269165039
test_00146,80.1170783996582
test_00147,112.33295440673828
test_00148,13.220896911621093
test_00149,38.569343948364256
test_00150,46.22277717590332
test_00151,61.86301269531249
test_00152,88.60415496826171
test_00153,46.784027862548825
test_00154,34.47907333374023
test_00155,13.75370101928711
test_00156,8.75104751586914
test_00157,23.08864860534668
test_00158,75.34982757568359
test_00159,61.86334381103515
test_00160,23.17527160644531
test_00161,56.216359710693354
test_00162,65.50873031616212
test_00163,30.449858093261717
test_00164,76.49782333374023
test_00165,105.41135406494139
test_00166,6.825689697265625
test_00167,17.671105575561523
test_00168,8.383897399902343
test_00169,17.130644226074217
test_00170,22.507375717163086
test_00171,19.350388717651366
test_00172,4.767650604248047
test_00173,12.499188995361328
test_00174,12.085128021240232
test_00175,140.85529022216798
test_00176,34.99786033630371
test_00177,10.695988464355466
test_00178,9.712877655029297
test_00179,9.621114349365234
test_00180,11.355657958984374
test_00181,27.310335540771483
test_00182,38.7093879699707
test_00183,66.79450378417968
test_00184,81.50419311523437
test_00185,156.28311157226562
test_00186,33.93093719482422
test_00187,27.517982101440428
test_00188,11.338345336914061
test_00189,14.634738159179687
test_00190,38.50311965942383
test_00191,86.31325988769531
test_00192,108.92081604003906
test_00193,26.01180381774902
test_00194,172.66431732177733
test_00195,24.555611801147457
test_00196,8.643530273437499
test_00197,30.389691543579097
test_00198,81.00751113891602
test_00199,202.51522827148438
test_00200,161.74696655273436
test_00201,102.24230575561522
test_00202,37.578309249877925
test_00203,58.38589286804199
test_00204,50.59520072937011
test_00205,52.73804130554199
test_00206,20.787279510498045
test_00207,44.81426734924317
test_00208,136.29002838134764
test_00209,50.2174217224121
test_00210,118.2984504699707
test_00211,220.99230651855467
test_00212,268.02538146972654
test_00213,116.22953033447266
test_00214,97.84440536499022
test_00215,56.422584152221674
test_00216,178.60848388671874
test_00217,34.71952819824219
test_00218,34.82787322998047
test_00219,11.790308380126953
test_00220,22.492367935180663
test_00221,47.370727920532225
test_00222,117.5633644104004
test_00223,5.025988006591797
test_00224,65.42417602539062
test_00225,4.985128021240234
test_00226,22.371215438842775
test_00227,8.495291900634765
test_00228,8.521259307861328
test_00229,68.20914230346679
test_00230,111.72548751831054
test_00231,298.49549865722656
test_00232,232.57933349609368
test_00233,111.47427368164061
test_00234,108.6334114074707
test_00235,12.076155853271484
test_00236,94.27920150756835
test_00237,207.71024780273436
test_00238,23.334911346435547
test_00239,65.1689208984375
test_00240,53.91054000854491
test_00241,11.47385559082031
test_00242,24.071780776977537
test_00243,85.95638732910156
test_00244,62.93770141601563
test_00245,194.6073486328125
test_00246,28.099327087402344
test_00247,72.66970520019531
test_00248,8.209769439697265
test_00249,9.208362579345703
test_00250,10.969006347656249
test_00251,73.04120864868163
test_00252,187.7567642211914
test_00253,243.91031494140623
test_00254,17.591406631469724
test_00255,64.97444915771484
test_00256,145.37996673583984
test_00257,9.148590087890625
test_00258,127.37089538574219
test_00259,128.83964614868165
test_00260,506.44898986816406
test_00261,73.07726669311523
test_00262,26.00295791625976
test_00263,113.87390441894532
test_00264,186.0870559692383
test_00265,6.856488800048829
test_00266,15.852263641357421
test_00267,105.8784309387207
test_00268,231.457177734375
test_00269,9.596302795410157
test_00270,15.024530792236327
test_00271,9.488695526123045
test_00272,52.46555786132812
test_00273,265.4592987060547
test_00274,201.231184387207
test_00275,195.99791412353514
test_00276,408.1045227050781
test_00277,392.07505798339844
test_00278,15.393653106689452
test_00279,75.23823471069335
test_00280,162.9696105957031
test_00281,175.71725769042968
test_00282,11.333697509765624
test_00283,137.45299835205077
test_00284,12.489405059814453
test_00285,326.8590454101562
test_00286,280.9374603271484
test_00287,445.8723205566406
test_00288,85.821280670166
test_00289,295.23753356933594
test_00290,293.3866760253906
test_00291,253.40781249999998
test_00292,185.53206481933591
test_00293,106.22708663940429
test_00294,20.352206420898433
test_00295,15.158206176757812
test_00296,5.914461517333984
test_00297,38.777537155151364
test_00298,75.01925277709961
test_00299,12.892296600341796
test_00300,26.714574813842773
test_00301,80.13450241088867
test_00302,122.38722229003906
test_00303,162.4971923828125
test_00304,62.50116806030273
test_00305,10.833700561523436
test_00306,72.23633651733398
test_00307,10.529731750488281
test_00308,21.087512588500974
test_00309,74.50833587646484
test_00310,195.0480255126953
test_00311,244.44227294921876
test_00312,9.758434295654295
test_00313,617.8842712402343
test_00314,8.458623504638672
test_00315,8.502336120605468
test_00316,90.62439193725585
test_00317,7.708669281005859
test_00318,45.754204940795894
test_00319,79.4641860961914
test_00320,281.4736877441406
test_00321,9.427974700927734
test_00322,9.522450256347655
test_00323,79.39930725097656
test_00324,9.878855133056641
test_00325,7.420875549316405
test_00326,10.735187530517578
test_00327,102.86714324951171
test_00328,136.0197784423828
test_00329,163.76534423828124
test_00330,266.2175109863281
test_00331,306.1250091552734
test_00332,6.994834899902343
test_00333,75.31469345092773
test_00334,156.51102752685546
test_00335,6.555899047851561
test_00336,69.10992965698242
test_00337,89.91498641967773
test_00338,16.219318389892578
test_00339,27.46845970153808
test_00340,12.05286636352539
test_00341,22.479475784301755
test_00342,8.261097717285155
test_00343,114.4568145751953
test_00344,191.20799560546874
test_00345,249.8783447265625
test_00346,47.17603912353515
test_00347,24.616881179809567
test_00348,85.0939353942871
test_00349,10.225820922851561
test_00350,11.493825531005859
test_00351,17.19167785644531
test_00352,16.816357040405272
test_00353,89.29318313598633
test_00354,15.559174346923825
test_00355,79.78372344970703
test_00356,219.75267639160154
test_00357,272.38697814941406
test_00358,60.609921264648435
test_00359,43.02183303833007
test_00360,26.040756988525388
test_00361,108.0516960144043
test_00362,59.15980186462402
test_00363,10.589859771728515
test_00364,9.691312408447265
test_00365,12.807376861572266
test_00366,10.169973754882813
test_00367,18.750264739990236
test_00368,6.803839874267577
test_00369,7.862519836425781
test_00370,56.59715347290039
test_00371,60.898485565185545
test_00372,7.553679656982421
test_00373,17.259304809570313
test_00374,35.866390228271484
test_00375,45.90948219299316
test_00376,83.56524581909179
test_00377,19.85556831359863
test_00378,13.842578887939451
test_00379,11.658620452880857
test_00380,53.93102111816406
test_00381,29.43607139587402
test_00382,101.66409149169921
test_00383,15.551015472412107
test_00384,34.98802909851074
test_00385,82.7536521911621
test_00386,10.167830657958984
test_00387,18.70706787109375
test_00388,28.734306716918944
test_00389,82.41181488037108
test_00390,69.6638168334961
test_00391,38.838453674316405
test_00392,12.947877502441406
test_00393,43.61868286132812
test_00394,87.36270599365234
test_00395,79.32324295043945
test_00396,72.16723251342773
test_00397,75.11625061035156
test_00398,52.04575424194336
test_00399,150.69925537109376
test_00400,39.662799453735346
test_00401,10.62953948974609
test_00402,12.599935913085938
test_00403,14.110667419433591
test_00404,17.65736961364746
test_00405,74.71917572021485
test_00406,21.9626220703125
test_00407,41.79618492126465
test_00408,184.1826965332031
test_00409,19.330244064331055
test_00410,30.332613372802733
test_00411,57.27745056152344
test_00412,12.865135192871094
test_00413,18.2796760559082
test_00414,44.913299560546875
test_00415,76.91122817993164
test_00416,102.32383193969724
test_00417,77.52977828979492
test_00418,42.992682647705074
test_00419,72.96369934082031
test_00420,23.219675827026364
test_00421,14.744400024414062
test_00422,17.9285831451416
test_00423,20.462199020385743
test_00424,87.55744857788086
test_00425,10.814535522460938
test_00426,68.50514221191406
test_00427,45.666893768310544
test_00428,57.03274765014648
test_00429,89.04464721679688
test_00430,99.98046569824217
test_00431,70.00503997802734
test_00432,72.68764190673828
test_00433,109.11274871826171
test_00434,69.39299392700195
test_00435,132.0274627685547
test_00436,45.377902603149415
test_00437,7.469453430175781
test_00438,43.32417335510254
test_00439,27.493133163452146
test_00440,32.250178527832034
test_00441,9.063484954833983
test_00442,18.426300048828125
test_00443,22.153680038452144
test_00444,23.412430572509763
test_00445,49.77737579345703
test_00446,137.19764862060546
test_00447,97.11335906982421
test_00448,65.06469650268554
test_00449,40.65053443908691
test_00450,13.819524383544922
test_00451,28.02940216064453
test_00452,68.14243545532226
test_00453,61.399042129516594
test_00454,117.8299591064453
test_00455,8.477436065673828
test_00456,18.929783248901366
test_00457,34.8886848449707
test_00458,96.7632339477539
test_00459,40.79498634338379
test_00460,84.34661026000975
test_00461,70.90018386840819
test_00462,55.70014572143555
test_00463,48.00312767028809
test_00464,83.09729995727538
test_00465,49.321793746948245
test_00466,40.328971481323244
test_00467,6.317708587646484
test_00468,37.8439640045166
test_00469,21.017453384399413
test_00470,28.279556655883788
test_00471,60.455387115478516
test_00472,107.03011627197264
test_00473,28.664862823486324
test_00474,7.125397491455077
test_00475,16.71001396179199
test_00476,91.55232162475585
test_00477,152.62723236083986
test_00478,67.35016555786133
test_00479,34.64396171569824
test_00480,24.240549087524414
test_00481,17.469424438476562
test_00482,59.84299888610839
test_00483,140.4053955078125
test_00484,32.68363609313965
test_00485,39.47328414916991
test_00486,61.67194442749023
test_00487,19.19279899597168
test_00488,37.72136039733886
test_00489,65.68087005615234
test_00490,91.41890335083008
test_00491,17.926129150390626
test_00492,34.750681686401364
test_00493,43.982096099853514
test_00494,91.66809539794922
test_00495,20.889267349243163
test_00496,24.50879402160644
test_00497,6.885416412353514
test_00498,19.492273330688477
test_00499,22.67922592163086
test_00500,59.606266021728516
test_00501,55.01425857543944
test_00502,14.709154510498045
test_00503,39.545192337036134
test_00504,44.38301544189453
test_00505,35.69475555419922
test_00506,59.80941467285156
test_00507,43.23835411071777
test_00508,5.239997863769531
test_00509,11.158655548095702
test_00510,8.030621337890626
test_00511,17.284127807617185
test_00512,17.03613929748535
test_00513,15.852420043945312
test_00514,9.508702850341797
test_00515,17.399029159545897
test_00516,15.177510452270505
test_00517,133.27621459960938
test_00518,34.07461242675781
test_00519,9.933223724365234
test_00520,52.18575973510742
test_00521,8.866825103759766
test_00522,10.984292602539062
test_00523,14.634126663208008
test_00524,19.88198699951172
test_00525,26.249291610717776
test_00526,114.05110397338868
test_00527,26.75042037963867
test_00528,46.43966369628906
test_00529,31.350127792358393
test_00530,24.246644973754883
test_00531,7.307588958740234
test_00532,12.971793365478515
test_00533,24.071220779418944
test_00534,78.69241485595703
test_00535,95.84685821533203
test_00536,13.687274169921874
test_00537,113.99563674926756
test_00538,20.13380317687988
test_00539,12.83710708618164
test_00540,10.704229736328124
test_00541,30.67757873535156
test_00542,109.54237365722656
test_00543,167.99540405273436
test_00544,156.6790557861328
test_00545,130.1244934082031
test_00546,44.72557029724121
test_00547,55.89735298156738
test_00548,63.357209777832026
test_00549,38.87403755187987
test_00550,19.502928161621092
test_00551,59.96706771850586
test_00552,99.53543167114258
test_00553,77.51427001953125
test_00554,113.77495040893552
test_00555,155.79916534423828
test_00556,241.89684143066407
test_00557,153.61845703125
test_00558,15.560850143432615
test_00559,93.16451263427734
test_00560,140.43111419677734
test_00561,109.10943069458008
test_00562,32.72466888427734
test_00563,10.784297943115234
test_00564,32.89838485717773
test_00565,53.56333618164062
test_00566,100.93436126708983
test_00567,18.101609039306638
test_00568,41.73021774291992
test_00569,7.017422485351562
test_00570,28.22024459838867
test_00571,8.913771057128907
test_00572,8.357099914550782
test_00573,65.31437377929689
test_00574,28.3683048248291
test_00575,272.11256408691406
test_00576,244.50231323242184
test_00577,170.32503967285157
test_00578,69.87993240356445
test_00579,19.58986625671387
test_00580,50.47233734130859
test_00581,217.6109008789062
test_00582,25.872664260864255
test_00583,48.519006347656244
test_00584,53.37452621459961
test_00585,54.17438240051269
test_00586,18.05907974243164
test_00587,92.54507446289062
test_00588,109.06646270751952
test_00589,185.2751495361328
test_00590,19.304760360717772
test_00591,57.991941070556635
test_00592,11.8237922668457
test_00593,11.3688720703125
test_00594,13.009119415283202
test_00595,61.79454803466797
test_00596,125.36727981567383
test_00597,213.97747497558595
test_00598,20.13481903076172
test_00599,69.6718536376953
test_00600,110.41001968383787
test_00601,20.361218643188476
test_00602,25.9794017791748
test_00603,82.58318557739258
test_00604,166.3359634399414
test_00605,147.2927276611328
test_00606,32.793841934204096
test_00607,105.74625930786132
test_00608,174.55838317871093
test_00609,14.154583740234374
test_00610,77.8950340270996
test_00611,66.75429382324218
test_00612,199.91164245605466
test_00613,52.591399383544925
test_00614,10.12530059814453
test_00615,14.205299377441406
test_00616,78.31814193725586
test_00617,163.61800231933591
test_00618,233.89130859374995
test_00619,206.84577636718745
test_00620,305.7653167724609
test_00621,406.1750732421875
test_00622,10.385070037841796
test_00623,57.23975677490234
test_00624,232.82957153320314
test_00625,226.19650573730468
test_00626,11.719079589843751
test_00627,81.91071090698242
test_00628,9.629843902587888
test_00629,46.59921112060547
test_00630,114.45857009887693
test_00631,372.06068420410156
test_00632,18.586251449584957
test_00633,137.1538543701172
test_00634,152.70328826904296
test_00635,178.01046905517578
test_00636,162.4712677001953
test_00637,258.54339599609375
test_00638,23.977489089965815
test_00639,11.035940551757811
test_00640,10.766635131835937
test_00641,20.269129943847656
test_00642,25.68911895751953
test_00643,12.091082763671874
test_00644,21.25829391479492
test_00645,96.12801132202148
test_00646,114.12992935180662
test_00647,168.4980499267578
test_00648,48.65392379760742
test_00649,10.899578857421876
test_00650,42.71473083496094
test_00651,12.963607025146485
test_00652,30.925146102905273
test_00653,42.15455207824707
test_00654,95.21037979125975
test_00655,196.75437927246094
test_00656,9.088133239746092
test_00657,261.7159423828125
test_00658,10.112596130371092
test_00659,15.070221710205075
test_00660,62.15438117980956
test_00661,11.202552032470702
test_00662,94.88422622680662
test_00663,102.44392166137695
test_00664,248.64341430664058
test_00665,14.284349060058593
test_00666,13.903320312499998
test_00667,86.74015197753906
test_00668,8.912127685546874
test_00669,9.19506607055664
test_00670,14.026127624511718
test_00671,53.56286087036133
test_00672,66.68811225891113
test_00673,74.14445877075195
test_00674,229.3605316162109
test_00675,237.26706542968748
test_00676,9.656573486328124
test_00677,55.56497116088867
test_00678,119.25215301513671
test_00679,5.20812759399414
test_00680,32.808846664428714
test_00681,109.88006362915038
test_00682,17.237252807617185
test_00683,23.379916381835937
test_00684,15.134634399414061
test_00685,67.34871673583984
test_00686,71.02372283935547
test_00687,10.017789459228515
test_00688,160.90780792236328
test_00689,198.76614685058593
test_00690,358.9802612304687
test_00691,54.48999900817871
test_00692,29.766364669799806
test_00693,46.143910598754886
test_00694,8.257745361328125
test_00695,8.251196289062499
test_00696,10.950059509277343
test_00697,14.378763580322264
test_00698,90.0270523071289
test_00699,14.718463134765624
test_00700,96.67208404541016
test_00701,227.52145690917968
test_00702,304.54164733886716
test_00703,64.32583389282226
test_00704,53.18158111572265
test_00705,43.40845947265625
test_00706,147.5071563720703
test_00707,89.15466842651367
test_00708,7.964694213867187
test_00709,8.468626403808592
test_00710,11.801610565185545
test_00711,8.665055847167968
test_00712,20.105961608886716
test_00713,8.233919525146485
test_00714,6.568370056152342
test_00715,60.629397583007815
test_00716,102.72958755493164
test_00717,9.913582611083983
test_00718,8.659947967529295
test_00719,34.373820495605464
test_00720,51.709712982177734
test_00721,76.84730987548828
test_00722,23.334107208251954
test_00723,16.547363662719725
test_00724,17.68919563293457
test_00725,66.73836059570311
test_00726,35.41364936828613
test_00727,99.9521614074707
test_00728,17.553404998779296
test_00729,41.37813034057618
test_00730,88.6849464416504
test_00731,9.940095520019531
test_00732,11.21421661376953
test_00733,22.00873374938965
test_00734,118.9807403564453
test_00735,64.17813796997069
test_00736,47.34162216186523
test_00737,10.041126251220701
test_00738,44.764815902709955
test_00739,117.98949737548827
test_00740,94.82298889160154
test_00741,69.12294464111328
test_00742,51.71583442687988
test_00743,47.68372383117675
test_00744,146.07952880859375
test_00745,213.2741821289062
test_00746,31.372697830200195
test_00747,30.092648315429688
test_00748,83.66708068847656
test_00749,12.952872467041017
test_00750,16.273079299926756
test_00751,60.77462882995606
test_00752,19.770012664794923
test_00753,43.04047126770019
test_00754,165.75804290771484
test_00755,24.380847930908203
test_00756,29.509729385375973
test_00757,46.90918960571289
test_00758,9.191776275634766
test_00759,16.426482009887696
test_00760,47.87217903137207
test_00761,72.14964752197265
test_00762,90.26382675170898
test_00763,61.32670822143554
test_00764,34.994458770751955
test_00765,63.856732559204104
test_00766,20.531103134155273
test_00767,15.474697494506835
test_00768,15.976908874511718
test_00769,17.345630264282224
test_00770,86.27599029541015
test_00771,12.32725601196289
test_00772,77.03151931762694
test_00773,41.21616477966308
test_00774,26.07095069885254
test_00775,49.65530929565429
test_00776,105.92897033691406
test_00777,70.16485137939452
test_00778,83.08712921142578
test_00779,83.25060195922852
test_00780,51.29631614685058
test_00781,105.327091217041
test_00782,50.71451644897461
test_00783,7.455320739746094
test_00784,14.310424804687498
test_00785,30.62523422241211
test_00786,29.474649047851564
test_00787,10.791168975830079
test_00788,17.67270050048828
test_00789,15.404949951171872
test_00790,19.431659698486328
test_00791,40.97256507873535
test_00792,145.66339721679685
test_00793,56.40179100036621
test_00794,50.64772186279297
test_00795,17.0560604095459
test_00796,7.359511566162109
test_00797,18.54918212890625
test_00798,39.00781440734863
test_00799,73.03412399291992
test_00800,72.82840728759766
test_00801,117.00910186767578
test_00802,6.323346710205078
test_00803,9.414830780029297
test_00804,18.580949020385738
test_00805,81.80656204223632
test_00806,58.20704040527343
test_00807,84.13920211791992
test_00808,59.22655601501465
test_00809,90.96603012084961
test_00810,72.96225280761718
test_00811,100.98077850341798
test_00812,61.684593200683594
test_00813,38.96632690429688
test_00814,10.991321563720703
test_00815,42.27763137817382
test_00816,16.864378356933592
test_00817,20.98181571960449
test_00818,65.47442932128905
test_00819,105.8001968383789
test_00820,38.930477142333984
test_00821,8.982060241699218
test_00822,16.307761764526365
test_00823,97.92282714843749
test_00824,158.57251434326173
test_00825,73.12561874389648
test_00826,9.757018280029296
test_00827,27.218413543701168
test_00828,16.925692749023437
test_00829,66.6808364868164
test_00830,144.55255889892578
test_00831,39.10955848693847
test_00832,33.04155235290527
test_00833,55.105239105224605
test_00834,26.80699310302734
test_00835,39.758439254760745
test_00836,62.90780334472656
test_00837,92.39994659423827
test_00838,19.455020904541012
test_00839,32.89191932678222
test_00840,45.01940841674804
test_00841,112.55806274414061
test_00842,115.16693725585935
test_00843,9.001808929443358
test_00844,22.071100616455077
test_00845,10.127634429931641
test_00846,10.737623596191405
test_00847,27.770838546752927
test_00848,50.03294715881347
test_00849,43.221414184570314
test_00850,14.041979217529295
test_00851,31.48072509765625
test_00852,49.92418594360352
test_00853,33.701394653320314
test_00854,58.55357475280762
test_00855,42.78984107971191
test_00856,4.532398986816406
test_00857,9.784579467773437
test_00858,6.658061218261718
test_00859,7.753809356689453
test_00860,15.230494689941406
test_00861,14.204578399658201
test_00862,4.026798248291016
test_00863,10.439598846435548
test_00864,12.644353485107422
test_00865,121.71549530029296
test_00866,26.83560752868652
test_00867,10.024375915527344
test_00868,50.38581733703613
test_00869,8.198912048339842
test_00870,11.508708190917968
test_00871,13.882559967041015
test_00872,19.17445945739746
test_00873,18.89176483154297
test_00874,119.0065170288086
test_00875,23.712919998168946
test_00876,35.433847427368164
test_00877,24.25389862060547
test_00878,21.294766998291017
test_00879,6.537261962890625
test_00880,8.261735534667968
test_00881,74.04660186767578
test_00882,24.14876823425293
test_00883,112.27774581909179
test_00884,16.875708389282227
test_00885,9.30713119506836
test_00886,7.191924285888671
test_00887,25.478725814819335
test_00888,98.08989181518554
test_00889,164.30833587646484
test_00890,140.9097152709961
test_00891,100.34302597045898
test_00892,40.04012947082519
test_00893,70.59050674438477
test_00894,65.50490646362304
test_00895,34.577501678466795
test_00896,145.30036468505858
test_00897,149.00399932861328
test_00898,10.138851928710935
test_00899,78.14938507080078
test_00900,148.20741424560546
test_00901,97.23784942626953
test_00902,32.085300064086915
test_00903,6.266368865966797
test_00904,18.02212104797363
test_00905,44.76005592346192
test_00906,23.208943557739257
test_00907,32.74192237854004
test_00908,5.758537292480469
test_00909,31.144732666015628
test_00910,6.083209991455079
test_00911,10.891542816162108
test_00912,57.690670013427734
test_00913,23.290929794311523
test_00914,180.13166503906245
test_00915,260.7943115234375
test_00916,187.38611755371093
test_00917,50.34859161376953
test_00918,7.162271881103515
test_00919,53.1204849243164
test_00920,217.92046813964842
test_00921,17.35007743835449
test_00922,24.36668663024902
test_00923,49.51333351135254
test_00924,30.599028015136717
test_00925,24.530432510375974
test_00926,79.09904556274414
test_00927,111.20005722045897
test_00928,177.92401428222655
test_00929,16.58480567932129
test_00930,58.837806320190424
test_00931,9.627127075195311
test_00932,11.072259521484373
test_00933,7.953403472900391
test_00934,74.4271858215332
test_00935,118.47292785644531
test_00936,223.34030761718748
test_00937,6.685354614257812
test_00938,70.32664718627929
test_00939,95.73822555541992
test_00940,10.463765716552734
test_00941,15.515848541259764
test_00942,71.40492324829101
test_00943,170.48141174316405
test_00944,134.45944519042968
test_00945,24.172928619384763
test_00946,56.13944435119628
test_00947,141.74981994628905
test_00948,14.674472045898437
test_00949,28.906169128417964
test_00950,63.68188705444335
test_00951,192.79682006835938
test_00952,97.58622436523437
test_00953,12.205900573730469
test_00954,10.578510284423828
test_00955,87.10712814331055
test_00956,136.1366729736328
test_00957,229.2242919921875
test_00958,209.11851806640624
test_00959,370.6634643554687
test_00960,393.52325439453125
test_00961,8.163578796386718
test_00962,43.30877227783203
test_00963,206.5456802368164
test_00964,197.689729309082
test_00965,12.740398406982422
test_00966,71.64030151367187
test_00967,11.987288665771484
test_00968,57.13701705932617
test_00969,125.37512817382813
test_00970,182.91528625488277
test_00971,17.101770401000977
test_00972,128.4474670410156
test_00973,70.03094177246093
test_00974,205.15954132080077
test_00975,162.51332702636716
test_00976,204.8199554443359
test_00977,23.98854331970215
test_00978,12.903680419921873
test_00979,9.149755096435547
test_00980,14.61714630126953
test_00981,21.23024711608887
test_00982,14.559786987304687
test_00983,26.3617691040039
test_00984,108.14507751464842
test_00985,125.69683609008788
test_00986,127.97130279541014
test_00987,44.18345413208008
test_00988,7.007300567626953
test_00989,56.363774871826166
test_00990,10.662393951416016
test_00991,34.13051300048828
test_00992,43.62291145324707
test_00993,136.15404663085937
test_00994,192.597509765625
test_00995,12.2321044921875
test_00996,288.3903839111328
test_00997,9.72521514892578
test_00998,8.12486114501953
test_00999,61.15760612487793
test_01000,8.477593994140625
test_01001,73.33459548950195
test_01002,109.2659080505371
test_01003,235.94765319824216
test_01004,13.72776565551758
test_01005,14.894358825683593
test_01006,86.05157012939452
test_01007,9.371619415283204
test_01008,8.54513931274414
test_01009,10.225250244140625
test_01010,49.651022338867186
test_01011,85.97089233398437
test_01012,42.49362716674804
test_01013,220.4142608642578
test_01014,249.26447143554685
test_01015,6.858914184570312
test_01016,51.03102111816406
test_01017,111.70080490112305
test_01018,6.840138244628906
test_01019,28.260975646972653
test_01020,91.22819442749022
test_01021,11.47236785888672
test_01022,19.106632232666016
test_01023,15.062914276123045
test_01024,28.5639045715332
test_01025,85.3901870727539
test_01026,10.11092071533203
test_01027,203.57374420166013
test_01028,113.73269424438476
test_01029,358.716162109375
test_01030,64.51323776245117
test_01031,45.99642524719238
test_01032,102.21956176757811
test_01033,8.968009185791015
test_01034,5.877823638916015
test_01035,9.627396392822265
test_01036,19.069223785400386
test_01037,114.79573822021483
test_01038,10.900242614746093
test_01039,118.39503479003906
test_01040,290.62806396484376
test_01041,296.22780151367186
test_01042,67.90696563720702
test_01043,48.57993354797363
test_01044,57.226506805419916
test_01045,133.0613082885742
test_01046,56.26399726867675
test_01047,15.364645385742186
test_01048,41.40910606384277
test_01049,12.80599594116211
test_01050,54.08181533813476
test_01051,11.981832885742188
test_01052,11.935572814941406
test_01053,124.41393127441404
test_01054,63.456286621093746
test_01055,6.835631561279296
test_01056,13.17594985961914
test_01057,75.38238983154297
test_01058,101.65812225341797
test_01059,117.6400215148926
test_01060,34.91150665283203
test_01061,20.145500564575194
test_01062,61.5098876953125
test_01063,67.87856674194336
test_01064,43.49501190185547
test_01065,96.71912307739257
test_01066,56.853479003906244
test_01067,38.173881912231444
test_01068,102.7805160522461
test_01069,10.640381622314452
test_01070,18.846753311157226
test_01071,33.82228240966796
test_01072,71.28240051269532
test_01073,91.42785949707032
test_01074,54.67724533081054
test_01075,24.38581275939941
test_01076,73.61669616699218
test_01077,73.59760437011718
test_01078,102.98907852172852
test_01079,100.47085876464844
test_01080,64.6445930480957
test_01081,214.15306091308594
test_01082,39.61800880432129
test_01083,17.052775955200193
test_01084,58.88628883361816
test_01085,46.751720046997065
test_01086,30.855015182495116
test_01087,77.88112182617188
test_01088,25.480868148803708
test_01089,62.47097473144531
test_01090,176.74030456542968
test_01091,28.55141830444336
test_01092,37.14089317321777
test_01093,63.6760929107666
test_01094,44.60200309753418
test_01095,47.71519508361816
test_01096,52.993093490600586
test_01097,87.54605560302734
test_01098,137.50748291015626
test_01099,86.2453872680664
test_01100,70.00094604492188
test_01101,86.19482879638672
test_01102,54.73069190979004
test_01103,11.022591400146485
test_01104,24.837645339965817
test_01105,77.6125373840332
test_01106,42.4532844543457
test_01107,16.590509796142577
test_01108,100.0030158996582
test_01109,41.86954574584961
test_01110,39.35653800964356
test_01111,46.93095550537109
test_01112,81.27045669555663
test_01113,135.30428009033204
test_01114,91.57661285400391
test_01115,175.6443115234375
test_01116,44.682119369506836
test_01117,13.132620239257813
test_01118,55.71362228393555
test_01119,59.04743423461913
test_01120,59.30066604614258
test_01121,14.844530487060545
test_01122,30.753403091430663
test_01123,30.432807159423827
test_01124,36.56862106323242
test_01125,107.33080368041992
test_01126,91.3806755065918
test_01127,167.90607147216795
test_01128,57.11087226867676
test_01129,146.11569824218748
test_01130,9.148680877685546
test_01131,18.526560592651364
test_01132,30.36282043457031
test_01133,70.75556106567383
test_01134,101.94028549194334
test_01135,118.06005554199217
test_01136,73.05110473632811
test_01137,36.71577682495117
test_01138,44.77287445068359
test_01139,140.87356567382812
test_01140,48.14367675781249
test_01141,88.24291763305663
test_01142,85.66912307739257
test_01143,96.0031883239746
test_01144,92.54987335205078
test_01145,162.46981201171874
test_01146,140.04046020507812
test_01147,22.664471054077147
test_01148,26.23269691467285
test_01149,31.502377319335935
test_01150,35.96225128173828
test_01151,97.09752502441405
test_01152,105.01080017089843
test_01153,102.92925643920897
test_01154,12.421170806884765
test_01155,29.656114959716795
test_01156,70.58995895385742
test_01157,33.29922065734863
test_01158,58.674485397338856
test_01159,113.8065216064453
test_01160,46.526498031616214
test_01161,64.7451187133789
test_01162,176.72329711914062
test_01163,88.63232421875
test_01164,106.91593399047852
test_01165,76.19325332641601
test_01166,138.65046386718748
test_01167,27.00257492065429
test_01168,48.99677467346191
test_01169,45.20825500488281
test_01170,76.78046264648437
test_01171,80.66592636108399
test_01172,52.88045272827149
test_01173,34.88763008117675
test_01174,17.81183662414551
test_01175,10.61236801147461
test_01176,32.7714656829834
test_01177,91.7946937561035
test_01178,63.937950897216794
test_01179,36.80264739990234
test_01180,78.51930923461913
test_01181,75.51119232177734
test_01182,39.1325138092041
test_01183,86.09039154052734
test_01184,126.88439788818357
test_01185,8.27511215209961
test_01186,28.89118843078613
test_01187,12.509528350830077
test_01188,17.691376495361325
test_01189,28.996367263793942
test_01190,20.017144775390626
test_01191,5.592308807373047
test_01192,11.186624908447264
test_01193,14.382520294189453
test_01194,133.66258697509767
test_01195,34.05384292602539
test_01196,11.613192749023437
test_01197,49.953366088867185
test_01198,13.796274566650391
test_01199,11.846053314208984
test_01200,16.234571838378905
test_01201,33.720998764038086
test_01202,42.00557708740235
test_01203,66.79373397827149
test_01204,79.20105514526367
test_01205,166.81217346191406
test_01206,35.67286071777344
test_01207,30.7921028137207
test_01208,15.391852569580077
test_01209,29.804678726196293
test_01210,45.38278388977051
test_01211,81.51947784423828
test_01212,108.4120750427246
test_01213,35.667379760742186
test_01214,189.56637878417968
test_01215,36.078166198730464
test_01216,10.899991607666015
test_01217,10.082853698730467
test_01218,41.27094917297363
test_01219,91.24577407836912
test_01220,229.6963348388672
test_01221,192.72799224853514
test_01222,107.20179748535156
test_01223,64.31406860351562
test_01224,51.02129859924316
test_01225,50.380544281005854
test_01226,23.240810775756835
test_01227,55.69224815368652
test_01228,177.2009078979492
test_01229,50.940958404541014
test_01230,126.74041137695312
test_01231,307.0935821533203
test_01232,128.8362594604492
test_01233,110.77072296142578
test_01234,55.066583251953126
test_01235,209.73191833496094
test_01236,29.200808334350583
test_01237,43.065353012084955
test_01238,8.394206237792968
test_01239,17.752766799926754
test_01240,54.42767181396484
test_01241,130.14188385009766
test_01242,5.625379943847657
test_01243,5.922009277343749
test_01244,26.085072326660153
test_01245,8.119784545898437
test_01246,10.971859741210938
test_01247,76.55640258789062
test_01248,161.38776092529295
test_01249,287.5535186767578
test_01250,259.7106506347656
test_01251,123.3987319946289
test_01252,125.86592407226561
test_01253,11.484639739990232
test_01254,100.43702239990233
test_01255,184.07020721435543
test_01256,98.60419540405272
test_01257,55.735610198974605
test_01258,53.32339286804199
test_01259,9.909307861328124
test_01260,13.830672454833984
test_01261,87.54474563598632
test_01262,69.11963958740233
test_01263,196.22050170898436
test_01264,27.334055709838864
test_01265,78.44719085693359
test_01266,9.069687652587888
test_01267,8.311792755126953
test_01268,27.385214233398436
test_01269,101.19047241210936
test_01270,207.26944427490233
test_01271,286.4221496582031
test_01272,17.0198371887207
test_01273,148.6754165649414
test_01274,159.17217864990235
test_01275,8.872699737548826
test_01276,122.27436523437498
test_01277,202.43059997558595
test_01278,535.5897583007812
test_01279,72.77850799560547
test_01280,38.16021881103515
test_01281,117.11027145385742
test_01282,227.77518615722653
test_01283,8.214601135253904
test_01284,15.613667297363282
test_01285,217.11445312499995
test_01286,241.58263549804684
test_01287,9.696746826171873
test_01288,12.601990509033202
test_01289,9.459336853027343
test_01290,96.1135154724121
test_01291,289.41860656738277
test_01292,210.67611999511718
test_01293,239.32446899414063
test_01294,432.441748046875
test_01295,476.5334838867187
test_01296,15.880276107788085
test_01297,93.07855224609375
test_01298,148.2670944213867
test_01299,171.22519226074218
test_01300,6.999169158935547
test_01301,152.06997680664062
test_01302,14.455197143554686
test_01303,417.4531829833984
test_01304,377.2723815917969
test_01305,381.25110778808596
test_01306,95.56495361328125
test_01307,353.49198608398433
test_01308,286.6874694824219
test_01309,268.2377563476562
test_01310,163.62345275878906
test_01311,130.0051132202148
test_01312,20.85676765441894
test_01313,17.0899658203125
test_01314,7.805503845214844
test_01315,55.65502548217773
test_01316,83.84474029541015
test_01317,11.220980834960937
test_01318,32.06901397705079
test_01319,89.16871719360351
test_01320,139.75318756103513
test_01321,186.45962219238277
test_01322,62.40987930297851
test_01323,7.753267669677734
test_01324,74.72054977416992
test_01325,14.522179412841798
test_01326,31.280842971801754
test_01327,101.21982498168944
test_01328,141.3264617919922
test_01329,312.76370849609367
test_01330,11.708628845214843
test_01331,564.744189453125
test_01332,9.970853424072265
test_01333,10.995660400390625
test_01334,78.649893951416
test_01335,6.263142395019531
test_01336,85.82295913696288
test_01337,324.610562133789
test_01338,8.772347259521483
test_01339,11.279196166992188
test_01340,62.41673355102539
test_01341,13.739346313476563
test_01342,12.781906890869141
test_01343,15.388132095336914
test_01344,132.82168273925782
test_01345,162.23404846191406
test_01346,194.66030273437497
test_01347,269.90965576171874
test_01348,258.38250122070315
test_01349,7.196051788330077
test_01350,91.4716354370117
test_01351,165.0762985229492
test_01352,6.843821716308593
test_01353,66.83753814697266
test_01354,96.49667358398436
test_01355,12.415680694580077
test_01356,22.143532562255857
test_01357,11.742521667480467
test_01358,23.099364089965814
test_01359,113.43922882080078
test_01360,8.427582550048827
test_01361,173.18863677978516
test_01362,139.61822967529298
test_01363,365.5596496582031
test_01364,80.60643615722655
test_01365,56.21343994140625
test_01366,81.16680374145507
test_01367,7.986782073974609
test_01368,6.49843292236328
test_01369,8.662006378173826
test_01370,15.654273223876952
test_01371,109.52494354248046
test_01372,11.488990783691406
test_01373,104.66232070922851
test_01374,275.7439270019531
test_01375,315.35394592285155
test_01376,74.14480743408203
test_01377,49.41185264587402
test_01378,51.38257369995117
test_01379,127.66049194335936
test_01380,61.63383827209472
test_01381,14.430052947998046
test_01382,31.039492034912108
test_01383,37.90110893249512
test_01384,15.645885848999022
test_01385,46.67429466247558
test_01386,10.687048339843749
test_01387,10.913780975341796
test_01388,123.5129165649414
test_01389,65.86563568115234
test_01390,8.195359802246093
test_01391,11.554744720458984
test_01392,60.61449394226074
test_01393,108.8576873779297
test_01394,122.53342056274414
test_01395,32.75578002929687
test_01396,18.655701446533204
test_01397,61.02216720581055
test_01398,66.21255798339844
test_01399,85.42057037353516
test_01400,86.47747573852538
test_01401,43.783909225463866
test_01402,91.90516357421875
test_01403,15.70792770385742
test_01404,21.41452407836914
test_01405,39.45883483886718
test_01406,71.16534423828125
test_01407,84.21357040405273
test_01408,46.66397819519043
test_01409,19.6734733581543
test_01410,53.728373718261714
test_01411,63.7149673461914
test_01412,76.46457748413086
test_01413,93.87592926025391
test_01414,129.5392623901367
test_01415,58.28155708312988
test_01416,184.86091613769526
test_01417,202.89794921874997
test_01418,32.88853950500488
test_01419,24.686108398437497
test_01420,59.17684059143066
test_01421,18.4471134185791
test_01422,22.846070861816408
test_01423,65.99261169433593
test_01424,27.234919357299802
test_01425,47.562691116333006
test_01426,187.1872512817383
test_01427,23.033423614501952
test_01428,29.11563339233398
test_01429,62.83650703430175
test_01430,36.4931095123291
test_01431,42.06827430725098
test_01432,51.32760047912597
test_01433,88.02469329833984
test_01434,92.82628707885742
test_01435,88.11875228881836
test_01436,66.50072631835937
test_01437,88.12355270385741
test_01438,57.45536460876464
test_01439,16.84602470397949
test_01440,18.755939865112303
test_01441,53.790470123291016
test_01442,37.45396575927734
test_01443,10.616735076904295
test_01444,96.65516891479491
test_01445,42.99209365844727
test_01446,44.382683181762694
test_01447,49.774347305297844
test_01448,80.83606872558593
test_01449,76.02861404418945
test_01450,97.0587890625
test_01451,130.71813659667967
test_01452,98.54025115966796
test_01453,201.0546112060547
test_01454,38.33774185180664
test_01455,10.742015838623045
test_01456,69.36724395751952
test_01457,30.394814300537107
test_01458,68.22673568725585
test_01459,16.584112548828124
test_01460,29.112471389770505
test_01461,31.886493301391596
test_01462,37.52582702636718
test_01463,114.4852195739746
test_01464,100.06957702636717
test_01465,170.30368041992188
test_01466,67.07336120605468
test_01467,92.54180603027343
test_01468,9.914858245849608
test_01469,16.508549499511716
test_01470,30.867407608032224
test_01471,69.4250747680664
test_01472,105.55224609374997
test_01473,122.71292572021484
test_01474,87.01768493652344
test_01475,31.048432922363283
test_01476,33.664708328247066
test_01477,116.03341445922851
test_01478,51.012348937988286
test_01479,83.87357864379882
test_01480,102.41196136474608
test_01481,69.49327392578125
test_01482,66.26503143310546
test_01483,132.82096099853516
test_01484,107.6632064819336
test_01485,87.61062088012694
test_01486,18.251011276245116
test_01487,47.99769439697265
test_01488,45.03335418701172
test_01489,37.53255004882812
test_01490,109.69986724853516
test_01491,136.94471435546876
test_01492,82.00695724487304
test_01493,16.041955184936523
test_01494,50.63561515808105
test_01495,124.65868377685545
test_01496,33.84897003173828
test_01497,49.396352005004886
test_01498,9.671620178222655
test_01499,119.89327545166016
test_01500,141.7609909057617
test_01501,57.247338867187494
test_01502,69.89352569580078
test_01503,145.1717071533203
test_01504,70.00929260253906
test_01505,94.65431365966796
test_01506,76.38539962768554
test_01507,112.27309494018556
test_01508,27.46873741149902
test_01509,45.46715507507324
test_01510,49.53295135498047
test_01511,75.56652755737304
test_01512,86.69832611083984
test_01513,71.18820419311524
test_01514,30.543218231201173
test_01515,18.026687622070312
test_01516,9.033655548095702
test_01517,27.105981445312494
test_01518,85.14355087280273
test_01519,60.75939331054687
test_01520,32.0340461730957
test_01521,69.9028579711914
test_01522,73.47513732910156
test_01523,35.264631271362305
test_01524,114.05165252685546
test_01525,131.43392333984374
test_01526,6.60217056274414
test_01527,28.824395370483394
test_01528,8.572079467773436
test_01529,19.929224014282227
test_01530,23.39365577697754
test_01531,20.87175254821777
test_01532,8.997203063964843
test_01533,21.24485969543457
test_01534,20.33415184020996
test_01535,139.76093139648435
test_01536,28.065544509887694
test_01537,19.85730743408203
test_01538,57.588783645629874
test_01539,18.877695846557614
test_01540,8.523238372802734
test_01541,9.923302459716796
test_01542,37.96994247436524
test_01543,39.99526176452636
test_01544,78.52772064208983
test_01545,55.91391220092773
test_01546,158.17804565429685
test_01547,40.46424560546875
test_01548,27.97691955566406
test_01549,11.766324615478515
test_01550,23.917778396606444
test_01551,45.600179290771486
test_01552,97.29470291137694
test_01553,81.72040786743163
test_01554,34.433220291137694
test_01555,182.30426025390625
test_01556,25.680509185791013
test_01557,10.540046691894531
test_01558,12.613190460205077
test_01559,37.50875205993652
test_01560,94.91642608642577
test_01561,200.71760406494138
test_01562,172.7845260620117
test_01563,96.46882019042968
test_01564,39.13807334899902
test_01565,64.3758674621582
test_01566,50.83108749389648
test_01567,52.54589767456055
test_01568,18.03441619873047
test_01569,47.11939544677735
test_01570,170.59494628906248
test_01571,55.609677124023435
test_01572,122.36884613037108
test_01573,252.0373107910156
test_01574,264.7740844726562
test_01575,124.6583023071289
test_01576,127.27361450195312
test_01577,81.81816329956054
test_01578,241.67770080566407
test_01579,42.6986198425293
test_01580,38.98166198730468
test_01581,6.753328704833984
test_01582,20.808540725708006
test_01583,79.18576354980469
test_01584,113.22901916503906
test_01585,11.603021240234375
test_01586,53.51540908813476
test_01587,5.322661590576172
test_01588,26.23112983703613
test_01589,10.180190277099609
test_01590,9.64995880126953
test_01591,75.07138595581054
test_01592,145.2436721801758
test_01593,265.2360565185547
test_01594,227.8822784423828
test_01595,118.74660415649413
test_01596,128.26873092651365
test_01597,12.630429840087888
test_01598,99.22930068969725
test_01599,205.9700500488281
test_01600,131.20294494628905
test_01601,75.75030288696288
test_01602,61.07498550415039
test_01603,24.646447753906248
test_01604,13.102013397216798
test_01605,79.23130798339844
test_01606,66.20837783813477
test_01607,194.62850646972655
test_01608,39.9921615600586
test_01609,71.84384536743164
test_01610,9.397396087646484
test_01611,8.024535369873046
test_01612,19.27434959411621
test_01613,101.06697463989256
test_01614,206.07533264160156
test_01615,304.2692962646484
test_01616,19.033318328857423
test_01617,108.41461181640625
test_01618,139.4021270751953
test_01619,7.290287017822266
test_01620,137.45490875244138
test_01621,173.4365051269531
test_01622,470.1516876220703
test_01623,95.76143493652344
test_01624,32.77135581970215
test_01625,126.30385131835935
test_01626,197.05276947021486
test_01627,8.680947113037108
test_01628,21.550059509277343
test_01629,155.42696838378905
test_01630,230.23477478027345
test_01631,9.920079040527341
test_01632,16.591713714599607
test_01633,13.26778869628906
test_01634,82.10498275756835
test_01635,267.53202514648433
test_01636,229.4743225097656
test_01637,204.85585937499997
test_01638,362.49558715820314
test_01639,482.60682983398436
test_01640,15.699995040893555
test_01641,85.84188919067383
test_01642,179.57208557128905
test_01643,172.8891845703125
test_01644,11.488648986816406
test_01645,157.61719665527343
test_01646,11.608343505859375
test_01647,357.1800109863281
test_01648,255.9867370605469
test_01649,416.239697265625
test_01650,145.65325469970702
test_01651,283.65794372558594
test_01652,260.3853881835937
test_01653,176.28422088623046
test_01654,136.2112243652344
test_01655,29.18802795410156
test_01656,12.650366973876952
test_01657,8.328764343261717
test_01658,71.50629196166992
test_01659,92.65947189331052
test_01660,13.176206207275388
test_01661,29.29123802185058
test_01662,84.75520095825195
test_01663,120.37264785766601
test_01664,179.26315917968748
test_01665,49.80604629516601
test_01666,7.957295227050781
test_01667,67.87540206909179
test_01668,9.85935821533203
test_01669,20.76907844543457
test_01670,73.90128860473632
test_01671,175.33758850097655
test_01672,277.81671752929685
test_01673,6.548267364501953
test_01674,568.6670349121093
test_01675,9.956456756591795
test_01676,11.202371978759766
test_01677,68.74797668457032
test_01678,5.939604187011719
test_01679,52.21399993896485
test_01680,83.0584861755371
test_01681,10.311660003662109
test_01682,10.251008605957031
test_01683,58.50816116333007
test_01684,12.25253677368164
test_01685,9.680593872070311
test_01686,12.675933837890623
test_01687,115.00309219360352
test_01688,149.2543731689453
test_01689,156.7960968017578
test_01690,253.00492248535153
test_01691,282.914306640625
test_01692,6.268679809570312
test_01693,84.19344253540038
test_01694,142.08196716308592
test_01695,5.613172912597656
test_01696,71.59224243164061
test_01697,84.43310470581054
test_01698,20.411505889892577
test_01699,35.51843185424805
test_01700,10.18855743408203
test_01701,23.437058639526366
test_01702,70.14315490722656
test_01703,10.826945495605468
test_01704,156.10010986328123
test_01705,183.55241088867186
test_01706,340.79144897460935
test_01707,81.85892639160156
test_01708,58.76077499389649
test_01709,54.06205902099609
test_01710,8.011988830566406
test_01711,7.984114074707031
test_01712,9.417245483398437
test_01713,16.151759338378906
test_01714,93.09717407226562
test_01715,8.24809799194336
test_01716,114.68489608764648
test_01717,263.9379119873047
test_01718,352.0670135498047
test_01719,93.24656982421877
test_01720,54.211788177490234
test_01721,54.28200721740721
test_01722,121.8648895263672
test_01723,61.70812149047852
test_01724,8.731272888183593
test_01725,34.563542175292966
test_01726,52.888490676879876
test_01727,12.512503814697265
test_01728,65.31643905639648
test_01729,8.490655517578126
test_01730,11.768139648437499
test_01731,90.80580368041991
test_01732,68.23810729980468
test_01733,6.729380798339843
test_01734,12.269689941406249
test_01735,64.5711040496826
test_01736,127.26237258911132
test_01737,80.71297302246093
test_01738,18.11769905090332
test_01739,19.230501556396483
test_01740,51.72264022827148
test_01741,61.36175270080566
test_01742,44.26359672546386
test_01743,128.06527252197264
test_01744,109.28311386108399
test_01745,72.63163299560546
test_01746,93.62170944213867
test_01747,17.53208427429199
test_01748,37.72572555541992
test_01749,42.445153427124026
test_01750,69.71457366943359
test_01751,87.0147117614746
test_01752,25.398857498168944
test_01753,13.256085205078124
test_01754,58.718694305419916
test_01755,58.616683578491205
test_01756,76.95700378417969
test_01757,74.38702392578125
test_01758,68.3692413330078
test_01759,44.50201416015625
test_01760,233.75046691894528
test_01761,207.36815643310547
test_01762,20.956728744506837
test_01763,13.726780700683593
test_01764,22.288460159301756
test_01765,45.82428207397461
test_01766,13.196572875976564
test_01767,21.416846084594727
test_01768,60.040565872192374
test_01769,29.500177001953123
test_01770,55.473922348022455
test_01771,200.4416320800781
test_01772,23.026663589477536
test_01773,37.87203941345215
test_01774,60.670476531982416
test_01775,50.58157119750976
test_01776,42.551703643798824
test_01777,55.63547134399414
test_01778,92.87895355224609
test_01779,96.48076934814453
test_01780,82.20403366088867
test_01781,42.44979400634766
test_01782,79.53388671875
test_01783,29.25466651916504
test_01784,10.280365753173827
test_01785,15.343312072753907
test_01786,60.23229370117187
test_01787,20.570960998535156
test_01788,94.29421234130858
test_01789,38.66525001525879
test_01790,45.947832107543945
test_01791,67.35704193115234
test_01792,60.10691452026367
test_01793,72.94536666870117
test_01794,119.55593948364256
test_01795,89.72652893066406
test_01796,246.10610961914062
test_01797,46.87776298522949
test_01798,10.64271011352539
test_01799,38.67100448608398
test_01800,26.079470062255858
test_01801,55.27341156005859
test_01802,8.480974578857422
test_01803,29.216671752929685
test_01804,31.276864242553707
test_01805,37.89589920043945
test_01806,75.83398818969727
test_01807,108.45122756958006
test_01808,111.93293151855468
test_01809,80.82908935546874
test_01810,20.843692779541016
test_01811,10.570420837402343
test_01812,14.574434661865233
test_01813,40.57192039489746
test_01814,92.5516273498535
test_01815,98.97052307128907
test_01816,108.95490341186522
test_01817,54.04271125793457
test_01818,30.74522361755371
test_01819,39.600537872314455
test_01820,103.75399932861328
test_01821,54.165507507324214
test_01822,100.03179244995118
test_01823,90.56626968383787
test_01824,62.54628982543946
test_01825,103.13393936157226
test_01826,114.37124404907226
test_01827,85.51984405517578
test_01828,70.2257308959961
test_01829,16.28533020019531
test_01830,44.14219436645507
test_01831,25.952420806884767
test_01832,29.418631362915036
test_01833,75.92038269042969
test_01834,109.24559478759764
test_01835,53.37797813415527
test_01836,8.684818267822266
test_01837,24.9947395324707
test_01838,56.36346168518066
test_01839,145.5011505126953
test_01840,134.47719650268553
test_01841,33.88608169555664
test_01842,38.830162048339844
test_01843,11.659330368041992
test_01844,82.98644638061523
test_01845,116.40453186035155
test_01846,51.69815673828124
test_01847,75.72974014282227
test_01848,64.48138275146485
test_01849,22.601290893554687
test_01850,35.44921379089355
test_01851,76.47360916137694
test_01852,91.77172622680666
test_01853,22.405784606933594
test_01854,40.67126693725586
test_01855,44.69859428405761
test_01856,65.283487701416
test_01857,105.71045761108397
test_01858,41.843993759155275
test_01859,38.788879776000975
test_01860,17.889200592041014
test_01861,10.56882095336914
test_01862,25.994295883178708
test_01863,70.5269805908203
test_01864,60.747861480712885
test_01865,24.043712997436522
test_01866,65.22534484863282
test_01867,76.61782836914062
test_01868,46.373244476318355
test_01869,97.3580093383789
test_01870,84.59241485595703
test_01871,4.099517822265625
test_01872,6.9856933593749995
test_01873,10.662413024902342
test_01874,11.172095489501952
test_01875,25.27431831359863
test_01876,14.2866584777832
test_01877,4.488553619384765
test_01878,22.83154716491699
test_01879,15.028845214843749
test_01880,136.4336730957031
test_01881,15.299846649169922
test_01882,57.63270606994628
test_01883,8.925144958496093
test_01884,7.904805755615234
test_01885,12.477980041503905
test_01886,30.794322586059565
test_01887,38.77175750732422
test_01888,92.84919357299805
test_01889,42.238557434082026
test_01890,171.45679626464843
test_01891,75.68975524902343
test_01892,22.605426025390624
test_01893,15.00527114868164
test_01894,21.04905319213867
test_01895,84.21153564453124
test_01896,89.18551940917968
test_01897,99.26169891357421
test_01898,207.32398986816403
test_01899,26.731398773193355
test_01900,11.91939697265625
test_01901,9.582670593261717
test_01902,192.83136749267575
test_01903,190.11313171386718
test_01904,95.14443283081054
test_01905,30.888697814941402
test_01906,60.773889160156244
test_01907,54.03824386596679
test_01908,44.54704132080078
test_01909,32.12393493652343
test_01910,80.32873916625977
test_01911,155.80035247802732
test_01912,79.35325317382812
test_01913,121.4876708984375
test_01914,197.27424621582028
test_01915,256.9382781982422
test_01916,144.7719024658203
test_01917,99.47745132446289
test_01918,83.6402587890625
test_01919,197.5106689453125
test_01920,57.41859970092773
test_01921,52.10682716369628
test_01922,17.329809188842773
test_01923,18.95549964904785
test_01924,32.227815246582026
test_01925,95.30896224975585
test_01926,10.671607208251954
test_01927,35.839287185668944
test_01928,7.277061462402343
test_01929,24.223069381713866
test_01930,8.867588806152343
test_01931,9.98238296508789
test_01932,75.48965454101562
test_01933,141.27826538085935
test_01934,311.97074890136713
test_01935,234.60078735351559
test_01936,92.45464019775389
test_01937,113.20704956054686
test_01938,8.945896911621094
test_01939,97.90895919799803
test_01940,209.68035278320312
test_01941,47.465512084960935
test_01942,73.62148742675781
test_01943,51.6051658630371
test_01944,15.778091812133788
test_01945,18.739347076416013
test_01946,77.12271804809569
test_01947,72.18973236083984
test_01948,165.8725631713867
test_01949,18.21060218811035
test_01950,56.15566101074218
test_01951,8.291529846191406
test_01952,6.858010101318359
test_01953,9.294877624511718
test_01954,86.15507049560547
test_01955,175.73194122314453
test_01956,437.7692352294921
test_01957,16.238098526000975
test_01958,113.96135025024412
test_01959,139.06202697753906
test_01960,9.817462921142576
test_01961,65.78708190917969
test_01962,94.30744018554687
test_01963,367.6247283935547
test_01964,145.77255859374998
test_01965,40.3516788482666
test_01966,69.63837661743163
test_01967,187.2558441162109
test_01968,7.902672576904297
test_01969,20.499513626098633
test_01970,107.92414016723633
test_01971,238.08241271972653
test_01972,10.472330474853514
test_01973,5.710219573974609
test_01974,94.50447006225585
test_01975,162.1885772705078
test_01976,266.3593719482422
test_01977,209.8372039794922
test_01978,510.38798217773433
test_01979,443.6769714355469
test_01980,8.440863037109374
test_01981,94.76544647216795
test_01982,162.35520935058594
test_01983,161.39334716796873
test_01984,12.955715942382811
test_01985,173.81190185546876
test_01986,8.071792602539062
test_01987,64.67226943969726
test_01988,178.9742919921875
test_01989,399.24285888671875
test_01990,7.752124023437499
test_01991,191.80249786376953
test_01992,373.7974517822265
test_01993,259.65641174316397
test_01994,161.18985595703123
test_01995,245.43655700683593
test_01996,19.359184265136715
test_01997,19.040251922607418
test_01998,9.707418060302734
test_01999,62.465239334106435
test_02000,100.40288467407225
test_02001,8.742360687255859
test_02002,27.9498908996582
test_02003,94.11084289550783
test_02004,125.49013442993166
test_02005,177.84458923339844
test_02006,71.21358261108398
test_02007,6.844838714599609
test_02008,68.27358627319336
test_02009,17.391662979125975
test_02010,20.330456924438476
test_02011,40.582520675659175
test_02012,86.16725845336913
test_02013,222.17784118652344
test_02014,5.322229766845703
test_02015,523.2925048828124
test_02016,10.07144546508789
test_02017,12.399730682373045
test_02018,74.51170959472655
test_02019,8.219084167480469
test_02020,56.32717094421386
test_02021,104.94292068481445
test_02022,272.94509887695307
test_02023,6.1730491638183596
test_02024,15.116849517822265
test_02025,72.16786270141601
test_02026,11.704070281982421
test_02027,9.266877746582031
test_02028,11.24728775024414
test_02029,160.1641860961914
test_02030,177.2392639160156
test_02031,112.88295288085936
test_02032,219.0421630859375
test_02033,289.1397827148437
test_02034,8.155609130859375
test_02035,73.08501892089843
test_02036,131.55146636962888
test_02037,7.9973609924316404
test_02038,75.64577407836913
test_02039,99.97813568115234
test_02040,20.58690147399902
test_02041,29.573257446289062
test_02042,12.24905776977539
test_02043,28.27543487548828
test_02044,72.63139877319335
test_02045,7.1149345397949215
test_02046,122.86304168701172
test_02047,130.35397491455078
test_02048,317.8691741943359
test_02049,45.97505149841308
test_02050,31.024451065063474
test_02051,99.11898880004883
test_02052,11.181653594970703
test_02053,8.696788787841795
test_02054,9.275640869140625
test_02055,18.351914596557613
test_02056,78.49398040771484
test_02057,11.168458557128904
test_02058,71.9074722290039
test_02059,209.57862854003906
test_02060,273.6824523925781
test_02061,31.79496192932129
test_02062,56.408726119995116
test_02063,35.236551666259764
test_02064,127.21614608764648
test_02065,59.96695365905761
test_02066,10.031137084960937
test_02067,19.085516738891602
test_02068,17.579369735717773
test_02069,10.007626342773436
test_02070,25.4292179107666
test_02071,9.484732055664061
test_02072,6.801872253417969
test_02073,53.143265533447256
test_02074,75.60855407714844
test_02075,9.093492126464843
test_02076,12.918323516845701
test_02077,84.84033584594727
test_02078,87.24436645507812
test_02079,9.923324584960936
test_02080,11.02981719970703
test_02081,54.01217346191406
test_02082,59.06622467041016
test_02083,37.46987953186035
test_02084,74.53978729248047
test_02085,48.150370788574214
test_02086,42.720541381835936
test_02087,80.17114791870117
test_02088,13.901612091064452
test_02089,17.839555358886713
test_02090,23.292612075805664
test_02091,45.533879089355466
test_02092,65.47226943969726
test_02093,36.98908729553223
test_02094,14.793305206298827
test_02095,29.278954696655273
test_02096,62.13452758789062
test_02097,69.73216094970702
test_02098,58.983537673950195
test_02099,66.32742462158203
test_02100,38.70703964233398
test_02101,134.72191314697264
test_02102,175.83138427734374
test_02103,47.2274974822998
test_02104,9.925969696044922
test_02105,57.4710163116455
test_02106,55.91609230041503
test_02107,27.340246200561523
test_02108,29.2469841003418
test_02109,53.640299987792964
test_02110,24.777725601196288
test_02111,83.6769645690918
test_02112,117.33024368286132
test_02113,15.839911651611327
test_02114,30.305243682861327
test_02115,65.2089874267578
test_02116,11.001612854003906
test_02117,20.095948028564454
test_02118,68.74508056640624
test_02119,103.97545089721679
test_02120,75.7791374206543
test_02121,51.37376899719238
test_02122,33.12832069396973
test_02123,53.86762466430663
test_02124,15.7288818359375
test_02125,11.041099548339844
test_02126,17.379175949096677
test_02127,67.76435852050781
test_02128,61.3510814666748
test_02129,16.393233108520505
test_02130,72.91568145751953
test_02131,32.8159683227539
test_02132,33.42737579345703
test_02133,53.19988975524902
test_02134,55.5990364074707
test_02135,91.44828567504882
test_02136,55.83139572143554
test_02137,45.181776428222655
test_02138,70.51547164916992
test_02139,75.71525573730469
test_02140,39.08780174255371
test_02141,7.803654479980469
test_02142,53.10767097473144
test_02143,18.703622436523435
test_02144,38.048224258422856
test_02145,12.942471313476561
test_02146,14.05269088745117
test_02147,19.2744327545166
test_02148,20.717337036132815
test_02149,57.837408447265624
test_02150,78.81155319213866
test_02151,113.85063095092775
test_02152,43.480808639526366
test_02153,40.165524291992185
test_02154,5.4747573852539055
test_02155,17.293854522705075
test_02156,76.25593719482421
test_02157,61.95104904174805
test_02158,37.95027313232421
test_02159,112.70286102294921
test_02160,33.156317138671874
test_02161,12.459591674804686
test_02162,48.167644500732415
test_02163,65.07215194702148
test_02164,38.07161598205566
test_02165,88.75080184936523
test_02166,108.85125732421874
test_02167,62.19172782897949
test_02168,44.434836578369136
test_02169,123.84770660400389
test_02170,103.42433547973634
test_02171,85.52941207885742
test_02172,10.099445343017578
test_02173,38.81507682800293
test_02174,33.06873435974121
test_02175,20.50247230529785
test_02176,45.09038963317872
test_02177,87.755517578125
test_02178,71.45488891601562
test_02179,8.547087860107421
test_02180,11.895794677734372
test_02181,79.31229248046874
test_02182,98.9330726623535
test_02183,105.89323120117186
test_02184,33.09669036865235
test_02185,27.887198257446286
test_02186,21.84565620422363
test_02187,186.44103546142577
test_02188,45.45918769836426
test_02189,34.858019256591795
test_02190,46.82943611145019
test_02191,32.29751625061035
test_02192,58.11089477539062
test_02193,66.61957321166992
test_02194,100.37872161865234
test_02195,16.2635066986084
test_02196,19.635966873168947
test_02197,29.80771331787109
test_02198,130.37987060546874
test_02199,117.33056182861327
test_02200,12.046867752075194
test_02201,15.768231201171876
test_02202,11.154639434814452
test_02203,13.559691619873046
test_02204,27.260482406616212
test_02205,54.344695281982425
test_02206,52.086490631103516
test_02207,17.73084487915039
test_02208,44.18104629516601
test_02209,63.97330627441406
test_02210,43.97554016113281
test_02211,63.278195190429685
test_02212,91.08010940551756
test_02213,5.424388122558593
test_02214,11.977226257324219
test_02215,9.122988891601562
test_02216,10.195471954345702
test_02217,16.51509666442871
test_02218,19.33361129760742
test_02219,7.6658180236816404
test_02220,13.396881866455079
test_02221,13.857315826416015
test_02222,112.94193496704102
test_02223,34.06405181884765
test_02224,14.070935821533201
test_02225,42.34849967956543
test_02226,13.592994689941406
test_02227,8.097570037841797
test_02228,11.426058959960937
test_02229,19.796663665771483
test_02230,30.9896915435791
test_02231,107.71763534545897
test_02232,82.83040390014648
test_02233,48.17912216186523
test_02234,25.473649978637695
test_02235,17.36943664550781
test_02236,9.320746612548827
test_02237,17.047941970825192
test_02238,75.9378677368164
test_02239,134.6226058959961
test_02240,19.45290870666504
test_02241,136.1806198120117
test_02242,21.476279830932615
test_02243,9.022025299072263
test_02244,9.424674224853515
test_02245,19.425326538085937
test_02246,197.49702606201168
test_02247,147.1264205932617
test_02248,53.93429031372071
test_02249,34.154683303833
test_02250,77.15754928588866
test_02251,80.60691909790039
test_02252,41.60114707946778
test_02253,12.490243530273437
test_02254,61.09603576660156
test_02255,119.59613647460935
test_02256,76.22057037353515
test_02257,103.59349517822265
test_02258,150.3641815185547
test_02259,250.05245056152341
test_02260,97.50890045166017
test_02261,69.4769058227539
test_02262,54.13720016479492
test_02263,179.57841796875
test_02264,121.9135971069336
test_02265,34.77385063171386
test_02266,8.395664215087889
test_02267,18.84316139221191
test_02268,24.037177276611327
test_02269,7.513991546630859
test_02270,34.38251838684082
test_02271,4.768119812011718
test_02272,29.365141296386717
test_02273,6.778658294677735
test_02274,9.384107208251953
test_02275,67.54190826416016
test_02276,133.18920135498047
test_02277,298.0974212646484
test_02278,214.34379882812496
test_02279,163.96934509277344
test_02280,67.78088912963867
test_02281,14.48890686035156
test_02282,44.263811874389646
test_02283,162.48253784179687
test_02284,75.8876968383789
test_02285,62.26000175476074
test_02286,51.676484680175776
test_02287,63.785640335083
test_02288,13.838343811035156
test_02289,65.47256774902344
test_02290,130.59046478271483
test_02291,183.13400573730468
test_02292,22.844249725341797
test_02293,47.523742294311525
test_02294,9.328559112548827
test_02295,9.111946105957031
test_02296,10.190335083007811
test_02297,78.9941307067871
test_02298,94.47819137573242
test_02299,217.30300903320312
test_02300,32.74997062683106
test_02301,49.83877944946289
test_02302,79.77135314941405
test_02303,8.470734405517575
test_02304,31.811806106567385
test_02305,63.392054748535145
test_02306,287.82787780761714
test_02307,108.06113967895507
test_02308,14.300202178955075
test_02309,45.439879989624025
test_02310,133.6282516479492
test_02311,13.964077758789061
test_02312,16.187421798706055
test_02313,45.55834693908692
test_02314,202.01749725341796
test_02315,11.958086395263672
test_02316,11.519449615478514
test_02317,7.32924575805664
test_02318,24.488265228271484
test_02319,68.55559844970702
test_02320,103.48765487670897
test_02321,74.09906616210938
test_02322,387.59448547363274
test_02323,393.28161315917964
test_02324,9.916780090332031
test_02325,33.95547370910644
test_02326,137.79472961425782
test_02327,153.66372833251953
test_02328,18.596379089355466
test_02329,51.9628303527832
test_02330,22.782683944702146
test_02331,42.55953674316406
test_02332,123.12383880615234
test_02333,316.99053955078125
test_02334,288.7549163818359
test_02335,144.80978698730468
test_02336,84.90564041137695
test_02337,245.19281005859375
test_02338,132.8896942138672
test_02339,146.09437255859376
test_02340,35.21278076171875
test_02341,14.048089599609376
test_02342,6.788827514648437
test_02343,50.68980751037597
test_02344,20.508455657958983
test_02345,15.936289978027343
test_02346,11.749114227294921
test_02347,84.21966018676758
test_02348,139.6578155517578
test_02349,152.91130981445312
test_02350,36.34214553833008
test_02351,8.763870239257812
test_02352,36.74185523986816
test_02353,13.262120819091795
test_02354,11.70111846923828
test_02355,22.38869705200195
test_02356,82.65784530639648
test_02357,184.1649932861328
test_02358,6.259905242919921
test_02359,221.61230773925774
test_02360,9.280941009521484
test_02361,12.559571075439452
test_02362,63.67564849853516
test_02363,8.463433074951173
test_02364,33.2587230682373
test_02365,51.55653114318847
test_02366,236.44870300292968
test_02367,9.17876968383789
test_02368,9.205596160888671
test_02369,85.9473793029785
test_02370,7.794503021240234
test_02371,8.889802551269531
test_02372,10.46201934814453
test_02373,127.42377319335938
test_02374,85.87467956542969
test_02375,124.90723571777343
test_02376,222.2740325927734
test_02377,235.77692565917965
test_02378,6.248744964599609
test_02379,28.770726776123045
test_02380,104.70572204589843
test_02381,6.275154876708984
test_02382,23.733699417114256
test_02383,95.34058456420897
test_02384,18.166141510009766
test_02385,22.533843231201175
test_02386,33.6740795135498
test_02387,21.092102432250975
test_02388,55.96453552246094
test_02389,12.42632598876953
test_02390,204.4163131713867
test_02391,119.09103927612304
test_02392,399.14577636718747
test_02393,64.2827938079834
test_02394,50.5580940246582
test_02395,122.01808547973633
test_02396,10.04646987915039
test_02397,6.682381439208983
test_02398,10.395181274414062
test_02399,19.505467987060545
test_02400,96.82168579101561
test_02401,9.638102722167968
test_02402,121.87424011230468
test_02403,268.3665313720703
test_02404,280.3325653076172
test_02405,61.83852844238281
test_02406,45.65681495666504
test_02407,51.295250701904294
test_02408,126.31522598266599
test_02409,51.17814292907715
test_02410,14.116793823242187
test_02411,29.393403625488283
test_02412,31.649686813354492
test_02413,11.214710998535155
test_02414,48.641897583007804
test_02415,9.973209381103514
test_02416,8.929579925537109
test_02417,116.39286575317385
test_02418,83.62052459716796
test_02419,5.962412261962891
test_02420,17.271531295776366
test_02421,64.78220748901367
test_02422,86.59435806274413
test_02423,104.22452545166013
test_02424,24.19629364013672
test_02425,12.975584411621092
test_02426,60.39818801879882
test_02427,63.77012557983399
test_02428,37.24867897033692
test_02429,86.45403213500977
test_02430,53.880257797241214
test_02431,39.589116668701166
test_02432,85.38282775878906
test_02433,8.753931427001952
test_02434,16.063185119628905
test_02435,30.667278289794922
test_02436,58.96259269714355
test_02437,78.18117446899413
test_02438,53.62433166503906
test_02439,26.67100372314453
test_02440,67.09316024780273
test_02441,63.73656578063965
test_02442,81.06724395751952
test_02443,89.47937545776367
test_02444,99.29935150146484
test_02445,62.941796874999994
test_02446,123.73422088623046
test_02447,189.1703674316406
test_02448,42.16996765136719
test_02449,9.710755157470702
test_02450,26.869748687744135
test_02451,44.61607284545899
test_02452,16.604261779785155
test_02453,27.973659896850585
test_02454,93.35865936279296
test_02455,22.72411766052246
test_02456,40.2123363494873
test_02457,146.24227600097657
test_02458,17.91041030883789
test_02459,31.53286437988281
test_02460,54.77779655456543
test_02461,31.876644897460935
test_02462,41.888351058959955
test_02463,46.565596389770505
test_02464,79.52972564697265
test_02465,121.50161437988281
test_02466,89.36576538085937
test_02467,72.47313156127929
test_02468,79.25828399658204
test_02469,44.10589256286621
test_02470,12.038253784179688
test_02471,20.078388595581053
test_02472,82.8985725402832
test_02473,33.992462158203125
test_02474,8.413054656982421
test_02475,99.93924789428709
test_02476,42.9505859375
test_02477,30.396049118041994
test_02478,45.590918350219724
test_02479,92.69534912109376
test_02480,72.54207382202148
test_02481,62.090206146240234
test_02482,128.77826385498045
test_02483,88.61605377197264
test_02484,167.88844757080076
test_02485,36.009041213989256
test_02486,7.898374938964843
test_02487,58.17714462280273
test_02488,60.80790481567384
test_02489,63.42505722045899
test_02490,12.380865478515627
test_02491,26.82011833190918
test_02492,33.014068603515625
test_02493,45.933519744873045
test_02494,119.83705215454101
test_02495,84.12976837158203
test_02496,176.5312469482422
test_02497,59.1610725402832
test_02498,152.13601379394532
test_02499,11.948805999755859
test_02500,17.979602432250978
test_02501,31.10720024108887
test_02502,65.08822631835938
test_02503,94.68401565551756
test_02504,106.73813705444334
test_02505,47.89438972473144
test_02506,35.83120574951172
test_02507,42.62042236328124
test_02508,135.6843505859375
test_02509,60.118394088745106
test_02510,84.6239242553711
test_02511,74.69668273925781
test_02512,58.551816558837885
test_02513,68.2368911743164
test_02514,117.14306869506837
test_02515,86.25063552856444
test_02516,65.80033340454102
test_02517,18.648846054077147
test_02518,55.732642364501956
test_02519,34.85414199829101
test_02520,31.79829292297363
test_02521,93.9203514099121
test_02522,95.47928771972654
test_02523,94.40955276489258
test_02524,12.173703002929686
test_02525,35.23867073059082
test_02526,66.79386749267579
test_02527,138.98034362792967
test_02528,127.65434417724609
test_02529,24.627474594116208
test_02530,45.58597068786621
test_02531,8.242967987060547
test_02532,130.15345153808593
test_02533,120.80287933349608
test_02534,31.51116981506347
test_02535,55.28460121154785
test_02536,167.10788421630858
test_02537,91.75769653320312
test_02538,105.2165168762207
test_02539,68.83242568969726
test_02540,137.4209747314453
test_02541,22.544087600708007
test_02542,42.56252098083496
test_02543,59.43998298645019
test_02544,71.70963287353516
test_02545,83.6938377380371
test_02546,49.70440254211425
test_02547,28.841895675659178
test_02548,16.869039916992186
test_02549,14.204481506347655
test_02550,29.646603012084956
test_02551,88.5668228149414
test_02552,56.1286190032959
test_02553,32.61547164916992
test_02554,68.85083694458007
test_02555,66.74228973388672
test_02556,38.807823181152344
test_02557,84.4370216369629
test_02558,97.31676940917967
test_02559,6.895176696777343
test_02560,31.982331466674804
test_02561,12.078253173828124
test_02562,22.36626510620117
test_02563,39.05371513366699
test_02564,23.65713310241699
test_02565,7.925384521484375
test_02566,8.565816497802734
test_02567,13.144307708740236
test_02568,132.78480987548826
test_02569,37.10632133483887
test_02570,11.613442230224608
test_02571,41.30188484191894
test_02572,9.859719085693358
test_02573,6.916202545166015
test_02574,11.559809112548828
test_02575,33.404874038696285
test_02576,45.03468818664551
test_02577,65.19929809570313
test_02578,53.415531158447266
test_02579,164.5420715332031
test_02580,35.89138145446777
test_02581,24.689343643188476
test_02582,9.747384643554687
test_02583,39.70823822021484
test_02584,56.231163787841794
test_02585,87.57927627563475
test_02586,127.96714477539061
test_02587,27.492131423950195
test_02588,195.29910430908205
test_02589,29.403078842163083
test_02590,10.229714965820312
test_02591,7.966997528076171
test_02592,44.704904556274414
test_02593,83.72253494262695
test_02594,220.19564208984372
test_02595,188.00664215087892
test_02596,92.88262176513672
test_02597,42.64917984008789
test_02598,61.67625350952148
test_02599,55.5459285736084
test_02600,45.60931968688965
test_02601,13.387758636474608
test_02602,49.83073616027832
test_02603,156.8867645263672
test_02604,54.38224258422851
test_02605,133.19721527099608
test_02606,260.3089172363281
test_02607,112.54765624999999
test_02608,102.76841659545899
test_02609,42.976142501831056
test_02610,150.8643341064453
test_02611,28.204189682006835
test_02612,42.826043701171876
test_02613,7.650113677978515
test_02614,25.46949577331543
test_02615,58.37849884033203
test_02616,113.01047744750976
test_02617,5.228437805175782
test_02618,67.16758346557617
test_02619,6.53581314086914
test_02620,27.051790618896483
test_02621,8.361851501464843
test_02622,12.654547882080077
test_02623,73.76990203857422
test_02624,156.25255737304687
test_02625,305.62587890624997
test_02626,257.6804229736328
test_02627,122.96221771240232
test_02628,108.75542907714842
test_02629,9.280166625976562
test_02630,89.2647216796875
test_02631,226.1128234863281
test_02632,32.988335037231444
test_02633,64.86024703979493
test_02634,57.512166595458986
test_02635,13.183472061157225
test_02636,15.027214431762694
test_02637,91.3080581665039
test_02638,63.54648208618164
test_02639,183.63544921875
test_02640,24.98265266418457
test_02641,75.08554229736328
test_02642,8.964717864990234
test_02643,8.404642486572266
test_02644,8.699906921386718
test_02645,87.71150512695311
test_02646,203.27727966308592
test_02647,252.56752929687497
test_02648,16.67373352050781
test_02649,150.1425079345703
test_02650,105.5551918029785
test_02651,9.239433288574217
test_02652,123.3175811767578
test_02653,226.01051025390626
test_02654,508.05598144531245
test_02655,67.0934684753418
test_02656,38.35005416870117
test_02657,134.66961517333982
test_02658,221.96346435546874
test_02659,8.93270492553711
test_02660,18.978568267822265
test_02661,182.30941314697264
test_02662,230.0264465332031
test_02663,9.475081634521484
test_02664,11.133300018310548
test_02665,8.14185791015625
test_02666,84.88268585205077
test_02667,266.8753723144531
test_02668,200.09634704589843
test_02669,257.7092071533203
test_02670,367.91259765625
test_02671,403.58258056640625
test_02672,10.281993103027343
test_02673,86.16994934082031
test_02674,139.792724609375
test_02675,190.60789947509764
test_02676,12.813824462890624
test_02677,132.84649353027342
test_02678,12.353926849365234
test_02679,391.8324615478515
test_02680,354.50877990722654
test_02681,115.33048248291016
test_02682,345.7100524902344
test_02683,481.0139739990235
test_02684,260.6959747314453
test_02685,245.03202514648433
test_02686,160.61965026855466
test_02687,19.07229614257812
test_02688,12.51823501586914
test_02689,9.262480163574217
test_02690,17.208084869384763
test_02691,55.881607437133795
test_02692,8.965794372558593
test_02693,29.75483322143554
test_02694,67.70592193603515
test_02695,135.25798950195312
test_02696,181.6005218505859
test_02697,59.62090911865234
test_02698,7.230335998535156
test_02699,66.46383514404297
test_02700,9.416190338134765
test_02701,21.097537231445315
test_02702,131.51559143066405
test_02703,195.9809768676758
test_02704,324.1276977539062
test_02705,8.785629272460938
test_02706,406.3911560058594
test_02707,9.566440582275389
test_02708,7.947472381591796
test_02709,98.21690292358397
test_02710,6.1036018371582035
test_02711,39.47341690063477
test_02712,70.57423934936523
test_02713,283.17796936035154
test_02714,6.850550079345703
test_02715,10.92899627685547
test_02716,47.00361366271973
test_02717,6.8572959899902335
test_02718,8.215631103515625
test_02719,9.798785400390624
test_02720,83.61291809082032
test_02721,135.3538635253906
test_02722,180.3162384033203
test_02723,258.4124053955078
test_02724,293.3495635986328
test_02725,6.882662200927734
test_02726,83.45269775390625
test_02727,179.7233123779297
test_02728,9.29411392211914
test_02729,65.07120132446289
test_02730,15.798668289184569
test_02731,35.86059722900391
test_02732,19.623315429687498
test_02733,22.625158309936523
test_02734,93.93150787353514
test_02735,6.472856140136718
test_02736,208.39144897460932
test_02737,414.9160491943359
test_02738,42.54552116394042
test_02739,33.68677253723145
test_02740,123.86531982421874
test_02741,7.917642974853516
test_02742,7.552423858642578
test_02743,12.397035980224608
test_02744,9.357306671142577
test_02745,223.92745361328124
test_02746,73.89534683227538
test_02747,328.0860382080078
test_02748,269.6299530029297
test_02749,48.43455429077148
test_02750,47.027478790283205
test_02751,38.80306053161621
test_02752,128.97552795410155
test_02753,63.707296752929686
test_02754,12.399928283691406
test_02755,35.61922073364258
test_02756,63.5425910949707
test_02757,16.676570892333984
test_02758,54.63443222045899
test_02759,7.1879638671874995
test_02760,8.692107391357421
test_02761,113.69301223754881
test_02762,124.70874786376953
test_02763,14.512598419189452
test_02764,20.131979370117186
test_02765,72.36750183105468
test_02766,86.16961669921875
test_02767,56.039674758911126
test_02768,9.206941986083983
test_02769,83.90583343505858
test_02770,63.36435928344726
test_02771,43.46653327941895
test_02772,107.79616546630858
test_02773,13.854705047607421
test_02774,32.489644241333
test_02775,104.80767059326172
test_02776,21.072572326660154
test_02777,29.99349174499512
test_02778,52.862223052978514
test_02779,73.82348556518555
test_02780,37.02910232543945
test_02781,15.457433319091795
test_02782,45.37155685424804
test_02783,53.06207542419433
test_02784,70.0947036743164
test_02785,86.29883651733398
test_02786,71.26597671508789
test_02787,53.5752010345459
test_02788,159.7274169921875
test_02789,204.82130126953123
test_02790,9.778590393066406
test_02791,44.19829711914062
test_02792,14.01552276611328
test_02793,17.6538387298584
test_02794,48.43349227905273
test_02795,17.087206268310545
test_02796,35.293622970581055
test_02797,127.10991210937499
test_02798,22.890651321411134
test_02799,34.098284530639646
test_02800,68.49524688720703
test_02801,24.82947425842285
test_02802,42.07643013000488
test_02803,45.07944526672363
test_02804,83.21180725097656
test_02805,104.49471206665038
test_02806,55.47779808044433
test_02807,37.99338073730469
test_02808,62.966888427734375
test_02809,23.114445877075198
test_02810,12.420388031005858
test_02811,13.348699951171874
test_02812,98.35082778930663
test_02813,45.97489013671875
test_02814,10.491754913330077
test_02815,84.11407470703125
test_02816,38.11824111938476
test_02817,28.117102432250974
test_02818,41.477098846435545
test_02819,71.3450439453125
test_02820,99.08344726562498
test_02821,44.29522933959961
test_02822,144.61503143310546
test_02823,78.31550750732421
test_02824,167.92208251953124
test_02825,37.87255744934082
test_02826,5.604002380371093
test_02827,64.99056777954101
test_02828,24.931076431274413
test_02829,53.36603546142578
test_02830,14.42638473510742
test_02831,13.826541900634766
test_02832,21.928650665283204
test_02833,23.26380081176758
test_02834,70.63871612548829
test_02835,78.57875442504883
test_02836,148.23482360839841
test_02837,49.84686775207519
test_02838,179.3707809448242
test_02839,15.498727416992187
test_02840,23.70696144104004
test_02841,66.50332260131836
test_02842,93.88727264404295
test_02843,64.90634613037109
test_02844,94.01535110473633
test_02845,42.035396575927734
test_02846,10.931356811523436
test_02847,92.5463996887207
test_02848,119.81623764038085
test_02849,112.90219573974608
test_02850,37.046485900878906
test_02851,53.895111083984375
test_02852,128.8860786437988
test_02853,88.8629035949707
test_02854,89.8051383972168
test_02855,16.522092056274413
test_02856,33.07362327575684
test_02857,33.27202835083008
test_02858,24.335203933715817
test_02859,69.20509185791015
test_02860,77.33430633544921
test_02861,14.88039970397949
test_02862,25.456589889526363
test_02863,75.31313171386718
test_02864,76.08038635253907
test_02865,110.06366577148437
test_02866,36.519598388671874
test_02867,53.04413681030273
test_02868,7.888525390624999
test_02869,97.61711654663085
test_02870,183.4679718017578
test_02871,41.20988578796387
test_02872,50.70288734436035
test_02873,68.0740005493164
test_02874,102.78518981933594
test_02875,171.42135162353514
test_02876,68.99208145141601
test_02877,101.16357879638672
test_02878,18.752042770385742
test_02879,16.032595062255858
test_02880,37.74106025695801
test_02881,85.9899299621582
test_02882,98.03092117309569
test_02883,49.008432388305664
test_02884,21.870858383178707
test_02885,10.432461547851561
test_02886,18.62852210998535
test_02887,42.41295204162598
test_02888,64.13693618774414
test_02889,34.77732772827148
test_02890,23.733920288085933
test_02891,27.09234809875488
test_02892,55.10391769409179
test_02893,82.57957611083984
test_02894,71.35648345947266
test_02895,147.68963928222655
test_02896,7.3248237609863285
test_02897,20.18695907592773
test_02898,6.308994293212891
test_02899,7.28568115234375
test_02900,16.175686264038085
test_02901,25.614007568359376
test_02902,9.50716781616211
test_02903,11.977774810791017
test_02904,11.99512252807617
test_02905,27.7298454284668
test_02906,14.986660766601563
test_02907,36.90055885314941
test_02908,12.305987548828124
test_02909,9.620677947998047
test_02910,10.955903625488281
test_02911,23.917005538940426
test_02912,34.619441986083984
test_02913,90.89258346557617
test_02914,156.48829650878906
test_02915,25.201658248901364
test_02916,18.295996475219724
test_02917,10.857483673095704
test_02918,28.14767303466797
test_02919,35.1076675415039
test_02920,57.93840179443359
test_02921,119.32610321044922
test_02922,15.781992721557614
test_02923,181.22733306884766
test_02924,32.5082992553711
test_02925,10.461800384521482
test_02926,8.797107696533203
test_02927,30.658602905273433
test_02928,71.40882263183593
test_02929,214.27596740722652
test_02930,162.90768432617188
test_02931,38.760796737670894
test_02932,53.72309112548828
test_02933,83.4480987548828
test_02934,88.73144302368163
test_02935,79.25311660766602
test_02936,16.454678344726563
test_02937,40.637403869628905
test_02938,151.76697998046873
test_02939,87.1390495300293
test_02940,118.38994598388672
test_02941,201.4143402099609
test_02942,172.1478561401367
test_02943,139.65501708984374
test_02944,76.7786865234375
test_02945,47.56293601989746
test_02946,160.82103118896484
test_02947,79.29145355224608
test_02948,30.469565963745115
test_02949,5.876467895507813
test_02950,17.86594581604004
test_02951,36.98737106323242
test_02952,62.30138359069824
test_02953,5.100562286376953
test_02954,6.690493774414062
test_02955,21.865893173217774
test_02956,17.356154251098634
test_02957,8.058300781249999
test_02958,71.70102386474609
test_02959,131.4189880371094
test_02960,285.5322784423828
test_02961,146.309326171875
test_02962,119.03069381713865
test_02963,92.87111282348633
test_02964,7.918173217773438
test_02965,76.56880722045898
test_02966,157.27862701416015
test_02967,93.5315704345703
test_02968,48.36026611328125
test_02969,56.496186828613276
test_02970,55.348425292968756
test_02971,11.86698684692383
test_02972,77.10986862182617
test_02973,128.00968704223632
test_02974,165.01360321044922
test_02975,42.23108901977539
test_02976,66.71833190917968
test_02977,9.450559997558592
test_02978,7.246811676025391
test_02979,9.726258087158204
test_02980,84.4101348876953
test_02981,137.90799407958986
test_02982,211.03266906738276
test_02983,12.950658416748047
test_02984,65.12691268920898
test_02985,110.77111587524413
test_02986,7.215370178222656
test_02987,56.68748588562012
test_02988,133.78726959228516
test_02989,479.18229370117183
test_02990,273.0148620605469
test_02991,52.91123619079589
test_02992,40.83593711853027
test_02993,133.71633911132812
test_02994,12.264779663085937
test_02995,13.440920257568358
test_02996,56.9996654510498
test_02997,189.12390594482423
test_02998,8.566806030273437
test_02999,8.122357177734374
test_03000,8.134838104248045
test_03001,41.26547050476074
test_03002,216.11751708984377
test_03003,99.4999053955078
test_03004,76.64851226806641
test_03005,369.89251403808595
test_03006,419.97219543457027
test_03007,15.263253784179685
test_03008,48.65022163391113
test_03009,131.9071823120117
test_03010,195.55448608398441
test_03011,9.515167236328125
test_03012,122.21868286132812
test_03013,8.889112854003905
test_03014,155.3009490966797
test_03015,205.04964294433591
test_03016,384.01316528320314
test_03017,332.99500122070305
test_03018,192.26296997070312
test_03019,408.9792236328125
test_03020,274.0945068359375
test_03021,253.13165893554685
test_03022,173.49942016601562
test_03023,26.670992660522458
test_03024,11.932647705078125
test_03025,10.501647186279296
test_03026,37.81022186279297
test_03027,25.599526977539057
test_03028,10.573733520507812
test_03029,30.235581970214845
test_03030,62.17359390258789
test_03031,122.18674240112304
test_03032,203.88988037109374
test_03033,83.43242645263672
test_03034,7.631239318847656
test_03035,90.57605209350585
test_03036,17.344075012207032
test_03037,13.580233001708987
test_03038,92.6856803894043
test_03039,137.8470489501953
test_03040,247.412857055664
test_03041,10.534133148193357
test_03042,547.4965209960938
test_03043,7.716567993164062
test_03044,9.25598373413086
test_03045,90.59110412597656
test_03046,8.967711639404296
test_03047,25.211977005004883
test_03048,74.86201171875
test_03049,282.5275909423828
test_03050,8.105927276611329
test_03051,14.397246551513671
test_03052,103.79301452636719
test_03053,8.270801544189453
test_03054,7.987598419189453
test_03055,11.149581146240234
test_03056,65.31523513793945
test_03057,168.20960540771483
test_03058,192.0258071899414
test_03059,282.30573425292965
test_03060,268.331640625
test_03061,8.883986663818359
test_03062,73.43144149780274
test_03063,153.3132354736328
test_03064,5.972679901123046
test_03065,72.54708328247071
test_03066,82.94098968505858
test_03067,18.488576889038086
test_03068,20.93901252746582
test_03069,15.609949493408202
test_03070,17.46136054992676
test_03071,100.30313110351562
test_03072,9.267476654052734
test_03073,181.97639465332028
test_03074,132.8144546508789
test_03075,85.11029052734375
test_03076,42.2663158416748
test_03077,118.67136383056638
test_03078,8.839768218994141
test_03079,5.265293884277344
test_03080,11.130794525146484
test_03081,13.992697143554686
test_03082,97.92037353515626
test_03083,8.454780578613281
test_03084,96.20349349975585
test_03085,291.65703125
test_03086,268.40705566406245
test_03087,65.67218322753905
test_03088,41.1621654510498
test_03089,48.56058578491211
test_03090,121.15682678222655
test_03091,55.92548751831055
test_03092,9.178102111816406
test_03093,34.52754554748535
test_03094,34.18008003234863
test_03095,15.62592010498047
test_03096,53.26716766357421
test_03097,10.016452026367187
test_03098,10.637103271484374
test_03099,121.32695617675779
test_03100,66.65710678100585
test_03101,8.321043395996092
test_03102,9.29356689453125
test_03103,106.02357711791991
test_03104,132.52442779541013
test_03105,114.47526473999022
test_03106,36.635107803344724
test_03107,20.29849853515625
test_03108,78.93082351684569
test_03109,81.97752227783202
test_03110,45.18323249816894
test_03111,76.25014190673828
test_03112,64.94469604492187
test_03113,37.209754180908206
test_03114,104.15245819091795
test_03115,16.71529083251953
test_03116,30.802420425415036
test_03117,65.01216506958008
test_03118,89.9485496520996
test_03119,11.533405303955076
test_03120,43.58747749328613
test_03121,48.172069931030265
test_03122,65.20880584716797
test_03123,64.93727989196778
test_03124,97.33992614746093
test_03125,57.66579475402831
test_03126,161.27086181640624
test_03127,26.982809448242186
test_03128,11.042401885986328
test_03129,11.474493408203124
test_03130,46.30252914428711
test_03131,21.097288513183596
test_03132,22.136429214477534
test_03133,59.00828857421875
test_03134,19.956607437133787
test_03135,41.41143951416016
test_03136,105.7720848083496
test_03137,26.251420974731445
test_03138,37.53434600830079
test_03139,51.170590209960935
test_03140,40.49673385620117
test_03141,44.67848320007323
test_03142,42.042612838745114
test_03143,74.98177719116211
test_03144,107.50554656982422
test_03145,77.69971160888672
test_03146,74.5625617980957
test_03147,78.45099563598632
test_03148,46.46898422241212
test_03149,13.133074951171874
test_03150,24.6973575592041
test_03151,80.13735427856446
test_03152,37.61620674133301
test_03153,15.653205490112303
test_03154,97.75693130493163
test_03155,38.63505058288574
test_03156,31.72796058654785
test_03157,47.84213981628418
test_03158,88.56086196899413
test_03159,66.31603851318359
test_03160,84.34596786499023
test_03161,120.36335144042968
test_03162,87.08306884765625
test_03163,197.2077926635742
test_03164,33.39462089538574
test_03165,5.136258697509765
test_03166,75.15121002197264
test_03167,81.54331970214844
test_03168,50.28289413452148
test_03169,14.837232971191405
test_03170,28.124192810058595
test_03171,41.030462646484374
test_03172,45.42833557128906
test_03173,104.0330741882324
test_03174,101.01645660400392
test_03175,173.24997253417968
test_03176,65.06379241943358
test_03177,149.44137420654297
test_03178,8.456040954589843
test_03179,29.496135711669922
test_03180,59.42080497741699
test_03181,103.12935180664063
test_03182,106.72684783935546
test_03183,67.50884628295898
test_03184,27.633252334594722
test_03185,37.210350036621094
test_03186,101.0342674255371
test_03187,56.30873832702637
test_03188,85.77277297973632
test_03189,74.01636810302735
test_03190,71.87131958007812
test_03191,66.36534042358397
test_03192,115.10558929443357
test_03193,90.11031265258788
test_03194,58.22203216552734
test_03195,31.390016555786133
test_03196,40.044878768920896
test_03197,29.66388778686523
test_03198,34.78995132446289
test_03199,97.5515998840332
test_03200,99.32948532104493
test_03201,101.12757720947265
test_03202,10.758063507080076
test_03203,33.35015525817871
test_03204,60.76473159790039
test_03205,164.73687286376952
test_03206,123.90959777832032
test_03207,26.007933044433596
test_03208,46.79053993225097
test_03209,5.777968597412109
test_03210,93.86279602050782
test_03211,123.23616638183594
test_03212,46.24567985534668
test_03213,62.39932632446289
test_03214,151.47528228759765
test_03215,89.78666915893554
test_03216,91.45009384155273
test_03217,82.89507827758788
test_03218,129.42548828124998
test_03219,21.00105857849121
test_03220,55.209120941162105
test_03221,67.5852569580078
test_03222,70.47041549682616
test_03223,50.73094024658203
test_03224,31.215147018432617
test_03225,21.409873580932615
test_03226,12.449668884277344
test_03227,31.72234878540039
test_03228,95.48010635375977
test_03229,57.01907310485841
test_03230,36.277673339843744
test_03231,67.30040283203124
test_03232,73.16387329101562
test_03233,31.959098434448244
test_03234,87.94603576660155
test_03235,113.40144653320311
test_03236,6.64032974243164
test_03237,28.742395782470698
test_03238,6.835842895507812
test_03239,24.450533676147458
test_03240,45.38905639648438
test_03241,30.887667083740233
test_03242,7.39150390625
test_03243,17.372727584838866
test_03244,16.776169204711913
test_03245,122.74017562866212
test_03246,35.749319839477536
test_03247,19.078864288330077
test_03248,42.10057334899902
test_03249,8.4957763671875
test_03250,8.684302520751952
test_03251,13.16981201171875
test_03252,32.80928344726563
test_03253,33.61023292541503
test_03254,56.27425231933594
test_03255,76.3742073059082
test_03256,143.47246856689452
test_03257,33.80001449584961
test_03258,32.16005897521973
test_03259,13.942285919189453
test_03260,16.517457580566404
test_03261,50.16957244873046
test_03262,85.009375
test_03263,89.6858757019043
test_03264,41.40197410583496
test_03265,193.2781036376953
test_03266,34.89165344238281
test_03267,13.634561920166014
test_03268,7.987642669677734
test_03269,50.212453460693354
test_03270,85.48163452148437
test_03271,215.44344482421877
test_03272,199.0320266723633
test_03273,98.64526824951173
test_03274,45.260623931884766
test_03275,55.86545867919921
test_03276,50.53162803649902
test_03277,46.07658081054688
test_03278,17.68321075439453
test_03279,45.81072273254394
test_03280,127.37598571777343
test_03281,57.153079986572266
test_03282,122.41277008056642
test_03283,211.9615478515625
test_03284,137.3367477416992
test_03285,117.98589248657225
test_03286,101.89981765747069
test_03287,47.635660552978514
test_03288,160.21749267578124
test_03289,33.35207939147949
test_03290,42.25791778564453
test_03291,6.626139831542968
test_03292,19.91878128051758
test_03293,57.17584724426269
test_03294,125.78746032714844
test_03295,8.275594329833984
test_03296,66.58384552001952
test_03297,7.105339050292968
test_03298,24.16260681152344
test_03299,15.31567802429199
test_03300,11.17997589111328
test_03301,69.52535018920898
test_03302,133.40916137695314
test_03303,258.93828735351565
test_03304,214.6931091308593
test_03305,118.42855529785156
test_03306,105.81344833374023
test_03307,9.979008483886718
test_03308,84.16768035888671
test_03309,188.06189575195313
test_03310,106.55449371337889
test_03311,60.0671401977539
test_03312,54.91287422180176
test_03313,28.601927566528317
test_03314,15.751158905029294
test_03315,79.4823989868164
test_03316,67.02238540649414
test_03317,200.65812072753906
test_03318,27.842145919799805
test_03319,65.2324722290039
test_03320,8.89716567993164
test_03321,8.608760833740234
test_03322,31.87578163146972
test_03323,92.33603668212889
test_03324,201.44150543212893
test_03325,277.6733154296875
test_03326,18.811224365234377
test_03327,108.33478240966795
test_03328,140.53563995361327
test_03329,7.945695495605468
test_03330,108.74740447998046
test_03331,243.39511718749998
test_03332,414.56074218749995
test_03333,81.18087615966796
test_03334,35.59193153381348
test_03335,126.5761894226074
test_03336,228.6669342041015
test_03337,8.917062377929687
test_03338,30.970203399658203
test_03339,164.82860717773437
test_03340,230.1293487548828
test_03341,9.75097885131836
test_03342,13.889443969726562
test_03343,7.246511840820313
test_03344,205.09313659667964
test_03345,274.48450927734376
test_03346,208.47973022460934
test_03347,212.20883178710938
test_03348,352.5400848388672
test_03349,389.26866760253904
test_03350,14.063617706298828
test_03351,76.02071762084961
test_03352,125.07509765625
test_03353,173.31756286621092
test_03354,13.633948516845702
test_03355,145.01510314941405
test_03356,12.928678894042967
test_03357,311.1856750488281
test_03358,294.307827758789
test_03359,346.3539306640625
test_03360,103.81874542236328
test_03361,345.14553222656247
test_03362,474.65676879882807
test_03363,246.62410888671872
test_03364,145.12452697753906
test_03365,219.44708557128905
test_03366,23.538825607299803
test_03367,12.39417495727539
test_03368,5.662828063964843
test_03369,69.16395874023438
test_03370,82.47652587890624
test_03371,13.143146514892578
test_03372,24.522738647460933
test_03373,66.27276458740234
test_03374,36.00857810974121
test_03375,154.65958709716796
test_03376,57.544921112060536
test_03377,6.38166046142578
test_03378,62.03080520629882
test_03379,5.9870666503906245
test_03380,20.255925369262695
test_03381,95.55536727905273
test_03382,171.7919952392578
test_03383,306.9959320068359
test_03384,6.448053741455078
test_03385,320.98180847167964
test_03386,9.664564514160155
test_03387,9.646333312988281
test_03388,96.40637817382813
test_03389,5.157762908935546
test_03390,51.182689285278315
test_03391,104.73586349487304
test_03392,326.1550872802734
test_03393,8.302284240722656
test_03394,19.40228691101074
test_03395,46.45512924194337
test_03396,14.055641937255858
test_03397,10.362705230712889
test_03398,11.100020599365234
test_03399,63.068722534179685
test_03400,120.10868377685546
test_03401,189.6490783691406
test_03402,202.9791183471679
test_03403,253.66144409179685
test_03404,6.714901733398437
test_03405,83.07975540161132
test_03406,130.1811538696289
test_03407,6.239910125732422
test_03408,64.20760650634764
test_03409,81.12467346191406
test_03410,17.497214889526365
test_03411,36.69966354370117
test_03412,19.17764625549316
test_03413,20.060276412963866
test_03414,104.8055351257324
test_03415,8.187567138671874
test_03416,189.7639221191406
test_03417,206.6586730957031
test_03418,350.4472717285156
test_03419,83.96556396484374
test_03420,57.55174179077148
test_03421,106.11937103271484
test_03422,6.191138458251953
test_03423,6.600621032714844
test_03424,7.283509826660156
test_03425,15.13986587524414
test_03426,104.11897430419921
test_03427,9.014722442626953
test_03428,95.52704544067383
test_03429,250.29346008300783
test_03430,338.5535003662109
test_03431,79.94028854370117
test_03432,52.0435146331787
test_03433,51.23923568725586
test_03434,113.22917327880859
test_03435,55.91513748168945
test_03436,15.07041549682617
test_03437,23.778515625000004
test_03438,45.557478713989255
test_03439,14.495264434814452
test_03440,54.44795227050781
test_03441,8.703861236572266
test_03442,39.68955574035644
test_03443,92.50782928466796
test_03444,61.588649368286134
test_03445,6.81857681274414
test_03446,22.167412567138673
test_03447,54.39247779846191
test_03448,105.04189529418944
test_03449,90.42452011108398
test_03450,21.319260787963866
test_03451,10.310069274902343
test_03452,41.30589561462402
test_03453,55.46458435058594
test_03454,34.66533241271973
test_03455,80.50206832885742
test_03456,52.90863647460937
test_03457,27.999396514892574
test_03458,81.37986068725586
test_03459,13.056922149658204
test_03460,16.921092987060547
test_03461,41.50731086730957
test_03462,78.68289718627929
test_03463,61.45811614990234
test_03464,32.691659927368164
test_03465,10.139878845214842
test_03466,33.97965011596679
test_03467,54.95803680419922
test_03468,68.73146057128906
test_03469,82.82401123046874
test_03470,66.48202438354492
test_03471,50.953154754638675
test_03472,160.24090576171875
test_03473,187.7801467895508
test_03474,28.997356796264647
test_03475,9.523512268066405
test_03476,26.978841781616207
test_03477,49.45327606201172
test_03478,17.34206619262695
test_03479,30.0983585357666
test_03480,54.02617149353028
test_03481,20.602206420898437
test_03482,40.250449371337886
test_03483,173.58003845214844
test_03484,21.210275650024414
test_03485,29.869822692871093
test_03486,52.39804267883301
test_03487,57.825959014892575
test_03488,33.3828987121582
test_03489,46.0276439666748
test_03490,84.97738037109374
test_03491,86.26875457763671
test_03492,71.98096084594727
test_03493,48.68231163024902
test_03494,93.00259323120116
test_03495,55.643209838867186
test_03496,9.242560577392577
test_03497,16.50906867980957
test_03498,51.554763031005855
test_03499,39.05901985168457
test_03500,9.503939819335937
test_03501,88.07895584106444
test_03502,30.011260223388668
test_03503,42.79129257202148
test_03504,40.683276367187496
test_03505,61.14298553466796
test_03506,63.4431869506836
test_03507,75.07972869873046
test_03508,115.80874633789062
test_03509,80.91210632324218
test_03510,171.04677734375
test_03511,53.930869293212886
test_03512,10.471334838867188
test_03513,41.017054367065434
test_03514,51.10239105224609
test_03515,63.2201515197754
test_03516,15.21057205200195
test_03517,31.641770935058588
test_03518,25.455779647827146
test_03519,29.188011932373044
test_03520,86.35144958496093
test_03521,144.4759979248047
test_03522,62.474057769775385
test_03523,42.991011428833005
test_03524,8.07452163696289
test_03525,13.905894470214843
test_03526,28.267211151123043
test_03527,76.28530807495116
test_03528,96.52384796142577
test_03529,119.447509765625
test_03530,38.90536842346191
test_03531,21.51177558898926
test_03532,29.706594467163086
test_03533,121.38511276245117
test_03534,46.748075103759774
test_03535,83.4341812133789
test_03536,74.25974197387694
test_03537,60.13726043701172
test_03538,52.85716323852539
test_03539,109.30695800781248
test_03540,89.20545272827148
test_03541,65.59806823730469
test_03542,24.995729827880858
test_03543,43.94450073242187
test_03544,37.21328964233398
test_03545,45.08556632995605
test_03546,76.91748504638672
test_03547,143.7509811401367
test_03548,55.305305099487306
test_03549,10.99411849975586
test_03550,30.893162918090816
test_03551,60.73384208679199
test_03552,163.6118392944336
test_03553,178.93014526367188
test_03554,36.50933227539062
test_03555,37.04056968688965
test_03556,6.624006652832031
test_03557,90.45831756591797
test_03558,121.81501922607421
test_03559,49.68280944824218
test_03560,59.342227935791016
test_03561,93.49035720825196
test_03562,39.49857444763184
test_03563,48.217996215820314
test_03564,62.907736206054686
test_03565,100.17655029296874
test_03566,16.95790023803711
test_03567,47.87584457397462
test_03568,54.45123748779296
test_03569,84.70557174682617
test_03570,107.17841110229492
test_03571,58.32422485351562
test_03572,23.11490898132324
test_03573,14.994281768798828
test_03574,11.084235382080077
test_03575,23.031079101562497
test_03576,69.41467971801757
test_03577,62.9019790649414
test_03578,16.05401611328125
test_03579,62.11100845336913
test_03580,62.45001144409179
test_03581,37.21245765686035
test_03582,112.34238128662109
test_03583,82.93284225463867
test_03584,3.19754409790039
test_03585,19.269166183471675
test_03586,8.151703643798829
test_03587,20.468425369262693
test_03588,28.212322998046872
test_03589,17.955759811401364
test_03590,6.684976196289062
test_03591,21.633434677124022
test_03592,15.292758178710937
test_03593,141.04037780761718
test_03594,14.891510009765625
test_03595,57.110372924804686
test_03596,5.090065765380859
test_03597,10.02498321533203
test_03598,12.027858734130858
test_03599,34.772132110595706
test_03600,38.14795265197754
test_03601,77.20498886108398
test_03602,46.678334808349604
test_03603,147.10328674316406
test_03604,70.38841705322265
test_03605,26.042041778564453
test_03606,10.037162780761719
test_03607,23.26766014099121
test_03608,33.43513488769531
test_03609,95.52657928466796
test_03610,60.12851257324219
test_03611,29.391073608398436
test_03612,183.63586120605467
test_03613,26.802664566040036
test_03614,6.248004913330077
test_03615,9.131478881835937
test_03616,25.546953201293945
test_03617,101.82498855590819
test_03618,198.03646240234374
test_03619,157.47071990966796
test_03620,101.59489517211915
test_03621,31.182544326782228
test_03622,53.78798980712891
test_03623,61.99089736938476
test_03624,48.51730308532715
test_03625,24.134374618530273
test_03626,42.261567687988276
test_03627,131.46255493164062
test_03628,55.80335960388183
test_03629,102.64253387451171
test_03630,172.05439147949218
test_03631,244.79189453124997
test_03632,141.15314788818358
test_03633,103.52888107299805
test_03634,83.83058395385743
test_03635,169.56224060058594
test_03636,80.90186614990233
test_03637,41.001251220703125
test_03638,10.95448303222656
test_03639,19.220652770996093
test_03640,42.31258201599121
test_03641,93.34757003784179
test_03642,10.829969787597655
test_03643,49.240222167968746
test_03644,5.196922302246094
test_03645,26.114403533935544
test_03646,10.792723846435546
test_03647,9.032025146484376
test_03648,76.63166809082031
test_03649,138.44532470703126
test_03650,265.2231903076172
test_03651,254.82976989746095
test_03652,111.51873245239258
test_03653,112.53219757080076
test_03654,12.484637451171874
test_03655,82.08944244384766
test_03656,204.342236328125
test_03657,51.96562461853027
test_03658,64.92490997314454
test_03659,42.57819786071777
test_03660,10.418770599365235
test_03661,19.83373107910156
test_03662,82.78610305786133
test_03663,57.570084381103506
test_03664,164.46907653808591
test_03665,27.27399444580078
test_03666,65.20380401611328
test_03667,7.469403076171876
test_03668,7.833935546875
test_03669,11.933467102050779
test_03670,76.50105056762695
test_03671,189.21920013427734
test_03672,318.4181671142578
test_03673,21.21317901611328
test_03674,97.6424331665039
test_03675,149.32288818359373
test_03676,6.639250946044921
test_03677,120.15655136108398
test_03678,118.29406509399413
test_03679,368.7774658203125
test_03680,74.9795913696289
test_03681,44.94259872436523
test_03682,100.71980895996094
test_03683,180.2189514160156
test_03684,6.586585235595702
test_03685,46.50932426452637
test_03686,94.30609970092773
test_03687,226.3662841796875
test_03688,8.305929565429688
test_03689,15.76329879760742
test_03690,6.347797393798827
test_03691,65.96997299194335
test_03692,222.21755981445312
test_03693,229.69402465820303
test_03694,170.13104858398438
test_03695,268.25439453125
test_03696,353.14642639160155
test_03697,12.141268920898439
test_03698,86.16055374145508
test_03699,163.7023895263672
test_03700,169.83338623046873
test_03701,8.769300079345703
test_03702,151.7519119262695
test_03703,18.243441772460937
test_03704,159.59651947021484
test_03705,414.07250671386714
test_03706,82.68271255493164
test_03707,195.45989227294922
test_03708,421.8634796142578
test_03709,254.18046875
test_03710,217.4287002563476
test_03711,161.12399291992188
test_03712,20.082429885864258
test_03713,13.12282485961914
test_03714,7.751390838623045
test_03715,35.306654357910155
test_03716,94.9417655944824
test_03717,13.906766510009765
test_03718,25.809409332275386
test_03719,88.13028564453124
test_03720,119.48910369873046
test_03721,169.18097534179685
test_03722,55.16371536254883
test_03723,8.050613403320312
test_03724,87.41187286376953
test_03725,15.022047424316405
test_03726,22.38942413330078
test_03727,64.42792434692383
test_03728,151.2001205444336
test_03729,210.78620452880858
test_03730,6.8475601196289055
test_03731,591.5379211425782
test_03732,10.199539184570312
test_03733,12.209557342529296
test_03734,100.84780578613281
test_03735,5.439620971679687
test_03736,55.858440399169915
test_03737,94.62297592163085
test_03738,252.91010437011715
test_03739,6.4505157470703125
test_03740,8.190401458740233
test_03741,82.06867446899415
test_03742,11.392768859863281
test_03743,7.72357177734375
test_03744,8.12191619873047
test_03745,148.84905853271482
test_03746,154.48968811035155
test_03747,142.51353454589844
test_03748,172.0100860595703
test_03749,273.85870056152345
test_03750,4.950738525390625
test_03751,78.9509262084961
test_03752,133.92819061279297
test_03753,4.9692237854003904
test_03754,72.86441421508789
test_03755,86.65286407470703
test_03756,13.083124542236327
test_03757,43.342523193359376
test_03758,13.769169616699216
test_03759,29.09155769348144
test_03760,62.832299041748044
test_03761,4.969004821777343
test_03762,220.17655334472653
test_03763,144.96344604492188
test_03764,386.3616241455078
test_03765,93.8202651977539
test_03766,61.76687927246093
test_03767,128.23631896972654
test_03768,10.727757263183593
test_03769,9.220735931396485
test_03770,7.9568946838378904
test_03771,14.25635070800781
test_03772,102.14276428222655
test_03773,11.449696350097657
test_03774,92.29508819580079
test_03775,287.5253021240234
test_03776,67.64553604125976
test_03777,48.979686355590815
test_03778,52.90539283752442
test_03779,119.68574981689453
test_03780,57.115806579589844
test_03781,10.981490325927734
test_03782,47.44002227783203
test_03783,45.56215553283691
test_03784,12.560143280029296
test_03785,57.20820503234863
test_03786,9.184550476074216
test_03787,9.984696197509765
test_03788,114.57731170654296
test_03789,61.20712089538574
test_03790,6.453596496582031
test_03791,60.58772811889648
test_03792,108.34987716674803
test_03793,109.05021591186524
test_03794,23.8422966003418
test_03795,14.139611053466798
test_03796,47.27223281860351
test_03797,68.81390533447265
test_03798,30.615787506103516
test_03799,86.53732147216796
test_03800,61.18406677246094
test_03801,85.03013839721679
test_03802,12.314640045166016
test_03803,15.700234603881835
test_03804,30.508147811889646
test_03805,67.04282150268554
test_03806,96.3106315612793
test_03807,39.53773727416992
test_03808,24.496669006347652
test_03809,52.51934051513672
test_03810,61.936397552490234
test_03811,63.19666137695312
test_03812,76.5354995727539
test_03813,110.82942199707031
test_03814,52.40697555541992
test_03815,161.03894653320313
test_03816,199.5560333251953
test_03817,24.72712249755859
test_03818,10.153026580810545
test_03819,27.429163742065427
test_03820,47.65785598754883
test_03821,11.754666137695311
test_03822,36.47390594482422
test_03823,83.65468292236328
test_03824,27.61029396057129
test_03825,41.35007591247558
test_03826,143.9398971557617
test_03827,13.976168823242187
test_03828,34.58743324279785
test_03829,57.40682144165039
test_03830,86.93271408081054
test_03831,42.85470161437988
test_03832,46.75046043395996
test_03833,79.10485687255859
test_03834,101.08485641479491
test_03835,78.28620071411132
test_03836,65.26057510375976
test_03837,87.11473007202147
test_03838,60.41447639465331
test_03839,13.165058135986328
test_03840,14.943202972412108
test_03841,73.9506118774414
test_03842,40.98777275085449
test_03843,15.210084533691404
test_03844,88.26519470214843
test_03845,27.44646186828613
test_03846,32.62749977111817
test_03847,35.32102317810058
test_03848,72.39712905883789
test_03849,69.41336746215819
test_03850,84.43123550415038
test_03851,109.90028762817383
test_03852,94.77554016113281
test_03853,207.83811645507808
test_03854,41.23276596069336
test_03855,22.783501052856444
test_03856,60.44703216552734
test_03857,61.29079055786133
test_03858,69.21964874267577
test_03859,13.957589721679685
test_03860,29.898731994628903
test_03861,20.919200134277343
test_03862,30.850651550292966
test_03863,100.2790687561035
test_03864,111.45240936279296
test_03865,68.94609146118164
test_03866,125.277587890625
test_03867,8.11645736694336
test_03868,16.27133903503418
test_03869,61.5117805480957
test_03870,101.18897399902342
test_03871,119.05486297607422
test_03872,77.50168914794921
test_03873,29.349276733398433
test_03874,37.65494117736817
test_03875,107.58253784179686
test_03876,51.86234512329101
test_03877,85.31615905761718
test_03878,86.40485610961913
test_03879,65.39110107421874
test_03880,58.46389541625976
test_03881,118.96627807617188
test_03882,100.16544494628907
test_03883,65.15527191162109
test_03884,27.87236709594726
test_03885,37.572927474975586
test_03886,29.178649520874018
test_03887,35.2981819152832
test_03888,99.86548690795897
test_03889,101.75525207519532
test_03890,85.79631042480469
test_03891,12.27137565612793
test_03892,30.65973892211914
test_03893,58.07641906738281
test_03894,152.97786865234374
test_03895,142.12511596679687
test_03896,30.30880889892578
test_03897,50.65173072814941
test_03898,6.943624877929687
test_03899,115.37449340820311
test_03900,120.95401763916016
test_03901,33.402028274536136
test_03902,67.51621322631836
test_03903,181.9511535644531
test_03904,96.50633316040037
test_03905,88.8218864440918
test_03906,85.49544754028321
test_03907,126.634171295166
test_03908,24.122348022460937
test_03909,55.58513145446777
test_03910,37.28428421020507
test_03911,70.93671951293945
test_03912,82.12266235351562
test_03913,51.22709884643554
test_03914,30.688393402099607
test_03915,25.50456657409668
test_03916,11.997398376464844
test_03917,27.405624008178712
test_03918,102.62859497070312
test_03919,53.10240783691406
test_03920,40.871961975097655
test_03921,75.40976409912109
test_03922,71.60520629882812
test_03923,43.93550071716308
test_03924,82.60492401123047
test_03925,124.3334014892578
test_03926,5.537990570068359
test_03927,30.883655929565425
test_03928,6.489104461669921
test_03929,26.120032119750974
test_03930,42.94948196411133
test_03931,20.8760440826416
test_03932,6.231124877929687
test_03933,14.178845977783201
test_03934,22.76109199523926
test_03935,132.03204498291015
test_03936,41.696659851074216
test_03937,16.45692710876465
test_03938,50.59481163024902
test_03939,10.262524414062499
test_03940,10.176005554199218
test_03941,16.201933288574217
test_03942,31.63526878356933
test_03943,41.67733879089355
test_03944,84.67944107055663
test_03945,72.33390197753906
test_03946,164.45350952148436
test_03947,32.520452117919916
test_03948,32.88971939086914
test_03949,14.08995895385742
test_03950,32.82872123718261
test_03951,52.80625419616699
test_03952,93.23238601684571
test_03953,75.02555923461914
test_03954,169.998095703125
test_03955,28.848179244995116
test_03956,11.332176971435544
test_03957,7.602904510498046
test_03958,45.02117233276367
test_03959,83.08311004638671
test_03960,197.0438690185547
test_03961,181.55268096923822
test_03962,96.44563522338868
test_03963,39.70256462097168
test_03964,54.964897537231444
test_03965,43.668677520751956
test_03966,44.42337875366211
test_03967,18.441164398193358
test_03968,51.16696853637695
test_03969,149.54676208496093
test_03970,49.7601993560791
test_03971,115.80829544067382
test_03972,242.2190002441406
test_03973,112.91935806274412
test_03974,130.80352325439452
test_03975,103.59160461425779
test_03976,60.93897171020508
test_03977,225.18227844238282
test_03978,32.40526084899902
test_03979,40.891900634765626
test_03980,10.32564010620117
test_03981,21.763495635986327
test_03982,70.63182754516602
test_03983,111.40204772949215
test_03984,11.437327575683595
test_03985,57.38376235961914
test_03986,4.791335296630859
test_03987,23.665028762817382
test_03988,12.670791625976562
test_03989,8.072693634033202
test_03990,74.25120010375977
test_03991,158.2998107910156
test_03992,264.8313232421875
test_03993,227.77216186523435
test_03994,119.11241455078124
test_03995,138.8673110961914
test_03996,13.551984405517578
test_03997,98.86188278198242
test_03998,180.10924987792967
test_03999,141.17241973876952
test_04000,56.30891036987305
test_04001,52.183002090454096
test_04002,11.328424072265623
test_04003,16.744864273071286
test_04004,65.76336288452148
test_04005,56.45279388427733
test_04006,187.67816925048825
test_04007,24.809243011474607
test_04008,64.96569900512695
test_04009,9.308010864257813
test_04010,10.47569580078125
test_04011,35.762765884399414
test_04012,88.052481842041
test_04013,212.39504699707032
test_04014,322.2539947509765
test_04015,13.359098815917967
test_04016,128.23024520874023
test_04017,139.1858673095703
test_04018,9.209048461914062
test_04019,143.58304748535156
test_04020,279.71693725585936
test_04021,474.40557861328125
test_04022,107.02007751464842
test_04023,40.08090476989746
test_04024,135.00054931640625
test_04025,235.77464294433594
test_04026,9.86753387451172
test_04027,17.299433517456052
test_04028,193.26898956298828
test_04029,231.30252685546873
test_04030,8.502582550048828
test_04031,14.441332244873047
test_04032,8.198458862304687
test_04033,253.5435089111328
test_04034,266.46486511230466
test_04035,254.49088439941403
test_04036,241.07818908691402
test_04037,398.5922637939453
test_04038,439.9719329833984
test_04039,12.501223754882814
test_04040,89.8029083251953
test_04041,130.91016693115233
test_04042,164.20392456054688
test_04043,6.961280059814452
test_04044,168.40984954833985
test_04045,9.707623291015624
test_04046,391.0753631591797
test_04047,349.41103515625
test_04048,365.0515533447265
test_04049,73.52920455932617
test_04050,326.947314453125
test_04051,439.72551879882815
test_04052,260.65123291015624
test_04053,216.4886566162109
test_04054,176.3678787231445
test_04055,18.981958389282227
test_04056,14.940699005126953
test_04057,11.226651763916013
test_04058,74.26847534179687
test_04059,88.07602310180664
test_04060,12.678314971923827
test_04061,26.86217842102051
test_04062,80.73271713256835
test_04063,128.6596466064453
test_04064,168.7265914916992
test_04065,56.17399864196777
test_04066,8.716098022460937
test_04067,73.79349136352539
test_04068,8.162957763671875
test_04069,21.289784622192382
test_04070,102.3504722595215
test_04071,188.626220703125
test_04072,359.3271270751953
test_04073,6.47948989868164
test_04074,538.2226440429687
test_04075,10.628012084960938
test_04076,8.187306976318357
test_04077,122.53328704833984
test_04078,8.299017333984374
test_04079,53.40654220581054
test_04080,96.48296661376952
test_04081,404.97472534179684
test_04082,7.8592529296875
test_04083,13.35086898803711
test_04084,39.521973800659175
test_04085,11.154927062988282
test_04086,8.473677062988282
test_04087,10.716302490234375
test_04088,124.11522674560547
test_04089,153.50669860839844
test_04090,191.7655288696289
test_04091,236.26116638183592
test_04092,270.93696289062495
test_04093,6.040669250488281
test_04094,102.65834426879883
test_04095,145.13980102539062
test_04096,7.556192016601562
test_04097,83.75277099609374
test_04098,94.88824005126955
test_04099,13.76025924682617
test_04100,28.22724151611328
test_04101,6.786743927001952
test_04102,26.82217330932617
test_04103,6.601173400878906
