id,PM2.5
test_00001,181.64874267578125
test_00002,156.2821044921875
test_00003,424.902099609375
test_00004,71.12379455566406
test_00005,46.975440979003906
test_00006,118.84750366210938
test_00007,10.010902404785156
test_00008,8.251182556152344
test_00009,42.60268783569336
test_00010,117.25354766845703
test_00011,13.185005187988281
test_00012,113.6556396484375
test_00013,268.01092529296875
test_00014,324.1197814941406
test_00015,73.26221466064453
test_00016,47.82136535644531
test_00017,44.56492233276367
test_00018,122.36273193359375
test_00019,54.74571228027344
test_00020,13.8358154296875
test_00021,24.829235076904297
test_00022,30.62423324584961
test_00023,11.281097412109375
test_00024,49.1983757019043
test_00025,12.217536926269531
test_00026,10.769081115722656
test_00027,106.38163757324219
test_00028,64.30250549316406
test_00029,9.441322326660156
test_00030,8.511238098144531
test_00031,55.44156265258789
test_00032,98.40711212158203
test_00033,99.13435363769531
test_00034,25.087711334228516
test_00035,12.871185302734375
test_00036,82.2916030883789
test_00037,95.27411651611328
test_00038,19.940834045410156
test_00039,31.819705963134766
test_00040,80.92902374267578
test_00041,11.524665832519531
test_00042,15.402084350585938
test_00043,27.376300811767578
test_00044,64.4970703125
test_00045,69.19869995117188
test_00046,50.027130126953125
test_00047,20.24810028076172
test_00048,52.676151275634766
test_00049,56.867183685302734
test_00050,74.6704330444336
test_00051,93.9495849609375
test_00052,106.14710235595703
test_00053,56.318199157714844
test_00054,153.84710693359375
test_00055,181.73040771484375
test_00056,26.042022705078125
test_00057,11.525299072265625
test_00058,22.631179809570312
test_00059,51.884605407714844
test_00060,30.306812286376953
test_00061,26.13445281982422
test_00062,58.16352081298828
test_00063,23.914249420166016
test_00064,52.52683639526367
test_00065,141.41799926757812
test_00066,22.221668243408203
test_00067,31.94159698486328
test_00068,60.136653900146484
test_00069,54.45111846923828
test_00070,38.60445022583008
test_00071,45.654876708984375
test_00072,77.18962097167969
test_00073,127.14825439453125
test_00074,83.24649047851562
test_00075,57.59602355957031
test_00076,74.58169555664062
test_00077,48.485023498535156
test_00078,11.572517395019531
test_00079,18.155574798583984
test_00080,51.91509246826172
test_00081,36.13059616088867
test_00082,12.744850158691406
test_00083,85.41397857666016
test_00084,33.87813949584961
test_00085,32.69215393066406
test_00086,39.87284851074219
test_00087,71.3335952758789
test_00088,69.72917175292969
test_00089,73.98284912109375
test_00090,124.14094543457031
test_00091,77.53819274902344
test_00092,200.40301513671875
test_00093,41.3680534362793
test_00094,8.287765502929688
test_00095,63.693634033203125
test_00096,31.864036560058594
test_00097,59.88410949707031
test_00098,13.340538024902344
test_00099,101.28575897216797
test_00100,17.065357208251953
test_00101,15.157745361328125
test_00102,121.93871307373047
test_00103,85.1347885131836
test_00104,134.1676025390625
test_00105,53.22715759277344
test_00106,121.17816162109375
test_00107,9.173774719238281
test_00108,15.532875061035156
test_00109,28.161449432373047
test_00110,55.15019226074219
test_00111,95.45738220214844
test_00112,114.73063659667969
test_00113,58.72531509399414
test_00114,24.221534729003906
test_00115,35.33671569824219
test_00116,110.74107360839844
test_00117,54.3236083984375
test_00118,77.36351776123047
test_00119,78.768798828125
test_00120,77.22161102294922
test_00121,60.77104949951172
test_00122,101.91546630859375
test_00123,77.15799713134766
test_00124,50.51800537109375
test_00125,23.390182495117188
test_00126,62.53937911987305
test_00127,33.39583969116211
test_00128,35.65542984008789
test_00129,80.75617980957031
test_00130,111.03002166748047
test_00131,69.96490478515625
test_00132,17.79971694946289
test_00133,24.375263214111328
test_00134,64.30255889892578
test_00135,139.74267578125
test_00136,118.70565032958984
test_00137,45.85068893432617
test_00138,7.267791748046875
test_00139,120.66494750976562
test_00140,101.57814025878906
test_00141,42.68791580200195
test_00142,77.41162109375
test_00143,85.2647933959961
test_00144,49.37701416015625
test_00145,85.6653823852539
test_00146,79.44508361816406
test_00147,109.96331787109375
test_00148,13.078880310058594
test_00149,37.22941589355469
test_00150,45.43374252319336
test_00151,60.12654113769531
test_00152,86.63017272949219
test_00153,45.465972900390625
test_00154,34.24980926513672
test_00155,13.391273498535156
test_00156,9.013870239257812
test_00157,22.697959899902344
test_00158,74.90757751464844
test_00159,61.277740478515625
test_00160,22.878253936767578
test_00161,55.07426452636719
test_00162,65.01354217529297
test_00163,30.067806243896484
test_00164,75.21446228027344
test_00165,104.12899780273438
test_00166,7.076988220214844
test_00167,17.119625091552734
test_00168,8.185997009277344
test_00169,17.039878845214844
test_00170,22.026695251464844
test_00171,18.959274291992188
test_00172,5.466163635253906
test_00173,13.159103393554688
test_00174,12.4742431640625
test_00175,138.98207092285156
test_00176,34.613433837890625
test_00177,10.845649719238281
test_00178,9.353004455566406
test_00179,9.509239196777344
test_00180,11.171028137207031
test_00181,26.581298828125
test_00182,37.343048095703125
test_00183,65.8337173461914
test_00184,81.15457153320312
test_00185,156.48178100585938
test_00186,34.5548210144043
test_00187,26.679916381835938
test_00188,12.193305969238281
test_00189,14.244705200195312
test_00190,37.92110061645508
test_00191,85.52450561523438
test_00192,109.68486022949219
test_00193,24.395038604736328
test_00194,168.70526123046875
test_00195,23.573341369628906
test_00196,9.201210021972656
test_00197,29.297088623046875
test_00198,80.37061309814453
test_00199,201.23825073242188
test_00200,159.43496704101562
test_00201,99.96940612792969
test_00202,36.823055267333984
test_00203,57.87001037597656
test_00204,50.39458465576172
test_00205,53.195980072021484
test_00206,20.425735473632812
test_00207,43.42765426635742
test_00208,135.813720703125
test_00209,50.99229431152344
test_00210,117.34185028076172
test_00211,220.78024291992188
test_00212,264.9308166503906
test_00213,114.09623718261719
test_00214,96.03506469726562
test_00215,55.972049713134766
test_00216,176.966796875
test_00217,33.113487243652344
test_00218,33.94602584838867
test_00219,11.710655212402344
test_00220,22.310829162597656
test_00221,46.08041000366211
test_00222,117.01004028320312
test_00223,5.857215881347656
test_00224,65.10071563720703
test_00225,6.765052795410156
test_00226,21.594993591308594
test_00227,8.815788269042969
test_00228,9.372779846191406
test_00229,67.33344268798828
test_00230,111.79193878173828
test_00231,299.7598876953125
test_00232,231.96682739257812
test_00233,112.48945617675781
test_00234,108.20539093017578
test_00235,12.354721069335938
test_00236,94.1962890625
test_00237,206.16339111328125
test_00238,23.45984649658203
test_00239,64.68830108642578
test_00240,53.04273223876953
test_00241,12.523635864257812
test_00242,23.24897003173828
test_00243,85.52381896972656
test_00244,62.146026611328125
test_00245,194.19003295898438
test_00246,27.89382553100586
test_00247,72.17071533203125
test_00248,9.697586059570312
test_00249,9.886253356933594
test_00250,11.569839477539062
test_00251,71.55107116699219
test_00252,187.5852813720703
test_00253,243.88711547851562
test_00254,17.72780990600586
test_00255,65.59508514404297
test_00256,145.27593994140625
test_00257,9.585662841796875
test_00258,127.21864318847656
test_00259,129.77484130859375
test_00260,507.3468933105469
test_00261,73.22257232666016
test_00262,25.658000946044922
test_00263,114.19587707519531
test_00264,185.7873077392578
test_00265,7.454719543457031
test_00266,15.866127014160156
test_00267,106.64894104003906
test_00268,230.2723388671875
test_00269,10.078094482421875
test_00270,15.463249206542969
test_00271,9.582099914550781
test_00272,51.520591735839844
test_00273,262.0972900390625
test_00274,202.9855499267578
test_00275,198.5652313232422
test_00276,410.0617370605469
test_00277,393.6582336425781
test_00278,16.18024444580078
test_00279,72.58175659179688
test_00280,162.71377563476562
test_00281,176.12506103515625
test_00282,11.8857421875
test_00283,136.7443389892578
test_00284,12.699790954589844
test_00285,326.3639831542969
test_00286,279.8816833496094
test_00287,449.4552001953125
test_00288,84.10294342041016
test_00289,296.2259826660156
test_00290,276.9706115722656
test_00291,255.65896606445312
test_00292,185.49453735351562
test_00293,106.94426727294922
test_00294,20.750247955322266
test_00295,15.663719177246094
test_00296,7.20416259765625
test_00297,38.06201934814453
test_00298,74.27555847167969
test_00299,13.076004028320312
test_00300,26.341949462890625
test_00301,79.07247924804688
test_00302,122.34739685058594
test_00303,162.83616638183594
test_00304,60.891197204589844
test_00305,11.762855529785156
test_00306,70.53504180908203
test_00307,10.821830749511719
test_00308,20.619823455810547
test_00309,73.44078063964844
test_00310,195.42019653320312
test_00311,245.80239868164062
test_00312,9.353919982910156
test_00313,613.1053466796875
test_00314,11.656471252441406
test_00315,8.856658935546875
test_00316,91.38224029541016
test_00317,8.358650207519531
test_00318,45.17844009399414
test_00319,78.67906188964844
test_00320,282.789794921875
test_00321,10.212203979492188
test_00322,10.231430053710938
test_00323,78.89118957519531
test_00324,11.345504760742188
test_00325,8.349815368652344
test_00326,11.765785217285156
test_00327,100.43077850341797
test_00328,136.18533325195312
test_00329,162.44601440429688
test_00330,267.4403991699219
test_00331,308.75604248046875
test_00332,7.6937713623046875
test_00333,74.08702850341797
test_00334,155.71397399902344
test_00335,7.7321319580078125
test_00336,68.0603256225586
test_00337,89.57327270507812
test_00338,16.677528381347656
test_00339,27.136062622070312
test_00340,12.059547424316406
test_00341,22.202667236328125
test_00342,8.519889831542969
test_00343,113.62828063964844
test_00344,191.26043701171875
test_00345,248.46603393554688
test_00346,48.11997985839844
test_00347,24.669925689697266
test_00348,86.49906158447266
test_00349,10.776222229003906
test_00350,11.897483825683594
test_00351,17.163509368896484
test_00352,17.036476135253906
test_00353,88.1686019897461
test_00354,15.942031860351562
test_00355,80.10133361816406
test_00356,219.09835815429688
test_00357,269.5314025878906
test_00358,58.85350036621094
test_00359,42.78217315673828
test_00360,25.917842864990234
test_00361,107.12908935546875
test_00362,59.29633331298828
test_00363,10.583732604980469
test_00364,9.925827026367188
test_00365,12.907958984375
test_00366,10.634819030761719
test_00367,18.811161041259766
test_00368,6.952262878417969
test_00369,8.507637023925781
test_00370,56.86123275756836
test_00371,60.210487365722656
test_00372,8.2020263671875
test_00373,17.125518798828125
test_00374,35.20322799682617
test_00375,46.18892288208008
test_00376,83.5129623413086
test_00377,21.240524291992188
test_00378,14.59735107421875
test_00379,12.179969787597656
test_00380,54.98033905029297
test_00381,29.537002563476562
test_00382,101.06729125976562
test_00383,17.714797973632812
test_00384,33.49774169921875
test_00385,83.28186798095703
test_00386,10.867790222167969
test_00387,19.02072525024414
test_00388,27.68732452392578
test_00389,82.11347198486328
test_00390,68.72749328613281
test_00391,36.853851318359375
test_00392,12.738052368164062
test_00393,42.41951370239258
test_00394,87.21186828613281
test_00395,80.77660369873047
test_00396,71.51582336425781
test_00397,75.12127685546875
test_00398,51.622650146484375
test_00399,150.82199096679688
test_00400,39.540504455566406
test_00401,12.104316711425781
test_00402,12.941986083984375
test_00403,15.007637023925781
test_00404,16.771018981933594
test_00405,73.33872985839844
test_00406,22.002777099609375
test_00407,40.88056945800781
test_00408,180.72811889648438
test_00409,19.735851287841797
test_00410,29.640804290771484
test_00411,56.36558532714844
test_00412,12.743644714355469
test_00413,17.81653594970703
test_00414,45.30923080444336
test_00415,76.31239318847656
test_00416,100.09099578857422
test_00417,76.86504364013672
test_00418,42.68202590942383
test_00419,72.5316390991211
test_00420,22.73798370361328
test_00421,15.063026428222656
test_00422,17.79458999633789
test_00423,19.653034210205078
test_00424,86.99759674072266
test_00425,11.276954650878906
test_00426,67.94918823242188
test_00427,45.26529312133789
test_00428,55.18427276611328
test_00429,87.42045593261719
test_00430,97.86030578613281
test_00431,68.69535064697266
test_00432,71.74189758300781
test_00433,107.36923217773438
test_00434,68.52913665771484
test_00435,131.59750366210938
test_00436,46.90896987915039
test_00437,7.025848388671875
test_00438,42.74812698364258
test_00439,27.41143035888672
test_00440,33.23367691040039
test_00441,9.007026672363281
test_00442,18.29034423828125
test_00443,21.53207015991211
test_00444,23.589683532714844
test_00445,49.24949645996094
test_00446,134.3595733642578
test_00447,95.41841125488281
test_00448,65.09053039550781
test_00449,40.55023956298828
test_00450,14.074111938476562
test_00451,26.052902221679688
test_00452,65.2245101928711
test_00453,60.20102310180664
test_00454,115.14474487304688
test_00455,7.995536804199219
test_00456,18.62207794189453
test_00457,33.624847412109375
test_00458,98.0101318359375
test_00459,41.40727615356445
test_00460,83.77259063720703
test_00461,70.0814208984375
test_00462,55.377227783203125
test_00463,47.376766204833984
test_00464,81.79859924316406
test_00465,47.58769226074219
test_00466,40.16707992553711
test_00467,6.166831970214844
test_00468,36.835845947265625
test_00469,19.35047149658203
test_00470,27.392642974853516
test_00471,58.76544952392578
test_00472,105.92281341552734
test_00473,28.80526351928711
test_00474,7.9816741943359375
test_00475,15.336502075195312
test_00476,89.0700912475586
test_00477,152.95851135253906
test_00478,66.43550109863281
test_00479,34.47134017944336
test_00480,23.872398376464844
test_00481,18.553985595703125
test_00482,59.90925216674805
test_00483,139.70062255859375
test_00484,32.283302307128906
test_00485,40.03120422363281
test_00486,60.49968719482422
test_00487,18.210601806640625
test_00488,36.60763168334961
test_00489,65.04190063476562
test_00490,90.0257339477539
test_00491,17.21588134765625
test_00492,33.99287796020508
test_00493,43.253883361816406
test_00494,89.84495544433594
test_00495,20.13412094116211
test_00496,24.139446258544922
test_00497,6.550079345703125
test_00498,18.42373275756836
test_00499,21.816627502441406
test_00500,59.16590881347656
test_00501,54.954307556152344
test_00502,14.236671447753906
test_00503,38.3216438293457
test_00504,43.509334564208984
test_00505,35.15156173706055
test_00506,58.84977722167969
test_00507,44.17979431152344
test_00508,5.7974395751953125
test_00509,10.559234619140625
test_00510,7.92572021484375
test_00511,17.004104614257812
test_00512,16.049991607666016
test_00513,15.605941772460938
test_00514,9.309738159179688
test_00515,17.109416961669922
test_00516,14.305732727050781
test_00517,133.4442596435547
test_00518,33.80522537231445
test_00519,9.603439331054688
test_00520,51.75030517578125
test_00521,8.704902648925781
test_00522,11.0462646484375
test_00523,13.642044067382812
test_00524,19.031848907470703
test_00525,24.801921844482422
test_00526,112.47257232666016
test_00527,28.425430297851562
test_00528,46.35687255859375
test_00529,30.434173583984375
test_00530,23.57520294189453
test_00531,7.630378723144531
test_00532,13.353378295898438
test_00533,23.256839752197266
test_00534,75.73188781738281
test_00535,93.90901184082031
test_00536,13.237709045410156
test_00537,109.51546478271484
test_00538,19.484455108642578
test_00539,13.895957946777344
test_00540,10.908699035644531
test_00541,29.405860900878906
test_00542,108.70320129394531
test_00543,165.69515991210938
test_00544,153.52413940429688
test_00545,129.36215209960938
test_00546,44.141632080078125
test_00547,54.74115753173828
test_00548,63.09803771972656
test_00549,39.350181579589844
test_00550,18.61524200439453
test_00551,60.19994354248047
test_00552,99.42349243164062
test_00553,77.75054931640625
test_00554,114.14926147460938
test_00555,154.39480590820312
test_00556,241.5723876953125
test_00557,150.775634765625
test_00558,17.556201934814453
test_00559,92.41345977783203
test_00560,139.69166564941406
test_00561,104.60668182373047
test_00562,30.831275939941406
test_00563,9.968803405761719
test_00564,31.57030487060547
test_00565,52.71113586425781
test_00566,100.11214447021484
test_00567,18.309429168701172
test_00568,40.29562759399414
test_00569,8.165557861328125
test_00570,27.087764739990234
test_00571,8.738594055175781
test_00572,9.986381530761719
test_00573,63.462554931640625
test_00574,27.912242889404297
test_00575,270.9369812011719
test_00576,245.10714721679688
test_00577,168.20547485351562
test_00578,68.79838562011719
test_00579,19.098670959472656
test_00580,49.81449890136719
test_00581,217.49270629882812
test_00582,25.057811737060547
test_00583,50.1915283203125
test_00584,52.72399139404297
test_00585,57.49653244018555
test_00586,17.20401382446289
test_00587,91.53016662597656
test_00588,108.81149291992188
test_00589,185.49755859375
test_00590,19.907203674316406
test_00591,57.213653564453125
test_00592,13.175483703613281
test_00593,11.649742126464844
test_00594,13.433143615722656
test_00595,61.07048034667969
test_00596,126.02882385253906
test_00597,212.41079711914062
test_00598,20.646461486816406
test_00599,68.98638916015625
test_00600,111.587646484375
test_00601,20.37900161743164
test_00602,25.433334350585938
test_00603,81.26143646240234
test_00604,166.93215942382812
test_00605,146.10247802734375
test_00606,32.19559860229492
test_00607,105.59103393554688
test_00608,174.734375
test_00609,14.146202087402344
test_00610,76.47909545898438
test_00611,64.87126922607422
test_00612,196.72071838378906
test_00613,53.688697814941406
test_00614,11.024787902832031
test_00615,14.571647644042969
test_00616,77.78055572509766
test_00617,164.45736694335938
test_00618,233.70693969726562
test_00619,205.84329223632812
test_00620,305.7733459472656
test_00621,402.95062255859375
test_00622,10.325759887695312
test_00623,55.46208190917969
test_00624,231.71987915039062
test_00625,225.6600341796875
test_00626,12.195167541503906
test_00627,82.113525390625
test_00628,9.728302001953125
test_00629,45.46076202392578
test_00630,112.96273803710938
test_00631,372.3891296386719
test_00632,25.209735870361328
test_00633,137.32171630859375
test_00634,151.3109588623047
test_00635,175.93955993652344
test_00636,160.97657775878906
test_00637,257.1258850097656
test_00638,24.332561492919922
test_00639,11.656402587890625
test_00640,11.827117919921875
test_00641,20.906661987304688
test_00642,25.12808609008789
test_00643,13.249229431152344
test_00644,21.009368896484375
test_00645,94.09780883789062
test_00646,113.43779754638672
test_00647,165.2550048828125
test_00648,46.95386505126953
test_00649,11.611053466796875
test_00650,41.23965835571289
test_00651,12.687957763671875
test_00652,29.508934020996094
test_00653,40.5975227355957
test_00654,95.75630187988281
test_00655,195.25790405273438
test_00656,9.690742492675781
test_00657,259.5150146484375
test_00658,11.541770935058594
test_00659,14.803169250488281
test_00660,61.39482879638672
test_00661,11.48480224609375
test_00662,94.45074462890625
test_00663,105.08052825927734
test_00664,248.920654296875
test_00665,15.0177001953125
test_00666,13.558761596679688
test_00667,86.3699722290039
test_00668,9.758125305175781
test_00669,9.645713806152344
test_00670,14.603065490722656
test_00671,49.838172912597656
test_00672,68.16291809082031
test_00673,71.65725708007812
test_00674,228.7259521484375
test_00675,243.55661010742188
test_00676,10.372543334960938
test_00677,53.425880432128906
test_00678,118.63267517089844
test_00679,6.570365905761719
test_00680,32.20075225830078
test_00681,109.34468841552734
test_00682,17.43294906616211
test_00683,22.2598876953125
test_00684,15.767959594726562
test_00685,66.36905670166016
test_00686,70.10089874267578
test_00687,10.225204467773438
test_00688,160.544677734375
test_00689,199.93777465820312
test_00690,357.7684326171875
test_00691,57.87255096435547
test_00692,30.4840087890625
test_00693,46.68048858642578
test_00694,9.139503479003906
test_00695,8.661201477050781
test_00696,11.2445068359375
test_00697,14.886764526367188
test_00698,89.40260314941406
test_00699,15.239402770996094
test_00700,95.89924621582031
test_00701,227.98016357421875
test_00702,302.38165283203125
test_00703,64.79966735839844
test_00704,53.79124450683594
test_00705,43.361270904541016
test_00706,145.93231201171875
test_00707,88.36699676513672
test_00708,8.584716796875
test_00709,8.978401184082031
test_00710,12.092430114746094
test_00711,9.071907043457031
test_00712,20.293697357177734
test_00713,8.476509094238281
test_00714,7.4361114501953125
test_00715,61.37306213378906
test_00716,101.57299041748047
test_00717,10.677505493164062
test_00718,9.178047180175781
test_00719,34.11845016479492
test_00720,51.02414321899414
test_00721,77.44505310058594
test_00722,24.281261444091797
test_00723,16.823421478271484
test_00724,17.80565643310547
test_00725,67.87355041503906
test_00726,34.74965286254883
test_00727,100.31652069091797
test_00728,18.312759399414062
test_00729,40.273590087890625
test_00730,89.44979858398438
test_00731,10.863670349121094
test_00732,11.867134094238281
test_00733,22.444747924804688
test_00734,119.35488891601562
test_00735,63.720802307128906
test_00736,46.64103317260742
test_00737,9.815254211425781
test_00738,44.551849365234375
test_00739,117.18447875976562
test_00740,96.87712097167969
test_00741,68.1820297241211
test_00742,51.57899856567383
test_00743,47.46860122680664
test_00744,145.9456787109375
test_00745,213.21817016601562
test_00746,31.002613067626953
test_00747,29.983272552490234
test_00748,83.35968780517578
test_00749,13.636077880859375
test_00750,15.819015502929688
test_00751,60.65936279296875
test_00752,19.950618743896484
test_00753,43.048709869384766
test_00754,162.32272338867188
test_00755,26.325462341308594
test_00756,29.685997009277344
test_00757,47.00282287597656
test_00758,9.282402038574219
test_00759,16.433429718017578
test_00760,48.667240142822266
test_00761,71.28707885742188
test_00762,88.57861328125
test_00763,60.18214797973633
test_00764,34.65579605102539
test_00765,63.21927261352539
test_00766,20.897846221923828
test_00767,16.430614471435547
test_00768,16.171279907226562
test_00769,17.273632049560547
test_00770,85.26405334472656
test_00771,12.788688659667969
test_00772,76.7044906616211
test_00773,42.09780502319336
test_00774,25.872955322265625
test_00775,48.11358642578125
test_00776,104.39216613769531
test_00777,69.55060577392578
test_00778,82.23938751220703
test_00779,80.8418197631836
test_00780,50.98128890991211
test_00781,105.75875091552734
test_00782,51.94471740722656
test_00783,7.2463836669921875
test_00784,14.698997497558594
test_00785,30.630809783935547
test_00786,29.722381591796875
test_00787,11.33428955078125
test_00788,17.615264892578125
test_00789,15.486061096191406
test_00790,19.8931884765625
test_00791,41.03284454345703
test_00792,143.7379150390625
test_00793,54.327335357666016
test_00794,49.84241485595703
test_00795,16.858280181884766
test_00796,7.651329040527344
test_00797,18.540752410888672
test_00798,37.142181396484375
test_00799,69.89183044433594
test_00800,72.49987030029297
test_00801,115.93745422363281
test_00802,6.1358489990234375
test_00803,9.147956848144531
test_00804,18.014888763427734
test_00805,82.01338195800781
test_00806,57.737056732177734
test_00807,82.61577606201172
test_00808,57.931644439697266
test_00809,88.96270751953125
test_00810,71.9127426147461
test_00811,98.92257690429688
test_00812,59.91986846923828
test_00813,38.332489013671875
test_00814,10.915298461914062
test_00815,41.2712287902832
test_00816,15.652320861816406
test_00817,20.95989227294922
test_00818,63.774688720703125
test_00819,104.81697082519531
test_00820,38.59438705444336
test_00821,9.309494018554688
test_00822,14.949127197265625
test_00823,96.40516662597656
test_00824,158.31565856933594
test_00825,72.52627563476562
test_00826,9.376060485839844
test_00827,26.47922134399414
test_00828,17.11300277709961
test_00829,66.33785247802734
test_00830,143.27024841308594
test_00831,38.567283630371094
test_00832,32.56831741333008
test_00833,54.37413787841797
test_00834,26.05675506591797
test_00835,38.70584487915039
test_00836,61.411529541015625
test_00837,92.60693359375
test_00838,18.965923309326172
test_00839,32.254127502441406
test_00840,44.256446838378906
test_00841,110.19328308105469
test_00842,114.50250244140625
test_00843,12.747787475585938
test_00844,21.628108978271484
test_00845,9.898338317871094
test_00846,10.229080200195312
test_00847,26.692623138427734
test_00848,49.220584869384766
test_00849,42.3984489440918
test_00850,13.571144104003906
test_00851,30.633228302001953
test_00852,49.63981628417969
test_00853,33.46263885498047
test_00854,57.86498260498047
test_00855,43.1928825378418
test_00856,5.1722564697265625
test_00857,9.840705871582031
test_00858,6.863739013671875
test_00859,8.076622009277344
test_00860,15.037849426269531
test_00861,14.734291076660156
test_00862,4.3265533447265625
test_00863,10.628593444824219
test_00864,12.628288269042969
test_00865,122.54080200195312
test_00866,27.31531524658203
test_00867,10.029273986816406
test_00868,49.86288070678711
test_00869,8.441993713378906
test_00870,11.659454345703125
test_00871,13.657608032226562
test_00872,18.864410400390625
test_00873,18.267929077148438
test_00874,116.55701446533203
test_00875,25.67638397216797
test_00876,34.996826171875
test_00877,22.97435760498047
test_00878,20.460472106933594
test_00879,7.114982604980469
test_00880,8.841026306152344
test_00881,71.55480194091797
test_00882,23.380184173583984
test_00883,108.98432159423828
test_00884,16.16516876220703
test_00885,10.485824584960938
test_00886,7.625419616699219
test_00887,24.79828643798828
test_00888,96.56544494628906
test_00889,162.20140075683594
test_00890,136.2886505126953
test_00891,100.28459930419922
test_00892,39.3391227722168
test_00893,69.80426788330078
test_00894,64.7290267944336
test_00895,34.64102554321289
test_00896,144.69630432128906
test_00897,147.74351501464844
test_00898,11.137275695800781
test_00899,76.99315643310547
test_00900,146.57083129882812
test_00901,90.53335571289062
test_00902,30.738773345947266
test_00903,6.433647155761719
test_00904,17.873138427734375
test_00905,43.389617919921875
test_00906,23.68698501586914
test_00907,31.528968811035156
test_00908,7.543815612792969
test_00909,30.796802520751953
test_00910,6.5585174560546875
test_00911,11.270729064941406
test_00912,56.90776824951172
test_00913,22.258712768554688
test_00914,180.23294067382812
test_00915,260.7530212402344
test_00916,188.07550048828125
test_00917,50.081504821777344
test_00918,7.7221832275390625
test_00919,52.501373291015625
test_00920,218.13943481445312
test_00921,17.93038558959961
test_00922,25.114032745361328
test_00923,49.306297302246094
test_00924,30.33197784423828
test_00925,23.92774200439453
test_00926,78.32243347167969
test_00927,111.18423461914062
test_00928,178.66168212890625
test_00929,17.101985931396484
test_00930,58.77328109741211
test_00931,10.923477172851562
test_00932,11.298179626464844
test_00933,8.844680786132812
test_00934,74.75202178955078
test_00935,120.30292510986328
test_00936,224.68087768554688
test_00937,8.186004638671875
test_00938,70.06597137451172
test_00939,97.42476654052734
test_00940,10.870994567871094
test_00941,15.87054443359375
test_00942,71.05066680908203
test_00943,170.9912872314453
test_00944,134.64752197265625
test_00945,23.788917541503906
test_00946,56.235626220703125
test_00947,141.38189697265625
test_00948,14.89752197265625
test_00949,28.76553726196289
test_00950,62.63081359863281
test_00951,190.780517578125
test_00952,97.07965850830078
test_00953,12.470703125
test_00954,11.432113647460938
test_00955,87.38065338134766
test_00956,136.92869567871094
test_00957,228.88461303710938
test_00958,208.56753540039062
test_00959,372.04583740234375
test_00960,391.5809631347656
test_00961,9.135658264160156
test_00962,44.11179733276367
test_00963,208.3292236328125
test_00964,198.81304931640625
test_00965,12.874832153320312
test_00966,71.8496322631836
test_00967,12.145736694335938
test_00968,56.094444274902344
test_00969,124.11848449707031
test_00970,184.18496704101562
test_00971,18.08389663696289
test_00972,127.78836059570312
test_00973,68.92264556884766
test_00974,206.52903747558594
test_00975,161.07577514648438
test_00976,206.455810546875
test_00977,24.510726928710938
test_00978,13.41558837890625
test_00979,10.34783935546875
test_00980,16.206954956054688
test_00981,21.311920166015625
test_00982,15.025978088378906
test_00983,27.017776489257812
test_00984,107.61857604980469
test_00985,125.91409301757812
test_00986,126.88442993164062
test_00987,43.863983154296875
test_00988,8.299468994140625
test_00989,55.579490661621094
test_00990,11.0123291015625
test_00991,33.16545104980469
test_00992,42.8413200378418
test_00993,135.72378540039062
test_00994,191.8157958984375
test_00995,12.837661743164062
test_00996,289.3367919921875
test_00997,10.953239440917969
test_00998,8.206512451171875
test_00999,60.60359191894531
test_01000,9.036766052246094
test_01001,72.52200317382812
test_01002,109.97920227050781
test_01003,237.66098022460938
test_01004,14.433525085449219
test_01005,14.78216552734375
test_01006,86.74556732177734
test_01007,10.298881530761719
test_01008,8.756912231445312
test_01009,10.838882446289062
test_01010,47.720699310302734
test_01011,85.86332702636719
test_01012,43.080448150634766
test_01013,221.27517700195312
test_01014,250.89004516601562
test_01015,8.166854858398438
test_01016,50.295509338378906
test_01017,111.60826110839844
test_01018,8.1412353515625
test_01019,27.7813720703125
test_01020,90.3850326538086
test_01021,12.501800537109375
test_01022,19.265167236328125
test_01023,15.161491394042969
test_01024,28.38758087158203
test_01025,85.54701232910156
test_01026,10.649497985839844
test_01027,204.6302490234375
test_01028,116.57650756835938
test_01029,360.6320495605469
test_01030,63.96674346923828
test_01031,45.898643493652344
test_01032,102.64595031738281
test_01033,9.632308959960938
test_01034,6.6981201171875
test_01035,10.02288818359375
test_01036,19.671478271484375
test_01037,114.28828430175781
test_01038,12.375747680664062
test_01039,118.0198974609375
test_01040,289.70440673828125
test_01041,295.3736877441406
test_01042,68.63653564453125
test_01043,48.90674591064453
test_01044,57.68280792236328
test_01045,131.93711853027344
test_01046,57.12732696533203
test_01047,16.22856903076172
test_01048,41.11387252807617
test_01049,13.462783813476562
test_01050,54.21159362792969
test_01051,12.776222229003906
test_01052,12.209114074707031
test_01053,125.26213073730469
test_01054,62.96575164794922
test_01055,7.661155700683594
test_01056,12.964378356933594
test_01057,75.48041534423828
test_01058,100.52630615234375
test_01059,116.54076385498047
test_01060,37.171749114990234
test_01061,21.092788696289062
test_01062,62.92540740966797
test_01063,68.45128631591797
test_01064,43.239959716796875
test_01065,97.36060333251953
test_01066,58.06940460205078
test_01067,38.01103591918945
test_01068,103.08514404296875
test_01069,12.279342651367188
test_01070,19.908832550048828
test_01071,34.45692825317383
test_01072,73.32618713378906
test_01073,91.63838958740234
test_01074,55.51673126220703
test_01075,24.376262664794922
test_01076,73.66134643554688
test_01077,75.37911987304688
test_01078,104.16741943359375
test_01079,99.10091400146484
test_01080,65.53140258789062
test_01081,212.0064697265625
test_01082,37.885074615478516
test_01083,16.976245880126953
test_01084,58.89959716796875
test_01085,45.85110092163086
test_01086,30.372055053710938
test_01087,77.85166931152344
test_01088,25.604122161865234
test_01089,62.72001647949219
test_01090,176.32373046875
test_01091,27.735328674316406
test_01092,36.87449645996094
test_01093,63.9349479675293
test_01094,45.00099563598633
test_01095,48.15224838256836
test_01096,53.985130310058594
test_01097,87.78060913085938
test_01098,139.57489013671875
test_01099,86.13548278808594
test_01100,69.92083740234375
test_01101,85.64976501464844
test_01102,54.585609436035156
test_01103,12.048149108886719
test_01104,24.882953643798828
test_01105,78.13542938232422
test_01106,43.00923156738281
test_01107,17.62560272216797
test_01108,100.2522201538086
test_01109,42.36589431762695
test_01110,38.59733581542969
test_01111,46.061607360839844
test_01112,81.57605743408203
test_01113,135.4987335205078
test_01114,91.63345336914062
test_01115,172.62232971191406
test_01116,43.95780563354492
test_01117,14.088920593261719
test_01118,55.328956604003906
test_01119,56.49578857421875
test_01120,58.72943878173828
test_01121,14.545173645019531
test_01122,30.57064437866211
test_01123,30.83804702758789
test_01124,36.72896194458008
test_01125,105.98011016845703
test_01126,93.00724029541016
test_01127,164.10791015625
test_01128,56.44356155395508
test_01129,153.54013061523438
test_01130,9.72900390625
test_01131,18.668148040771484
test_01132,29.84109115600586
test_01133,68.1233901977539
test_01134,101.65460205078125
test_01135,116.4332275390625
test_01136,73.57552337646484
test_01137,36.77277755737305
test_01138,44.63106155395508
test_01139,142.594482421875
test_01140,50.040122985839844
test_01141,86.8421859741211
test_01142,86.30996704101562
test_01143,96.44558715820312
test_01144,92.6541748046875
test_01145,163.08901977539062
test_01146,139.0780029296875
test_01147,23.06627655029297
test_01148,25.847000122070312
test_01149,31.313751220703125
test_01150,36.529388427734375
test_01151,95.29891204833984
test_01152,105.16947937011719
test_01153,103.43408966064453
test_01154,17.525123596191406
test_01155,28.66495132446289
test_01156,70.8668212890625
test_01157,32.96166229248047
test_01158,59.468658447265625
test_01159,113.33358764648438
test_01160,46.22431564331055
test_01161,64.41183471679688
test_01162,176.1466522216797
test_01163,87.2828140258789
test_01164,106.18236541748047
test_01165,75.7870864868164
test_01166,137.51934814453125
test_01167,26.325393676757812
test_01168,48.08639144897461
test_01169,45.67196273803711
test_01170,75.95697784423828
test_01171,78.10066223144531
test_01172,50.188392639160156
test_01173,34.593605041503906
test_01174,17.553443908691406
test_01175,11.091598510742188
test_01176,32.67123031616211
test_01177,91.79957580566406
test_01178,63.4390869140625
test_01179,36.20489501953125
test_01180,78.78931427001953
test_01181,76.26446533203125
test_01182,39.03550338745117
test_01183,86.29335021972656
test_01184,127.04766845703125
test_01185,8.792327880859375
test_01186,28.447433471679688
test_01187,12.358619689941406
test_01188,17.148452758789062
test_01189,28.309642791748047
test_01190,19.712722778320312
test_01191,6.529884338378906
test_01192,11.915176391601562
test_01193,14.86614990234375
test_01194,133.18939208984375
test_01195,34.07571029663086
test_01196,11.798614501953125
test_01197,50.42808532714844
test_01198,13.16632080078125
test_01199,11.686721801757812
test_01200,16.32925796508789
test_01201,32.97401428222656
test_01202,41.130733489990234
test_01203,66.14734649658203
test_01204,79.58454895019531
test_01205,167.96774291992188
test_01206,36.52183151245117
test_01207,30.08013153076172
test_01208,15.99041748046875
test_01209,29.229408264160156
test_01210,44.524940490722656
test_01211,80.74327087402344
test_01212,109.78597259521484
test_01213,34.65815734863281
test_01214,188.66964721679688
test_01215,35.56294631958008
test_01216,11.7744140625
test_01217,10.974151611328125
test_01218,40.46360397338867
test_01219,89.72138214111328
test_01220,228.7459716796875
test_01221,191.86813354492188
test_01222,104.34292602539062
test_01223,64.0826416015625
test_01224,50.368263244628906
test_01225,50.72187805175781
test_01226,22.62417221069336
test_01227,54.922119140625
test_01228,177.97622680664062
test_01229,51.56580352783203
test_01230,126.52708435058594
test_01231,306.7401428222656
test_01232,128.11085510253906
test_01233,109.41761016845703
test_01234,54.228363037109375
test_01235,209.00173950195312
test_01236,28.920989990234375
test_01237,42.30813980102539
test_01238,8.960830688476562
test_01239,18.026165008544922
test_01240,54.44272994995117
test_01241,130.6382598876953
test_01242,7.1221160888671875
test_01243,7.3909454345703125
test_01244,25.12957763671875
test_01245,8.759857177734375
test_01246,11.49066162109375
test_01247,76.19214630126953
test_01248,162.00587463378906
test_01249,290.652587890625
test_01250,258.99139404296875
test_01251,126.1778564453125
test_01252,126.64987182617188
test_01253,12.008163452148438
test_01254,101.63540649414062
test_01255,183.25682067871094
test_01256,97.3759765625
test_01257,54.47691345214844
test_01258,53.046783447265625
test_01259,12.603256225585938
test_01260,13.497299194335938
test_01261,87.8836669921875
test_01262,68.86034393310547
test_01263,197.26193237304688
test_01264,27.510822296142578
test_01265,78.01802825927734
test_01266,10.228546142578125
test_01267,8.823570251464844
test_01268,26.922447204589844
test_01269,101.12042999267578
test_01270,208.10897827148438
test_01271,288.6510925292969
test_01272,17.343517303466797
test_01273,149.8192901611328
test_01274,159.2120361328125
test_01275,9.855781555175781
test_01276,123.979736328125
test_01277,202.17495727539062
test_01278,537.963134765625
test_01279,73.96161651611328
test_01280,37.702823638916016
test_01281,117.89802551269531
test_01282,228.43682861328125
test_01283,9.050079345703125
test_01284,15.937049865722656
test_01285,218.76205444335938
test_01286,241.1202392578125
test_01287,10.681098937988281
test_01288,13.645034790039062
test_01289,10.157760620117188
test_01290,96.38854217529297
test_01291,287.9128112792969
test_01292,211.32498168945312
test_01293,241.89852905273438
test_01294,433.5404357910156
test_01295,476.0197448730469
test_01296,16.805912017822266
test_01297,91.89088439941406
test_01298,150.04124450683594
test_01299,172.3970947265625
test_01300,8.269676208496094
test_01301,153.29248046875
test_01302,14.728157043457031
test_01303,419.3993835449219
test_01304,381.4879455566406
test_01305,380.5330505371094
test_01306,94.03423309326172
test_01307,357.9053039550781
test_01308,262.7092590332031
test_01309,266.6948547363281
test_01310,160.33935546875
test_01311,127.12492370605469
test_01312,21.004230499267578
test_01313,18.174774169921875
test_01314,9.57318115234375
test_01315,56.06114196777344
test_01316,83.89043426513672
test_01317,11.862815856933594
test_01318,32.208560943603516
test_01319,89.26773834228516
test_01320,141.0469512939453
test_01321,188.39730834960938
test_01322,62.58605194091797
test_01323,9.065673828125
test_01324,74.36893463134766
test_01325,14.576042175292969
test_01326,31.42288589477539
test_01327,100.26052856445312
test_01328,149.31695556640625
test_01329,313.13079833984375
test_01330,12.250167846679688
test_01331,568.7973022460938
test_01332,13.841682434082031
test_01333,11.341262817382812
test_01334,81.32244873046875
test_01335,7.17816162109375
test_01336,85.3978042602539
test_01337,325.69488525390625
test_01338,9.723655700683594
test_01339,12.502166748046875
test_01340,62.218780517578125
test_01341,14.745712280273438
test_01342,13.201385498046875
test_01343,16.055706024169922
test_01344,132.02711486816406
test_01345,164.73855590820312
test_01346,195.66256713867188
test_01347,273.5855712890625
test_01348,261.6571044921875
test_01349,7.7088775634765625
test_01350,91.40435791015625
test_01351,168.15159606933594
test_01352,8.165733337402344
test_01353,66.73358917236328
test_01354,95.65910339355469
test_01355,12.599708557128906
test_01356,22.128925323486328
test_01357,12.0787353515625
test_01358,22.938186645507812
test_01359,113.5760498046875
test_01360,9.156394958496094
test_01361,174.3101806640625
test_01362,141.34490966796875
test_01363,369.0460510253906
test_01364,81.79235076904297
test_01365,56.72796630859375
test_01366,81.8575668334961
test_01367,8.503677368164062
test_01368,7.5366363525390625
test_01369,9.222846984863281
test_01370,15.835380554199219
test_01371,109.5347900390625
test_01372,13.296722412109375
test_01373,104.86213684082031
test_01374,274.53533935546875
test_01375,314.9319152832031
test_01376,75.9985580444336
test_01377,49.540096282958984
test_01378,52.035072326660156
test_01379,126.63926696777344
test_01380,61.9516716003418
test_01381,14.874946594238281
test_01382,31.520919799804688
test_01383,37.45874786376953
test_01384,16.134540557861328
test_01385,46.44042205810547
test_01386,11.355392456054688
test_01387,11.072494506835938
test_01388,124.94898986816406
test_01389,65.43331909179688
test_01390,9.147018432617188
test_01391,11.473388671875
test_01392,60.49281692504883
test_01393,109.06918334960938
test_01394,121.56613159179688
test_01395,34.14834976196289
test_01396,19.837425231933594
test_01397,63.41289520263672
test_01398,66.89788055419922
test_01399,85.95851135253906
test_01400,87.32390594482422
test_01401,44.20768737792969
test_01402,92.39370727539062
test_01403,16.662857055664062
test_01404,21.748886108398438
test_01405,39.535240173339844
test_01406,73.28305053710938
test_01407,83.77684783935547
test_01408,47.41851806640625
test_01409,19.304859161376953
test_01410,52.991905212402344
test_01411,64.83604431152344
test_01412,79.16593933105469
test_01413,94.83726501464844
test_01414,130.01177978515625
test_01415,58.34854507446289
test_01416,184.06253051757812
test_01417,200.21856689453125
test_01418,33.586891174316406
test_01419,25.715087890625
test_01420,58.51006317138672
test_01421,18.58873748779297
test_01422,22.403610229492188
test_01423,65.93325805664062
test_01424,27.68083953857422
test_01425,47.47354507446289
test_01426,186.36195373535156
test_01427,22.86343765258789
test_01428,29.132076263427734
test_01429,62.880977630615234
test_01430,36.50343322753906
test_01431,42.061363220214844
test_01432,52.54754638671875
test_01433,88.6348648071289
test_01434,93.39655303955078
test_01435,88.02482604980469
test_01436,66.43406677246094
test_01437,88.87874603271484
test_01438,57.515724182128906
test_01439,17.55483627319336
test_01440,19.17776107788086
test_01441,53.82696533203125
test_01442,37.70344924926758
test_01443,11.778999328613281
test_01444,95.43943786621094
test_01445,42.391544342041016
test_01446,42.87773132324219
test_01447,48.87757110595703
test_01448,79.71261596679688
test_01449,74.74642944335938
test_01450,97.71253967285156
test_01451,130.28817749023438
test_01452,98.52078247070312
test_01453,199.130859375
test_01454,37.13386917114258
test_01455,12.099365234375
test_01456,71.2754135131836
test_01457,29.576316833496094
test_01458,67.81838989257812
test_01459,16.028751373291016
test_01460,29.32687759399414
test_01461,32.41022872924805
test_01462,38.15016174316406
test_01463,114.45521545410156
test_01464,101.06852722167969
test_01465,166.67599487304688
test_01466,66.54136657714844
test_01467,95.65782165527344
test_01468,10.429702758789062
test_01469,16.64099884033203
test_01470,29.70427703857422
test_01471,67.24225616455078
test_01472,104.30651092529297
test_01473,120.73171997070312
test_01474,87.2364501953125
test_01475,31.04034423828125
test_01476,33.55046081542969
test_01477,115.27545166015625
test_01478,51.751644134521484
test_01479,83.02014923095703
test_01480,102.95472717285156
test_01481,69.25093841552734
test_01482,66.68767547607422
test_01483,132.5439910888672
test_01484,106.47435760498047
test_01485,87.29141998291016
test_01486,19.191272735595703
test_01487,47.68388366699219
test_01488,44.740875244140625
test_01489,37.75086212158203
test_01490,107.87835693359375
test_01491,136.79815673828125
test_01492,82.00111389160156
test_01493,20.221004486083984
test_01494,49.6737174987793
test_01495,124.33662414550781
test_01496,33.86497116088867
test_01497,48.761112213134766
test_01498,8.194114685058594
test_01499,120.014404296875
test_01500,141.24920654296875
test_01501,56.80224609375
test_01502,69.36988067626953
test_01503,144.013427734375
test_01504,68.81480407714844
test_01505,93.3082046508789
test_01506,77.17511749267578
test_01507,111.29266357421875
test_01508,27.488056182861328
test_01509,45.28164291381836
test_01510,49.83855438232422
test_01511,74.99005889892578
test_01512,85.3899917602539
test_01513,69.46792602539062
test_01514,30.72530746459961
test_01515,18.015850067138672
test_01516,9.162994384765625
test_01517,27.183975219726562
test_01518,85.12845611572266
test_01519,60.064361572265625
test_01520,31.45343017578125
test_01521,69.85555267333984
test_01522,73.42156982421875
test_01523,35.04093933105469
test_01524,114.74691772460938
test_01525,131.08908081054688
test_01526,7.297332763671875
test_01527,28.409053802490234
test_01528,8.307487487792969
test_01529,19.798309326171875
test_01530,23.190059661865234
test_01531,20.456024169921875
test_01532,9.621345520019531
test_01533,21.731204986572266
test_01534,20.862934112548828
test_01535,139.38983154296875
test_01536,28.298995971679688
test_01537,19.85434341430664
test_01538,57.92053985595703
test_01539,18.838191986083984
test_01540,8.676925659179688
test_01541,10.388099670410156
test_01542,37.476905822753906
test_01543,39.499122619628906
test_01544,78.60181427001953
test_01545,56.324066162109375
test_01546,159.56105041503906
test_01547,41.6926155090332
test_01548,27.69179916381836
test_01549,12.792129516601562
test_01550,23.604167938232422
test_01551,45.037132263183594
test_01552,97.3115463256836
test_01553,82.96282196044922
test_01554,33.46857833862305
test_01555,180.30776977539062
test_01556,25.024158477783203
test_01557,11.089614868164062
test_01558,13.25299072265625
test_01559,36.482398986816406
test_01560,93.79875946044922
test_01561,199.21090698242188
test_01562,172.4198760986328
test_01563,94.72189331054688
test_01564,39.270015716552734
test_01565,64.40587615966797
test_01566,51.245635986328125
test_01567,53.36082458496094
test_01568,18.04627227783203
test_01569,46.066864013671875
test_01570,171.904296875
test_01571,56.92668151855469
test_01572,122.64703369140625
test_01573,251.9334716796875
test_01574,263.6158142089844
test_01575,123.83737182617188
test_01576,127.33302307128906
test_01577,82.19718933105469
test_01578,239.56509399414062
test_01579,41.17110824584961
test_01580,38.749454498291016
test_01581,7.624267578125
test_01582,20.997852325439453
test_01583,77.33638000488281
test_01584,113.4742660522461
test_01585,12.448043823242188
test_01586,53.79991149902344
test_01587,6.8695526123046875
test_01588,25.46587371826172
test_01589,10.337173461914062
test_01590,10.347915649414062
test_01591,74.48410034179688
test_01592,145.5994415283203
test_01593,267.599609375
test_01594,226.5731201171875
test_01595,120.02902221679688
test_01596,127.97711944580078
test_01597,13.190093994140625
test_01598,99.83123016357422
test_01599,205.24099731445312
test_01600,128.28179931640625
test_01601,75.73030090332031
test_01602,60.49940490722656
test_01603,25.230281829833984
test_01604,13.062744140625
test_01605,79.2560043334961
test_01606,65.54955291748047
test_01607,195.40988159179688
test_01608,38.228370666503906
test_01609,71.4360580444336
test_01610,10.684089660644531
test_01611,8.644798278808594
test_01612,19.48686981201172
test_01613,99.78719329833984
test_01614,204.53921508789062
test_01615,307.05999755859375
test_01616,19.028873443603516
test_01617,109.14456176757812
test_01618,141.09957885742188
test_01619,8.476547241210938
test_01620,139.1209716796875
test_01621,174.33932495117188
test_01622,472.75750732421875
test_01623,97.39698791503906
test_01624,32.61399841308594
test_01625,127.28413391113281
test_01626,198.2807159423828
test_01627,9.497810363769531
test_01628,22.186309814453125
test_01629,155.55255126953125
test_01630,229.26480102539062
test_01631,11.114082336425781
test_01632,17.198692321777344
test_01633,13.222763061523438
test_01634,81.35292053222656
test_01635,265.16943359375
test_01636,231.26388549804688
test_01637,208.3665771484375
test_01638,350.7369384765625
test_01639,485.2110290527344
test_01640,16.08566665649414
test_01641,84.91105651855469
test_01642,182.5716552734375
test_01643,174.16949462890625
test_01644,12.422225952148438
test_01645,160.08773803710938
test_01646,12.633216857910156
test_01647,361.127197265625
test_01648,260.00592041015625
test_01649,415.79833984375
test_01650,135.39967346191406
test_01651,284.8919372558594
test_01652,262.12884521484375
test_01653,177.4359588623047
test_01654,136.40341186523438
test_01655,29.07052230834961
test_01656,13.855880737304688
test_01657,9.425003051757812
test_01658,71.41785430908203
test_01659,92.43086242675781
test_01660,13.635894775390625
test_01661,28.849163055419922
test_01662,84.30435180664062
test_01663,121.19667053222656
test_01664,181.25714111328125
test_01665,49.24433135986328
test_01666,9.072769165039062
test_01667,66.81620788574219
test_01668,10.357872009277344
test_01669,21.157123565673828
test_01670,73.5544662475586
test_01671,177.58258056640625
test_01672,278.74658203125
test_01673,6.016471862792969
test_01674,567.4135131835938
test_01675,12.808258056640625
test_01676,11.761734008789062
test_01677,71.492919921875
test_01678,7.030372619628906
test_01679,51.53898620605469
test_01680,83.12043762207031
test_01681,10.913337707519531
test_01682,10.959388732910156
test_01683,57.74530029296875
test_01684,13.701438903808594
test_01685,10.263839721679688
test_01686,13.402130126953125
test_01687,111.7007827758789
test_01688,148.77993774414062
test_01689,156.4361572265625
test_01690,254.83541870117188
test_01691,286.4098815917969
test_01692,7.222114562988281
test_01693,83.68721771240234
test_01694,142.8404541015625
test_01695,7.067474365234375
test_01696,71.02571868896484
test_01697,83.27715301513672
test_01698,21.19375991821289
test_01699,35.57170867919922
test_01700,10.690925598144531
test_01701,23.261104583740234
test_01702,70.37416076660156
test_01703,10.996780395507812
test_01704,158.23587036132812
test_01705,185.71481323242188
test_01706,342.0989685058594
test_01707,82.51493835449219
test_01708,58.884437561035156
test_01709,52.39519500732422
test_01710,9.181167602539062
test_01711,8.364364624023438
test_01712,10.196945190429688
test_01713,16.83568572998047
test_01714,92.95319366455078
test_01715,9.928802490234375
test_01716,114.79654693603516
test_01717,265.17291259765625
test_01718,351.02886962890625
test_01719,93.13684844970703
test_01720,54.26523208618164
test_01721,54.100669860839844
test_01722,122.19778442382812
test_01723,62.14488983154297
test_01724,9.814895629882812
test_01725,35.04753112792969
test_01726,52.104278564453125
test_01727,12.454475402832031
test_01728,64.79367065429688
test_01729,9.177703857421875
test_01730,12.539627075195312
test_01731,91.26839447021484
test_01732,67.77932739257812
test_01733,7.6612091064453125
test_01734,12.699424743652344
test_01735,63.801815032958984
test_01736,127.16535186767578
test_01737,79.49727630615234
test_01738,20.54721450805664
test_01739,20.08397674560547
test_01740,52.334571838378906
test_01741,62.48822784423828
test_01742,44.6759033203125
test_01743,127.11582946777344
test_01744,109.82361602783203
test_01745,71.46729278564453
test_01746,95.3467025756836
test_01747,18.068527221679688
test_01748,37.49693298339844
test_01749,42.83795928955078
test_01750,70.9068832397461
test_01751,88.1263198852539
test_01752,26.76378631591797
test_01753,13.326942443847656
test_01754,59.42665100097656
test_01755,59.73308563232422
test_01756,77.8714370727539
test_01757,73.6851806640625
test_01758,68.59559631347656
test_01759,44.24717712402344
test_01760,235.31179809570312
test_01761,204.8133087158203
test_01762,21.623737335205078
test_01763,14.469062805175781
test_01764,22.670249938964844
test_01765,44.99971008300781
test_01766,13.590057373046875
test_01767,21.453754425048828
test_01768,59.31206130981445
test_01769,29.42438507080078
test_01770,55.3813591003418
test_01771,200.00485229492188
test_01772,23.002826690673828
test_01773,38.21529006958008
test_01774,61.36724090576172
test_01775,49.98715591430664
test_01776,41.94905090332031
test_01777,56.88098907470703
test_01778,94.11138153076172
test_01779,97.24034118652344
test_01780,81.29732513427734
test_01781,42.767234802246094
test_01782,79.2265396118164
test_01783,29.00567626953125
test_01784,10.8033447265625
test_01785,15.896377563476562
test_01786,59.808555603027344
test_01787,20.589385986328125
test_01788,93.13849639892578
test_01789,37.978431701660156
test_01790,45.11894226074219
test_01791,65.90296936035156
test_01792,59.169803619384766
test_01793,71.87372589111328
test_01794,119.41106414794922
test_01795,90.32633209228516
test_01796,246.7144775390625
test_01797,48.22374725341797
test_01798,11.526741027832031
test_01799,40.05287170410156
test_01800,26.522720336914062
test_01801,55.73613739013672
test_01802,8.996391296386719
test_01803,29.81365966796875
test_01804,32.262142181396484
test_01805,38.72917556762695
test_01806,77.02981567382812
test_01807,109.65924072265625
test_01808,109.61297607421875
test_01809,81.20153045654297
test_01810,19.98007583618164
test_01811,10.705337524414062
test_01812,14.759483337402344
test_01813,40.20779800415039
test_01814,92.53369903564453
test_01815,99.46736145019531
test_01816,107.19705200195312
test_01817,55.33964157104492
test_01818,30.81759262084961
test_01819,39.15538787841797
test_01820,106.21275329589844
test_01821,54.788230895996094
test_01822,99.59550476074219
test_01823,90.6460189819336
test_01824,63.16886901855469
test_01825,102.72543334960938
test_01826,114.04220581054688
test_01827,85.0265121459961
test_01828,69.74258422851562
test_01829,16.606895446777344
test_01830,43.5168342590332
test_01831,25.36203384399414
test_01832,29.50900650024414
test_01833,74.74059295654297
test_01834,106.63340759277344
test_01835,53.18031692504883
test_01836,12.406883239746094
test_01837,24.597549438476562
test_01838,57.105506896972656
test_01839,145.2962188720703
test_01840,137.2718505859375
test_01841,33.823883056640625
test_01842,38.92235565185547
test_01843,9.423149108886719
test_01844,81.42779541015625
test_01845,115.54293823242188
test_01846,51.99681091308594
test_01847,76.16057586669922
test_01848,63.449317932128906
test_01849,22.123516082763672
test_01850,34.86318588256836
test_01851,75.54509735107422
test_01852,91.73002624511719
test_01853,21.790184020996094
test_01854,40.046817779541016
test_01855,43.51939392089844
test_01856,64.27640533447266
test_01857,103.10201263427734
test_01858,43.68923568725586
test_01859,38.01941680908203
test_01860,17.71570587158203
test_01861,10.3975830078125
test_01862,25.583763122558594
test_01863,70.77367401123047
test_01864,60.615501403808594
test_01865,23.66217041015625
test_01866,66.09988403320312
test_01867,77.09918975830078
test_01868,46.151485443115234
test_01869,97.38739776611328
test_01870,84.74439239501953
test_01871,4.86004638671875
test_01872,7.175651550292969
test_01873,9.965660095214844
test_01874,10.5380859375
test_01875,24.936702728271484
test_01876,14.293037414550781
test_01877,5.976493835449219
test_01878,23.354534149169922
test_01879,15.435050964355469
test_01880,136.62852478027344
test_01881,15.349662780761719
test_01882,58.25943374633789
test_01883,9.077735900878906
test_01884,7.960151672363281
test_01885,12.721267700195312
test_01886,29.914932250976562
test_01887,38.51942443847656
test_01888,92.669921875
test_01889,44.15483856201172
test_01890,172.6337890625
test_01891,74.80233001708984
test_01892,21.999706268310547
test_01893,16.03960418701172
test_01894,21.505855560302734
test_01895,83.96066284179688
test_01896,89.54800415039062
test_01897,100.69491577148438
test_01898,207.53973388671875
test_01899,26.47834014892578
test_01900,12.170997619628906
test_01901,10.629196166992188
test_01902,190.984130859375
test_01903,187.242431640625
test_01904,92.97942352294922
test_01905,30.549396514892578
test_01906,61.189632415771484
test_01907,53.992584228515625
test_01908,45.19737243652344
test_01909,30.530841827392578
test_01910,79.0000228881836
test_01911,155.83673095703125
test_01912,80.19459533691406
test_01913,121.34876251220703
test_01914,198.16427612304688
test_01915,256.0809326171875
test_01916,144.61260986328125
test_01917,98.26358795166016
test_01918,84.02722930908203
test_01919,196.9090576171875
test_01920,54.39830017089844
test_01921,51.21352767944336
test_01922,17.15619659423828
test_01923,19.166385650634766
test_01924,31.20996856689453
test_01925,95.54496002197266
test_01926,11.232109069824219
test_01927,35.23984909057617
test_01928,9.677597045898438
test_01929,24.032203674316406
test_01930,11.281623840332031
test_01931,11.332687377929688
test_01932,74.86979675292969
test_01933,141.09713745117188
test_01934,314.94818115234375
test_01935,234.66238403320312
test_01936,94.91680908203125
test_01937,112.5873794555664
test_01938,9.314804077148438
test_01939,98.0474624633789
test_01940,210.65963745117188
test_01941,47.30377960205078
test_01942,73.60923767089844
test_01943,52.1967658996582
test_01944,18.481189727783203
test_01945,18.899978637695312
test_01946,76.9133529663086
test_01947,72.24099731445312
test_01948,165.64578247070312
test_01949,19.76601791381836
test_01950,54.19721984863281
test_01951,10.899574279785156
test_01952,8.1915283203125
test_01953,12.009681701660156
test_01954,85.77792358398438
test_01955,178.08175659179688
test_01956,440.0479736328125
test_01957,16.703601837158203
test_01958,111.70332336425781
test_01959,139.910400390625
test_01960,12.201484680175781
test_01961,66.08863830566406
test_01962,94.8154296875
test_01963,373.8218688964844
test_01964,145.71621704101562
test_01965,40.11532974243164
test_01966,69.83342742919922
test_01967,187.45648193359375
test_01968,8.629745483398438
test_01969,20.543590545654297
test_01970,107.81653594970703
test_01971,237.140380859375
test_01972,11.392662048339844
test_01973,7.3906402587890625
test_01974,95.56668090820312
test_01975,164.17636108398438
test_01976,266.4080505371094
test_01977,210.63064575195312
test_01978,502.0543212890625
test_01979,439.8989562988281
test_01980,9.374801635742188
test_01981,94.77436828613281
test_01982,164.91168212890625
test_01983,163.20001220703125
test_01984,13.592002868652344
test_01985,176.3260498046875
test_01986,8.926483154296875
test_01987,64.88089752197266
test_01988,174.87957763671875
test_01989,399.76873779296875
test_01990,8.319252014160156
test_01991,193.4659423828125
test_01992,378.2984313964844
test_01993,261.31634521484375
test_01994,160.14263916015625
test_01995,245.4755859375
test_01996,19.493732452392578
test_01997,20.062740325927734
test_01998,11.842430114746094
test_01999,63.228904724121094
test_02000,100.26543426513672
test_02001,10.714820861816406
test_02002,29.31326675415039
test_02003,94.49690246582031
test_02004,127.05712127685547
test_02005,180.95751953125
test_02006,72.9386215209961
test_02007,9.479087829589844
test_02008,68.51863861083984
test_02009,18.837833404541016
test_02010,20.480945587158203
test_02011,39.803165435791016
test_02012,88.74382019042969
test_02013,223.23806762695312
test_02014,6.483024597167969
test_02015,524.0696411132812
test_02016,14.387779235839844
test_02017,13.048988342285156
test_02018,74.93352508544922
test_02019,9.511131286621094
test_02020,56.82481384277344
test_02021,105.44578552246094
test_02022,280.64056396484375
test_02023,8.3782958984375
test_02024,16.585655212402344
test_02025,72.82581329345703
test_02026,13.257575988769531
test_02027,10.598228454589844
test_02028,12.50152587890625
test_02029,158.3750762939453
test_02030,179.63424682617188
test_02031,113.85206604003906
test_02032,221.57989501953125
test_02033,292.8962097167969
test_02034,9.499168395996094
test_02035,72.57984924316406
test_02036,132.50772094726562
test_02037,8.840705871582031
test_02038,76.82107543945312
test_02039,100.58793640136719
test_02040,21.005264282226562
test_02041,29.970138549804688
test_02042,12.928550720214844
test_02043,28.284278869628906
test_02044,72.17947387695312
test_02045,8.470718383789062
test_02046,124.07217407226562
test_02047,130.53173828125
test_02048,315.9278259277344
test_02049,50.02043151855469
test_02050,32.28287887573242
test_02051,99.44149017333984
test_02052,11.858116149902344
test_02053,9.087432861328125
test_02054,9.865570068359375
test_02055,19.131439208984375
test_02056,78.36431884765625
test_02057,12.258613586425781
test_02058,71.82231903076172
test_02059,210.49813842773438
test_02060,274.0276794433594
test_02061,32.493011474609375
test_02062,57.90575408935547
test_02063,35.457157135009766
test_02064,125.8031234741211
test_02065,62.18445587158203
test_02066,11.26177978515625
test_02067,19.50274658203125
test_02068,17.895408630371094
test_02069,10.432014465332031
test_02070,25.789932250976562
test_02071,10.330322265625
test_02072,7.905815124511719
test_02073,54.634849548339844
test_02074,77.21485137939453
test_02075,9.792030334472656
test_02076,12.814010620117188
test_02077,84.80931091308594
test_02078,86.68341827392578
test_02079,14.176177978515625
test_02080,12.195228576660156
test_02081,55.17596435546875
test_02082,61.866539001464844
test_02083,37.84001922607422
test_02084,75.29086303710938
test_02085,49.453880310058594
test_02086,42.59488296508789
test_02087,81.11103057861328
test_02088,14.767364501953125
test_02089,18.971527099609375
test_02090,23.791065216064453
test_02091,46.32232666015625
test_02092,66.25875091552734
test_02093,37.611083984375
test_02094,14.896034240722656
test_02095,29.290294647216797
test_02096,63.483177185058594
test_02097,72.19976806640625
test_02098,59.706546783447266
test_02099,66.78822326660156
test_02100,39.122982025146484
test_02101,135.55508422851562
test_02102,174.7851104736328
test_02103,48.714134216308594
test_02104,12.012161254882812
test_02105,57.060543060302734
test_02106,56.84233474731445
test_02107,27.456546783447266
test_02108,29.302135467529297
test_02109,54.39442443847656
test_02110,25.059024810791016
test_02111,82.61260223388672
test_02112,116.4630355834961
test_02113,16.26226043701172
test_02114,30.773792266845703
test_02115,65.91030883789062
test_02116,11.366432189941406
test_02117,20.702892303466797
test_02118,70.50748443603516
test_02119,104.01671600341797
test_02120,75.77188873291016
test_02121,51.09169387817383
test_02122,33.159889221191406
test_02123,54.978271484375
test_02124,16.134254455566406
test_02125,12.267059326171875
test_02126,17.892993927001953
test_02127,66.09736633300781
test_02128,62.185752868652344
test_02129,17.383113861083984
test_02130,73.46903991699219
test_02131,33.591644287109375
test_02132,32.915618896484375
test_02133,51.75544738769531
test_02134,55.53693389892578
test_02135,91.48902893066406
test_02136,56.08396911621094
test_02137,44.054805755615234
test_02138,70.47522735595703
test_02139,75.37234497070312
test_02140,38.79319763183594
test_02141,8.258552551269531
test_02142,53.75237274169922
test_02143,21.545249938964844
test_02144,38.314815521240234
test_02145,14.046432495117188
test_02146,14.868446350097656
test_02147,19.235015869140625
test_02148,20.939624786376953
test_02149,58.22395324707031
test_02150,78.76080322265625
test_02151,114.37073516845703
test_02152,43.3662223815918
test_02153,40.19866180419922
test_02154,6.227943420410156
test_02155,17.55459213256836
test_02156,75.69212341308594
test_02157,61.181678771972656
test_02158,35.38218688964844
test_02159,112.65237426757812
test_02160,33.23965072631836
test_02161,12.549560546875
test_02162,47.84795379638672
test_02163,63.91138458251953
test_02164,39.04739761352539
test_02165,87.516357421875
test_02166,109.14697265625
test_02167,62.373252868652344
test_02168,45.18220901489258
test_02169,122.53076171875
test_02170,104.03875732421875
test_02171,85.06185913085938
test_02172,10.425224304199219
test_02173,38.257057189941406
test_02174,33.25832748413086
test_02175,20.248577117919922
test_02176,45.784019470214844
test_02177,88.39614868164062
test_02178,71.33663940429688
test_02179,9.053688049316406
test_02180,11.888214111328125
test_02181,79.39520263671875
test_02182,94.02857208251953
test_02183,106.56900024414062
test_02184,32.99087142944336
test_02185,27.442424774169922
test_02186,21.166061401367188
test_02187,187.68743896484375
test_02188,45.47294235229492
test_02189,34.79090881347656
test_02190,47.17451095581055
test_02191,32.043540954589844
test_02192,58.098388671875
test_02193,66.0621337890625
test_02194,100.15802001953125
test_02195,16.419971466064453
test_02196,19.631488800048828
test_02197,29.753475189208984
test_02198,129.88418579101562
test_02199,117.17048645019531
test_02200,17.05654525756836
test_02201,15.841239929199219
test_02202,11.238792419433594
test_02203,13.280906677246094
test_02204,27.049095153808594
test_02205,54.29636001586914
test_02206,52.255714416503906
test_02207,17.855663299560547
test_02208,42.67305374145508
test_02209,63.670372009277344
test_02210,44.51571273803711
test_02211,63.556556701660156
test_02212,91.35655975341797
test_02213,6.751953125
test_02214,11.868278503417969
test_02215,8.830230712890625
test_02216,10.696098327636719
test_02217,16.69512939453125
test_02218,19.19735336303711
test_02219,8.823463439941406
test_02220,13.316574096679688
test_02221,13.874832153320312
test_02222,114.74462890625
test_02223,34.10612487792969
test_02224,14.387001037597656
test_02225,43.1980094909668
test_02226,14.361831665039062
test_02227,8.411643981933594
test_02228,11.700218200683594
test_02229,19.6539306640625
test_02230,29.851394653320312
test_02231,107.60440063476562
test_02232,83.85110473632812
test_02233,48.07270812988281
test_02234,25.282047271728516
test_02235,16.712772369384766
test_02236,10.075363159179688
test_02237,17.096569061279297
test_02238,75.61099243164062
test_02239,134.8107147216797
test_02240,18.62091064453125
test_02241,133.20169067382812
test_02242,21.502403259277344
test_02243,10.256011962890625
test_02244,10.815879821777344
test_02245,19.900375366210938
test_02246,194.75132751464844
test_02247,144.41903686523438
test_02248,52.398101806640625
test_02249,32.91306686401367
test_02250,77.11094665527344
test_02251,80.12620544433594
test_02252,42.398929595947266
test_02253,12.200126647949219
test_02254,61.21144485473633
test_02255,121.09559631347656
test_02256,76.42372131347656
test_02257,104.22623443603516
test_02258,150.21755981445312
test_02259,247.51004028320312
test_02260,98.02717590332031
test_02261,69.06425476074219
test_02262,54.246829986572266
test_02263,180.45391845703125
test_02264,119.16067504882812
test_02265,34.17668533325195
test_02266,9.803985595703125
test_02267,19.297870635986328
test_02268,23.50927734375
test_02269,8.597648620605469
test_02270,33.67112731933594
test_02271,6.561614990234375
test_02272,28.717060089111328
test_02273,7.60528564453125
test_02274,9.52789306640625
test_02275,66.17555236816406
test_02276,133.25015258789062
test_02277,301.3028564453125
test_02278,216.60971069335938
test_02279,164.3517608642578
test_02280,68.74922180175781
test_02281,14.604194641113281
test_02282,44.14201354980469
test_02283,161.8212890625
test_02284,76.14117431640625
test_02285,62.19778823852539
test_02286,51.270931243896484
test_02287,62.78841018676758
test_02288,13.575386047363281
test_02289,64.91874694824219
test_02290,130.8667755126953
test_02291,183.7540283203125
test_02292,25.362510681152344
test_02293,48.03619384765625
test_02294,10.844894409179688
test_02295,9.849861145019531
test_02296,11.010276794433594
test_02297,78.03752136230469
test_02298,95.04598999023438
test_02299,216.76083374023438
test_02300,31.73177719116211
test_02301,49.97509002685547
test_02302,81.13579559326172
test_02303,9.397529602050781
test_02304,31.833507537841797
test_02305,63.79566955566406
test_02306,290.3598327636719
test_02307,107.4141845703125
test_02308,14.808624267578125
test_02309,45.31863784790039
test_02310,133.83041381835938
test_02311,15.217567443847656
test_02312,16.515094757080078
test_02313,45.3977165222168
test_02314,200.86741638183594
test_02315,12.958984375
test_02316,12.424789428710938
test_02317,7.6952667236328125
test_02318,24.895782470703125
test_02319,69.22123718261719
test_02320,103.44546508789062
test_02321,73.78333282470703
test_02322,390.13958740234375
test_02323,393.724609375
test_02324,11.181526184082031
test_02325,33.26650619506836
test_02326,138.5848846435547
test_02327,155.14122009277344
test_02328,18.93560028076172
test_02329,51.62059020996094
test_02330,22.332984924316406
test_02331,42.43191909790039
test_02332,122.45768737792969
test_02333,318.3720703125
test_02334,290.4810791015625
test_02335,145.22052001953125
test_02336,83.5262451171875
test_02337,242.7862548828125
test_02338,133.064697265625
test_02339,145.77230834960938
test_02340,35.48245620727539
test_02341,15.317596435546875
test_02342,8.230087280273438
test_02343,51.47303771972656
test_02344,20.742691040039062
test_02345,16.849441528320312
test_02346,12.478485107421875
test_02347,83.95667266845703
test_02348,140.02346801757812
test_02349,150.63021850585938
test_02350,35.07231140136719
test_02351,9.736183166503906
test_02352,36.16300964355469
test_02353,13.969482421875
test_02354,12.111343383789062
test_02355,22.654529571533203
test_02356,83.15260314941406
test_02357,183.71116638183594
test_02358,6.6785736083984375
test_02359,223.13430786132812
test_02360,11.030845642089844
test_02361,13.022789001464844
test_02362,62.779640197753906
test_02363,9.340629577636719
test_02364,33.53818893432617
test_02365,51.78703689575195
test_02366,236.32723999023438
test_02367,10.645378112792969
test_02368,10.493209838867188
test_02369,86.62987518310547
test_02370,9.220169067382812
test_02371,9.46142578125
test_02372,10.3095703125
test_02373,122.04730224609375
test_02374,88.08393859863281
test_02375,123.47108459472656
test_02376,224.70919799804688
test_02377,238.58740234375
test_02378,7.369384765625
test_02379,28.418548583984375
test_02380,105.79289245605469
test_02381,7.13818359375
test_02382,23.697200775146484
test_02383,96.29804992675781
test_02384,19.72582244873047
test_02385,22.359577178955078
test_02386,33.542354583740234
test_02387,21.63741683959961
test_02388,56.280616760253906
test_02389,13.179924011230469
test_02390,203.96282958984375
test_02391,123.04962158203125
test_02392,401.905029296875
test_02393,67.06342315673828
test_02394,50.285987854003906
test_02395,121.1938705444336
test_02396,10.054222106933594
test_02397,7.4869537353515625
test_02398,10.324722290039062
test_02399,20.797325134277344
test_02400,95.89141845703125
test_02401,10.913482666015625
test_02402,120.76473999023438
test_02403,267.205322265625
test_02404,280.30908203125
test_02405,63.533599853515625
test_02406,45.224117279052734
test_02407,51.606788635253906
test_02408,124.61559295654297
test_02409,51.01458740234375
test_02410,15.088951110839844
test_02411,28.938995361328125
test_02412,31.092193603515625
test_02413,11.482704162597656
test_02414,48.254981994628906
test_02415,10.938873291015625
test_02416,8.534637451171875
test_02417,116.02033996582031
test_02418,84.1335678100586
test_02419,6.613922119140625
test_02420,16.93885040283203
test_02421,64.2983627319336
test_02422,88.22612762451172
test_02423,103.63385009765625
test_02424,25.777896881103516
test_02425,13.171150207519531
test_02426,62.891841888427734
test_02427,63.979408264160156
test_02428,36.779300689697266
test_02429,86.39552307128906
test_02430,54.354190826416016
test_02431,39.177669525146484
test_02432,85.21881103515625
test_02433,10.177116394042969
test_02434,16.752197265625
test_02435,30.990482330322266
test_02436,61.003517150878906
test_02437,77.43730163574219
test_02438,52.451568603515625
test_02439,26.495849609375
test_02440,65.4041748046875
test_02441,63.90896987915039
test_02442,83.29466247558594
test_02443,89.79493713378906
test_02444,98.66609954833984
test_02445,63.14556121826172
test_02446,120.81784057617188
test_02447,185.7933349609375
test_02448,40.18184280395508
test_02449,10.206565856933594
test_02450,26.389019012451172
test_02451,44.91538619995117
test_02452,16.239089965820312
test_02453,26.578044891357422
test_02454,92.11062622070312
test_02455,22.311504364013672
test_02456,39.64693069458008
test_02457,145.41580200195312
test_02458,18.07586669921875
test_02459,31.34961700439453
test_02460,54.07341384887695
test_02461,31.46402359008789
test_02462,41.29816436767578
test_02463,47.0028190612793
test_02464,78.6863784790039
test_02465,123.3575439453125
test_02466,88.3035888671875
test_02467,72.17176055908203
test_02468,78.99993133544922
test_02469,43.60300827026367
test_02470,12.523735046386719
test_02471,19.82433319091797
test_02472,82.4970932006836
test_02473,33.63501739501953
test_02474,9.419075012207031
test_02475,98.7757339477539
test_02476,42.986820220947266
test_02477,28.823593139648438
test_02478,43.63142776489258
test_02479,91.59837341308594
test_02480,70.8932113647461
test_02481,61.701622009277344
test_02482,127.60350036621094
test_02483,87.78141784667969
test_02484,163.68814086914062
test_02485,35.10939025878906
test_02486,8.526298522949219
test_02487,58.04627227783203
test_02488,58.940345764160156
test_02489,61.307472229003906
test_02490,11.711967468261719
test_02491,26.501930236816406
test_02492,33.26731491088867
test_02493,45.4123420715332
test_02494,119.24253845214844
test_02495,85.46307373046875
test_02496,173.37942504882812
test_02497,57.922325134277344
test_02498,157.665771484375
test_02499,11.715133666992188
test_02500,17.58474349975586
test_02501,29.30023193359375
test_02502,62.31092834472656
test_02503,93.16618347167969
test_02504,103.92667388916016
test_02505,47.46780776977539
test_02506,35.223899841308594
test_02507,41.608821868896484
test_02508,135.22506713867188
test_02509,61.03720474243164
test_02510,82.46206665039062
test_02511,74.01456451416016
test_02512,58.529823303222656
test_02513,67.04927825927734
test_02514,115.19676971435547
test_02515,83.80940246582031
test_02516,64.68391418457031
test_02517,18.776885986328125
test_02518,54.98302459716797
test_02519,33.92483139038086
test_02520,31.255077362060547
test_02521,92.24612426757812
test_02522,95.37891387939453
test_02523,93.39900970458984
test_02524,15.842193603515625
test_02525,33.629817962646484
test_02526,65.8406753540039
test_02527,137.07949829101562
test_02528,128.129150390625
test_02529,24.10635757446289
test_02530,44.653541564941406
test_02531,6.7052459716796875
test_02532,129.98411560058594
test_02533,120.33067321777344
test_02534,31.059429168701172
test_02535,54.19363021850586
test_02536,166.54153442382812
test_02537,89.20331573486328
test_02538,103.31766510009766
test_02539,67.21633911132812
test_02540,135.6807403564453
test_02541,21.32976531982422
test_02542,40.88597869873047
test_02543,58.761539459228516
test_02544,69.0189208984375
test_02545,81.2997817993164
test_02546,46.61573028564453
test_02547,28.42810821533203
test_02548,16.21941375732422
test_02549,13.91552734375
test_02550,28.988605499267578
test_02551,87.97467803955078
test_02552,55.379249572753906
test_02553,31.578266143798828
test_02554,67.42089080810547
test_02555,66.3890380859375
test_02556,37.99286651611328
test_02557,84.11956024169922
test_02558,96.21625518798828
test_02559,6.990753173828125
test_02560,31.12197494506836
test_02561,11.807907104492188
test_02562,22.09241485595703
test_02563,38.39191818237305
test_02564,23.14822006225586
test_02565,8.113868713378906
test_02566,8.761466979980469
test_02567,13.112152099609375
test_02568,131.10462951660156
test_02569,36.52608871459961
test_02570,11.012702941894531
test_02571,41.0150260925293
test_02572,8.78924560546875
test_02573,6.893096923828125
test_02574,11.618492126464844
test_02575,32.55329513549805
test_02576,43.6472282409668
test_02577,63.85558319091797
test_02578,52.5189208984375
test_02579,164.55601501464844
test_02580,35.34376907348633
test_02581,23.621517181396484
test_02582,10.476638793945312
test_02583,39.07667541503906
test_02584,55.059410095214844
test_02585,86.56660461425781
test_02586,128.64511108398438
test_02587,25.494003295898438
test_02588,193.42210388183594
test_02589,28.768871307373047
test_02590,10.787651062011719
test_02591,8.7694091796875
test_02592,43.12721633911133
test_02593,81.652099609375
test_02594,218.32177734375
test_02595,187.66725158691406
test_02596,89.51753234863281
test_02597,41.143009185791016
test_02598,61.16242980957031
test_02599,54.764076232910156
test_02600,45.45372009277344
test_02601,12.835121154785156
test_02602,48.7369270324707
test_02603,157.1746063232422
test_02604,54.85215759277344
test_02605,131.91781616210938
test_02606,259.8460998535156
test_02607,110.89158630371094
test_02608,101.21356964111328
test_02609,41.73324203491211
test_02610,149.75375366210938
test_02611,27.78464126586914
test_02612,42.049747467041016
test_02613,7.869361877441406
test_02614,25.212078094482422
test_02615,57.44510269165039
test_02616,112.31128692626953
test_02617,6.424102783203125
test_02618,66.65393829345703
test_02619,8.215858459472656
test_02620,25.92599868774414
test_02621,9.146705627441406
test_02622,12.550537109375
test_02623,72.76666259765625
test_02624,155.93252563476562
test_02625,308.24560546875
test_02626,257.89898681640625
test_02627,122.73629760742188
test_02628,107.57064056396484
test_02629,9.659950256347656
test_02630,89.04869842529297
test_02631,225.88174438476562
test_02632,32.89093780517578
test_02633,63.592262268066406
test_02634,56.24806594848633
test_02635,16.136463165283203
test_02636,14.422019958496094
test_02637,91.25812530517578
test_02638,62.740760803222656
test_02639,182.68185424804688
test_02640,25.015010833740234
test_02641,74.72779083251953
test_02642,10.526687622070312
test_02643,8.986091613769531
test_02644,10.021598815917969
test_02645,86.81541442871094
test_02646,202.73878479003906
test_02647,255.263427734375
test_02648,16.67568588256836
test_02649,149.8540802001953
test_02650,105.8528823852539
test_02651,9.586212158203125
test_02652,124.01988220214844
test_02653,226.14089965820312
test_02654,510.2109680175781
test_02655,66.78114318847656
test_02656,36.94805908203125
test_02657,135.11788940429688
test_02658,221.11187744140625
test_02659,9.585075378417969
test_02660,19.391475677490234
test_02661,181.58541870117188
test_02662,228.74789428710938
test_02663,9.571159362792969
test_02664,11.782928466796875
test_02665,8.632301330566406
test_02666,83.94603729248047
test_02667,264.56610107421875
test_02668,201.75457763671875
test_02669,257.5222473144531
test_02670,365.8891906738281
test_02671,406.4017639160156
test_02672,11.812164306640625
test_02673,84.08787536621094
test_02674,139.5916748046875
test_02675,191.47164916992188
test_02676,13.712867736816406
test_02677,132.60211181640625
test_02678,12.885108947753906
test_02679,396.0937194824219
test_02680,353.6353759765625
test_02681,103.66270446777344
test_02682,347.58843994140625
test_02683,476.43182373046875
test_02684,261.1280212402344
test_02685,245.36822509765625
test_02686,160.0648956298828
test_02687,19.697063446044922
test_02688,13.38385009765625
test_02689,10.048606872558594
test_02690,18.38884735107422
test_02691,53.609718322753906
test_02692,10.031509399414062
test_02693,29.209796905517578
test_02694,67.11157989501953
test_02695,136.15213012695312
test_02696,182.69766235351562
test_02697,58.25202178955078
test_02698,8.633445739746094
test_02699,64.86400604248047
test_02700,9.503799438476562
test_02701,20.710124969482422
test_02702,130.28363037109375
test_02703,196.4748077392578
test_02704,323.2314147949219
test_02705,8.514747619628906
test_02706,413.33563232421875
test_02707,12.891830444335938
test_02708,8.476493835449219
test_02709,100.05719757080078
test_02710,7.033843994140625
test_02711,39.23744201660156
test_02712,69.29000854492188
test_02713,287.14697265625
test_02714,7.798622131347656
test_02715,11.884124755859375
test_02716,46.332210540771484
test_02717,8.594680786132812
test_02718,9.257125854492188
test_02719,10.661514282226562
test_02720,80.76201629638672
test_02721,136.9186553955078
test_02722,178.6698455810547
test_02723,258.5638427734375
test_02724,296.6981506347656
test_02725,7.793975830078125
test_02726,82.38294982910156
test_02727,180.64566040039062
test_02728,10.290328979492188
test_02729,63.988807678222656
test_02730,16.580806732177734
test_02731,36.2647590637207
test_02732,19.765247344970703
test_02733,22.40768051147461
test_02734,94.62915802001953
test_02735,6.72674560546875
test_02736,208.54983520507812
test_02737,416.4397888183594
test_02738,47.064109802246094
test_02739,32.78661346435547
test_02740,125.30708312988281
test_02741,8.261627197265625
test_02742,8.103729248046875
test_02743,12.476478576660156
test_02744,9.659469604492188
test_02745,221.83074951171875
test_02746,73.77027893066406
test_02747,326.44659423828125
test_02748,268.2939147949219
test_02749,49.10700225830078
test_02750,47.52880096435547
test_02751,38.41012191772461
test_02752,128.21456909179688
test_02753,65.07075500488281
test_02754,13.094154357910156
test_02755,34.294029235839844
test_02756,61.573646545410156
test_02757,17.171356201171875
test_02758,54.422576904296875
test_02759,7.990936279296875
test_02760,8.933570861816406
test_02761,113.46437072753906
test_02762,124.3994140625
test_02763,14.15496826171875
test_02764,20.92902374267578
test_02765,71.23585510253906
test_02766,84.62420654296875
test_02767,59.57917785644531
test_02768,10.093055725097656
test_02769,83.85633087158203
test_02770,64.49253845214844
test_02771,43.043190002441406
test_02772,106.31978607177734
test_02773,19.73664093017578
test_02774,32.90960693359375
test_02775,105.57737731933594
test_02776,21.439208984375
test_02777,30.945281982421875
test_02778,53.04065704345703
test_02779,75.57799530029297
test_02780,37.97570037841797
test_02781,15.636123657226562
test_02782,45.03742599487305
test_02783,53.62042236328125
test_02784,71.40894317626953
test_02785,86.11786651611328
test_02786,70.64102172851562
test_02787,53.72234344482422
test_02788,156.05569458007812
test_02789,202.01998901367188
test_02790,9.906539916992188
test_02791,43.756568908691406
test_02792,15.131134033203125
test_02793,17.58026123046875
test_02794,47.88832092285156
test_02795,16.57977294921875
test_02796,35.1612548828125
test_02797,127.36038208007812
test_02798,23.05438995361328
test_02799,33.873226165771484
test_02800,68.60884094238281
test_02801,24.313175201416016
test_02802,41.250064849853516
test_02803,45.8099250793457
test_02804,82.91675567626953
test_02805,103.42088317871094
test_02806,54.13222122192383
test_02807,37.83897018432617
test_02808,62.60447692871094
test_02809,23.310951232910156
test_02810,12.647216796875
test_02811,13.125228881835938
test_02812,96.56037902832031
test_02813,44.89503479003906
test_02814,11.208335876464844
test_02815,83.82664489746094
test_02816,38.67098617553711
test_02817,26.947540283203125
test_02818,39.773563385009766
test_02819,70.73136138916016
test_02820,99.37666320800781
test_02821,43.30745315551758
test_02822,144.28778076171875
test_02823,77.59282684326172
test_02824,166.20083618164062
test_02825,39.05838394165039
test_02826,5.7099151611328125
test_02827,64.1134262084961
test_02828,24.569950103759766
test_02829,53.152191162109375
test_02830,14.566787719726562
test_02831,13.84747314453125
test_02832,22.05376434326172
test_02833,23.33780288696289
test_02834,69.5028305053711
test_02835,78.82840728759766
test_02836,150.93316650390625
test_02837,49.442100524902344
test_02838,184.07070922851562
test_02839,15.574638366699219
test_02840,22.931385040283203
test_02841,63.73187255859375
test_02842,93.41838073730469
test_02843,64.09504699707031
test_02844,92.89470672607422
test_02845,41.22700881958008
test_02846,10.504409790039062
test_02847,91.02678680419922
test_02848,119.15274810791016
test_02849,112.67861938476562
test_02850,36.25270080566406
test_02851,53.48291778564453
test_02852,127.65959930419922
test_02853,87.24433135986328
test_02854,89.48100280761719
test_02855,16.69873046875
test_02856,32.52997970581055
test_02857,32.21056365966797
test_02858,24.03213119506836
test_02859,68.05863189697266
test_02860,77.39945983886719
test_02861,17.49123764038086
test_02862,24.540374755859375
test_02863,74.01350402832031
test_02864,73.69422912597656
test_02865,109.12608337402344
test_02866,35.36122512817383
test_02867,51.34130859375
test_02868,5.203704833984375
test_02869,98.26327514648438
test_02870,184.79649353027344
test_02871,40.93064880371094
test_02872,51.467411041259766
test_02873,67.41583251953125
test_02874,103.59783935546875
test_02875,172.58494567871094
test_02876,67.82172393798828
test_02877,100.17288208007812
test_02878,18.04222869873047
test_02879,15.494239807128906
test_02880,37.14115524291992
test_02881,84.09333038330078
test_02882,96.80447387695312
test_02883,47.876285552978516
test_02884,20.87765884399414
test_02885,10.059127807617188
test_02886,17.948776245117188
test_02887,40.304351806640625
test_02888,63.217803955078125
test_02889,34.57512664794922
test_02890,22.800098419189453
test_02891,26.536800384521484
test_02892,54.71015167236328
test_02893,81.76165771484375
test_02894,70.93380737304688
test_02895,147.62677001953125
test_02896,8.003387451171875
test_02897,21.0296630859375
test_02898,6.362953186035156
test_02899,6.787208557128906
test_02900,15.725021362304688
test_02901,25.119075775146484
test_02902,9.549453735351562
test_02903,12.347503662109375
test_02904,11.880020141601562
test_02905,27.232528686523438
test_02906,14.740814208984375
test_02907,37.09729766845703
test_02908,11.409439086914062
test_02909,9.81732177734375
test_02910,11.062873840332031
test_02911,23.378520965576172
test_02912,33.14105987548828
test_02913,90.29966735839844
test_02914,155.72964477539062
test_02915,24.946334838867188
test_02916,18.836719512939453
test_02917,11.365608215332031
test_02918,28.981510162353516
test_02919,34.68403244018555
test_02920,56.81776428222656
test_02921,119.6055908203125
test_02922,14.79632568359375
test_02923,178.29116821289062
test_02924,34.904117584228516
test_02925,10.750679016113281
test_02926,9.49969482421875
test_02927,29.50638198852539
test_02928,69.72465515136719
test_02929,211.30487060546875
test_02930,159.92837524414062
test_02931,39.70781707763672
test_02932,52.82159423828125
test_02933,83.31023406982422
test_02934,88.91610717773438
test_02935,79.31991577148438
test_02936,16.00556182861328
test_02937,39.763816833496094
test_02938,152.71653747558594
test_02939,86.62860870361328
test_02940,118.33274841308594
test_02941,201.35549926757812
test_02942,172.318359375
test_02943,139.40725708007812
test_02944,75.67680358886719
test_02945,46.88138198852539
test_02946,160.79083251953125
test_02947,78.54619598388672
test_02948,29.433162689208984
test_02949,6.477928161621094
test_02950,18.13946533203125
test_02951,35.52469253540039
test_02952,61.514347076416016
test_02953,6.4086151123046875
test_02954,8.777099609375
test_02955,21.237613677978516
test_02956,18.821697235107422
test_02957,8.58575439453125
test_02958,70.16233825683594
test_02959,132.008056640625
test_02960,288.0138244628906
test_02961,148.29025268554688
test_02962,118.47504425048828
test_02963,92.78167724609375
test_02964,8.355049133300781
test_02965,76.60151672363281
test_02966,156.94598388671875
test_02967,92.37681579589844
test_02968,47.96577453613281
test_02969,56.13976287841797
test_02970,56.030433654785156
test_02971,12.006195068359375
test_02972,75.85195922851562
test_02973,128.3008270263672
test_02974,164.92848205566406
test_02975,44.18267059326172
test_02976,67.07583618164062
test_02977,10.598228454589844
test_02978,7.737312316894531
test_02979,9.773002624511719
test_02980,83.26296997070312
test_02981,138.1284942626953
test_02982,212.26712036132812
test_02983,13.590591430664062
test_02984,64.81371307373047
test_02985,112.01760864257812
test_02986,8.102951049804688
test_02987,55.1239013671875
test_02988,134.59982299804688
test_02989,481.6188049316406
test_02990,277.01177978515625
test_02991,52.28651809692383
test_02992,41.43235397338867
test_02993,133.7175750732422
test_02994,12.788932800292969
test_02995,13.412284851074219
test_02996,57.32475662231445
test_02997,187.60028076171875
test_02998,9.044029235839844
test_02999,8.798538208007812
test_03000,9.008331298828125
test_03001,40.78099060058594
test_03002,213.52505493164062
test_03003,100.62112426757812
test_03004,76.59370422363281
test_03005,371.92633056640625
test_03006,421.346923828125
test_03007,14.848533630371094
test_03008,47.3051643371582
test_03009,132.96929931640625
test_03010,197.20272827148438
test_03011,10.621627807617188
test_03012,124.19154357910156
test_03013,9.471260070800781
test_03014,157.56527709960938
test_03015,206.04574584960938
test_03016,387.98419189453125
test_03017,329.26849365234375
test_03018,192.11447143554688
test_03019,409.4610290527344
test_03020,271.82403564453125
test_03021,256.9208068847656
test_03022,172.47357177734375
test_03023,27.174579620361328
test_03024,12.455482482910156
test_03025,10.85235595703125
test_03026,38.53111267089844
test_03027,25.166851043701172
test_03028,11.436531066894531
test_03029,30.04751205444336
test_03030,61.24961853027344
test_03031,121.52532196044922
test_03032,203.45333862304688
test_03033,81.61913299560547
test_03034,8.799186706542969
test_03035,89.57178497314453
test_03036,17.088706970214844
test_03037,13.295867919921875
test_03038,93.9117660522461
test_03039,139.18539428710938
test_03040,245.13626098632812
test_03041,10.834259033203125
test_03042,546.800537109375
test_03043,10.649940490722656
test_03044,9.532493591308594
test_03045,90.03482055664062
test_03046,9.594520568847656
test_03047,25.18777847290039
test_03048,73.89163970947266
test_03049,283.497802734375
test_03050,8.845863342285156
test_03051,15.187843322753906
test_03052,103.44992065429688
test_03053,8.989273071289062
test_03054,8.864753723144531
test_03055,11.854576110839844
test_03056,63.416099548339844
test_03057,169.4652099609375
test_03058,190.82627868652344
test_03059,285.5524597167969
test_03060,272.3857421875
test_03061,9.3790283203125
test_03062,73.67530822753906
test_03063,154.74130249023438
test_03064,6.543495178222656
test_03065,72.9665756225586
test_03066,82.1782455444336
test_03067,18.96042251586914
test_03068,20.741973876953125
test_03069,15.69049072265625
test_03070,17.146862030029297
test_03071,99.30921173095703
test_03072,9.847946166992188
test_03073,181.82839965820312
test_03074,134.76010131835938
test_03075,85.09717559814453
test_03076,42.35485076904297
test_03077,119.14654541015625
test_03078,9.049705505371094
test_03079,6.085395812988281
test_03080,11.308670043945312
test_03081,14.098838806152344
test_03082,97.49432373046875
test_03083,9.871994018554688
test_03084,95.87893676757812
test_03085,290.9037170410156
test_03086,268.2450256347656
test_03087,66.36183166503906
test_03088,41.197288513183594
test_03089,48.4715576171875
test_03090,119.96526336669922
test_03091,56.157379150390625
test_03092,9.836997985839844
test_03093,33.44778060913086
test_03094,33.60184097290039
test_03095,16.084068298339844
test_03096,53.10492706298828
test_03097,10.130943298339844
test_03098,10.628822326660156
test_03099,121.89825439453125
test_03100,67.31024169921875
test_03101,8.750091552734375
test_03102,8.936012268066406
test_03103,106.78945922851562
test_03104,130.50714111328125
test_03105,113.82601165771484
test_03106,37.3287467956543
test_03107,20.284740447998047
test_03108,79.4732894897461
test_03109,82.09252166748047
test_03110,44.55595779418945
test_03111,76.69510650634766
test_03112,66.4067611694336
test_03113,37.18075942993164
test_03114,103.45347595214844
test_03115,17.466567993164062
test_03116,31.232524871826172
test_03117,67.13780212402344
test_03118,89.60916137695312
test_03119,11.421104431152344
test_03120,43.54340744018555
test_03121,48.89085388183594
test_03122,68.00514221191406
test_03123,65.57762145996094
test_03124,96.10978698730469
test_03125,57.27449035644531
test_03126,159.50872802734375
test_03127,26.713653564453125
test_03128,11.772171020507812
test_03129,10.88201904296875
test_03130,46.05522918701172
test_03131,20.954017639160156
test_03132,21.651935577392578
test_03133,58.34437561035156
test_03134,19.74408721923828
test_03135,41.513832092285156
test_03136,105.20036315917969
test_03137,25.531513214111328
test_03138,37.112274169921875
test_03139,51.545654296875
test_03140,40.5626106262207
test_03141,44.652400970458984
test_03142,43.24473571777344
test_03143,74.62999725341797
test_03144,108.06820678710938
test_03145,77.84774780273438
test_03146,74.11235809326172
test_03147,78.51361083984375
test_03148,45.919944763183594
test_03149,13.802467346191406
test_03150,24.625858306884766
test_03151,79.69062042236328
test_03152,37.34073257446289
test_03153,16.700176239013672
test_03154,97.03136444091797
test_03155,38.513126373291016
test_03156,30.439956665039062
test_03157,46.137550354003906
test_03158,88.6373519897461
test_03159,64.78031921386719
test_03160,84.68805694580078
test_03161,120.1939926147461
test_03162,87.76971435546875
test_03163,197.67959594726562
test_03164,31.93663787841797
test_03165,6.9882354736328125
test_03166,76.97805786132812
test_03167,80.05746459960938
test_03168,50.35282897949219
test_03169,14.70574951171875
test_03170,28.259258270263672
test_03171,41.96860122680664
test_03172,45.45680618286133
test_03173,103.52976989746094
test_03174,101.70637512207031
test_03175,169.2901611328125
test_03176,63.95697021484375
test_03177,154.74478149414062
test_03178,8.8468017578125
test_03179,28.203514099121094
test_03180,57.06586837768555
test_03181,102.28759765625
test_03182,104.32679748535156
test_03183,67.69715881347656
test_03184,28.168697357177734
test_03185,36.953739166259766
test_03186,100.51782989501953
test_03187,57.457435607910156
test_03188,85.28893280029297
test_03189,73.62818908691406
test_03190,72.38018798828125
test_03191,65.9888916015625
test_03192,114.0572509765625
test_03193,89.06246185302734
test_03194,58.32726287841797
test_03195,31.21208953857422
test_03196,39.49691390991211
test_03197,29.16069793701172
test_03198,34.4017219543457
test_03199,94.91588592529297
test_03200,99.0484619140625
test_03201,99.86299133300781
test_03202,14.782257080078125
test_03203,32.11149597167969
test_03204,60.613433837890625
test_03205,164.71371459960938
test_03206,125.74734497070312
test_03207,25.616233825683594
test_03208,47.52573013305664
test_03209,5.166755676269531
test_03210,93.94597625732422
test_03211,122.63206481933594
test_03212,45.58609390258789
test_03213,61.681175231933594
test_03214,151.77650451660156
test_03215,88.255859375
test_03216,90.12889862060547
test_03217,82.72376251220703
test_03218,127.76895141601562
test_03219,20.03899383544922
test_03220,53.343807220458984
test_03221,65.71276092529297
test_03222,67.18472290039062
test_03223,47.51243591308594
test_03224,31.046043395996094
test_03225,20.28204345703125
test_03226,11.952011108398438
test_03227,30.917694091796875
test_03228,95.60765075683594
test_03229,56.107582092285156
test_03230,35.28300094604492
test_03231,67.9517593383789
test_03232,73.66648864746094
test_03233,31.517845153808594
test_03234,87.77406311035156
test_03235,112.9801025390625
test_03236,7.095939636230469
test_03237,28.531822204589844
test_03238,6.776832580566406
test_03239,24.302642822265625
test_03240,44.349525451660156
test_03241,30.7513427734375
test_03242,8.473922729492188
test_03243,17.569965362548828
test_03244,16.883026123046875
test_03245,121.62938690185547
test_03246,35.56083679199219
test_03247,18.71059799194336
test_03248,42.13211441040039
test_03249,7.827720642089844
test_03250,8.400070190429688
test_03251,12.982215881347656
test_03252,32.00605010986328
test_03253,32.66800308227539
test_03254,55.191226959228516
test_03255,76.04228973388672
test_03256,144.85931396484375
test_03257,34.07661819458008
test_03258,30.9219970703125
test_03259,14.575370788574219
test_03260,16.491825103759766
test_03261,49.0904541015625
test_03262,84.06954956054688
test_03263,90.139892578125
test_03264,40.4457893371582
test_03265,190.31163024902344
test_03266,34.34832000732422
test_03267,13.839866638183594
test_03268,8.861785888671875
test_03269,48.884803771972656
test_03270,83.7656021118164
test_03271,213.57388305664062
test_03272,199.28684997558594
test_03273,95.34432983398438
test_03274,44.4980354309082
test_03275,55.83246994018555
test_03276,50.05409240722656
test_03277,46.493324279785156
test_03278,17.676536560058594
test_03279,44.8156623840332
test_03280,128.23831176757812
test_03281,57.56702423095703
test_03282,121.86322021484375
test_03283,213.078857421875
test_03284,135.66098022460938
test_03285,116.27540588378906
test_03286,99.977294921875
test_03287,46.65435028076172
test_03288,159.83547973632812
test_03289,32.52246856689453
test_03290,41.47185516357422
test_03291,7.024444580078125
test_03292,19.941715240478516
test_03293,56.3804931640625
test_03294,124.52842712402344
test_03295,8.915802001953125
test_03296,66.98968505859375
test_03297,8.284126281738281
test_03298,23.464759826660156
test_03299,14.783004760742188
test_03300,10.984474182128906
test_03301,69.17223358154297
test_03302,133.4527587890625
test_03303,261.3203430175781
test_03304,213.30081176757812
test_03305,118.43441009521484
test_03306,105.58909606933594
test_03307,10.640975952148438
test_03308,83.78397369384766
test_03309,186.4331817626953
test_03310,105.60957336425781
test_03311,59.68780517578125
test_03312,54.648704528808594
test_03313,28.59435272216797
test_03314,15.537422180175781
test_03315,78.9642562866211
test_03316,66.7071304321289
test_03317,201.53610229492188
test_03318,27.520103454589844
test_03319,64.64927673339844
test_03320,10.384803771972656
test_03321,9.106658935546875
test_03322,31.686023712158203
test_03323,91.52178955078125
test_03324,202.38095092773438
test_03325,278.45697021484375
test_03326,19.110862731933594
test_03327,107.2099838256836
test_03328,137.66455078125
test_03329,8.761421203613281
test_03330,109.12669372558594
test_03331,243.71908569335938
test_03332,417.1355895996094
test_03333,80.55695343017578
test_03334,35.31110382080078
test_03335,126.9539794921875
test_03336,229.19631958007812
test_03337,9.427253723144531
test_03338,30.41753387451172
test_03339,162.5791015625
test_03340,229.71832275390625
test_03341,10.555839538574219
test_03342,14.215202331542969
test_03343,7.8493499755859375
test_03344,203.19183349609375
test_03345,275.0225830078125
test_03346,208.98284912109375
test_03347,214.39529418945312
test_03348,349.7281799316406
test_03349,387.7142028808594
test_03350,15.350723266601562
test_03351,75.32190704345703
test_03352,125.29527282714844
test_03353,172.78176879882812
test_03354,14.395889282226562
test_03355,147.47372436523438
test_03356,13.462532043457031
test_03357,316.0143127441406
test_03358,294.784423828125
test_03359,348.3935241699219
test_03360,93.92740631103516
test_03361,348.0606994628906
test_03362,471.3515319824219
test_03363,246.15045166015625
test_03364,147.03875732421875
test_03365,226.08349609375
test_03366,23.80559539794922
test_03367,13.377082824707031
test_03368,6.818260192871094
test_03369,69.6956558227539
test_03370,82.44612121582031
test_03371,13.862533569335938
test_03372,24.546878814697266
test_03373,66.54484558105469
test_03374,38.9920654296875
test_03375,155.47052001953125
test_03376,55.71232604980469
test_03377,7.9214630126953125
test_03378,62.34288787841797
test_03379,6.4886016845703125
test_03380,20.080062866210938
test_03381,94.59917449951172
test_03382,171.64407348632812
test_03383,304.78338623046875
test_03384,6.525184631347656
test_03385,317.3594055175781
test_03386,12.73028564453125
test_03387,10.292823791503906
test_03388,97.29408264160156
test_03389,6.1551361083984375
test_03390,50.85789108276367
test_03391,103.07936096191406
test_03392,327.0356140136719
test_03393,9.133926391601562
test_03394,19.75887680053711
test_03395,46.005699157714844
test_03396,14.935310363769531
test_03397,11.019721984863281
test_03398,11.63543701171875
test_03399,61.99853515625
test_03400,121.85542297363281
test_03401,189.10580444335938
test_03402,204.15284729003906
test_03403,255.41574096679688
test_03404,7.5160980224609375
test_03405,83.36885833740234
test_03406,129.88458251953125
test_03407,7.239494323730469
test_03408,63.7362060546875
test_03409,80.46488952636719
test_03410,18.089385986328125
test_03411,37.39359664916992
test_03412,19.414546966552734
test_03413,19.73672103881836
test_03414,104.48050689697266
test_03415,8.436485290527344
test_03416,190.59646606445312
test_03417,208.2205810546875
test_03418,351.7873840332031
test_03419,86.09190368652344
test_03420,58.10338592529297
test_03421,108.47606658935547
test_03422,6.9476318359375
test_03423,7.1266326904296875
test_03424,7.710044860839844
test_03425,15.315452575683594
test_03426,103.37269592285156
test_03427,10.306167602539062
test_03428,95.3089370727539
test_03429,249.92196655273438
test_03430,338.43927001953125
test_03431,80.5374526977539
test_03432,52.36838150024414
test_03433,51.456085205078125
test_03434,113.29075622558594
test_03435,56.6126823425293
test_03436,15.878860473632812
test_03437,24.013629913330078
test_03438,45.41157913208008
test_03439,14.808052062988281
test_03440,54.58657455444336
test_03441,9.2845458984375
test_03442,41.230567932128906
test_03443,92.87064361572266
test_03444,60.78855514526367
test_03445,7.659637451171875
test_03446,21.773788452148438
test_03447,54.57508087158203
test_03448,104.00643157958984
test_03449,89.21446990966797
test_03450,23.79410171508789
test_03451,11.259681701660156
test_03452,42.38909149169922
test_03453,56.10041809082031
test_03454,35.31099319458008
test_03455,81.00293731689453
test_03456,53.15464782714844
test_03457,28.263713836669922
test_03458,83.5512924194336
test_03459,13.579887390136719
test_03460,17.50017547607422
test_03461,41.767051696777344
test_03462,79.4557876586914
test_03463,62.4296989440918
test_03464,34.405521392822266
test_03465,9.517974853515625
test_03466,33.146602630615234
test_03467,56.274757385253906
test_03468,70.59597778320312
test_03469,83.30160522460938
test_03470,65.48102569580078
test_03471,51.523292541503906
test_03472,157.426025390625
test_03473,185.72630310058594
test_03474,30.023128509521484
test_03475,10.788642883300781
test_03476,27.568687438964844
test_03477,49.16084289550781
test_03478,17.72934341430664
test_03479,29.922809600830078
test_03480,54.020084381103516
test_03481,20.73828125
test_03482,40.51280975341797
test_03483,173.02359008789062
test_03484,20.82555389404297
test_03485,30.221858978271484
test_03486,53.12679672241211
test_03487,57.42041015625
test_03488,33.22660446166992
test_03489,47.235191345214844
test_03490,85.44731140136719
test_03491,86.92028045654297
test_03492,72.49483489990234
test_03493,48.64427947998047
test_03494,93.3665771484375
test_03495,55.40596008300781
test_03496,10.387741088867188
test_03497,16.143177032470703
test_03498,50.9742431640625
test_03499,38.67119216918945
test_03500,10.028472900390625
test_03501,88.06947326660156
test_03502,29.798919677734375
test_03503,42.51211166381836
test_03504,39.5825309753418
test_03505,59.80229187011719
test_03506,62.9327392578125
test_03507,74.89469146728516
test_03508,115.79844665527344
test_03509,80.623779296875
test_03510,168.84963989257812
test_03511,57.13594055175781
test_03512,11.35015869140625
test_03513,42.258853912353516
test_03514,51.51274871826172
test_03515,63.531410217285156
test_03516,15.600730895996094
test_03517,32.17169189453125
test_03518,25.910324096679688
test_03519,29.231231689453125
test_03520,86.94445037841797
test_03521,145.14254760742188
test_03522,62.98332214355469
test_03523,43.00979232788086
test_03524,8.475090026855469
test_03525,14.197792053222656
test_03526,27.491191864013672
test_03527,75.69009399414062
test_03528,97.16136169433594
test_03529,119.91287231445312
test_03530,40.26736068725586
test_03531,22.05994415283203
test_03532,29.86627960205078
test_03533,121.63996124267578
test_03534,47.517921447753906
test_03535,81.6295394897461
test_03536,72.53511047363281
test_03537,60.5086669921875
test_03538,52.63911437988281
test_03539,109.58108520507812
test_03540,89.71131134033203
test_03541,65.86002349853516
test_03542,25.465370178222656
test_03543,43.71816635131836
test_03544,37.19525146484375
test_03545,44.11307144165039
test_03546,75.93697357177734
test_03547,143.7685089111328
test_03548,56.636295318603516
test_03549,13.990325927734375
test_03550,30.336612701416016
test_03551,60.68701171875
test_03552,161.1765594482422
test_03553,178.70401000976562
test_03554,36.56269836425781
test_03555,36.0301513671875
test_03556,3.8445205688476562
test_03557,91.640625
test_03558,120.91690063476562
test_03559,49.576759338378906
test_03560,58.783172607421875
test_03561,92.39788818359375
test_03562,38.53403091430664
test_03563,47.353294372558594
test_03564,62.056419372558594
test_03565,99.3397216796875
test_03566,16.863422393798828
test_03567,47.440582275390625
test_03568,54.039634704589844
test_03569,84.19313049316406
test_03570,105.83020782470703
test_03571,55.09239959716797
test_03572,22.563133239746094
test_03573,15.091064453125
test_03574,10.528732299804688
test_03575,22.88858413696289
test_03576,69.17890167236328
test_03577,63.25923156738281
test_03578,15.855827331542969
test_03579,62.497276306152344
test_03580,62.426361083984375
test_03581,36.60260772705078
test_03582,111.98202514648438
test_03583,82.26676177978516
test_03584,4.188133239746094
test_03585,19.311222076416016
test_03586,8.354682922363281
test_03587,20.017719268798828
test_03588,28.274208068847656
test_03589,17.606727600097656
test_03590,7.750389099121094
test_03591,21.69735336303711
test_03592,15.95050048828125
test_03593,139.19186401367188
test_03594,14.780891418457031
test_03595,57.47272491455078
test_03596,4.9296722412109375
test_03597,10.311630249023438
test_03598,12.166732788085938
test_03599,33.387046813964844
test_03600,37.48740768432617
test_03601,77.11450958251953
test_03602,47.24394989013672
test_03603,147.70419311523438
test_03604,70.21345520019531
test_03605,25.29486846923828
test_03606,10.868644714355469
test_03607,23.542266845703125
test_03608,33.199798583984375
test_03609,94.49623107910156
test_03610,61.292633056640625
test_03611,29.563282012939453
test_03612,182.08612060546875
test_03613,25.9476318359375
test_03614,7.1480712890625
test_03615,9.927131652832031
test_03616,25.521289825439453
test_03617,100.78462219238281
test_03618,196.20480346679688
test_03619,154.1800079345703
test_03620,97.81043243408203
test_03621,31.318370819091797
test_03622,53.97723388671875
test_03623,61.49093246459961
test_03624,48.879241943359375
test_03625,24.277694702148438
test_03626,41.75426483154297
test_03627,132.422119140625
test_03628,56.06804656982422
test_03629,102.4827880859375
test_03630,172.8763427734375
test_03631,244.52734375
test_03632,140.10638427734375
test_03633,102.44406127929688
test_03634,82.77552795410156
test_03635,169.04757690429688
test_03636,78.78622436523438
test_03637,40.41189193725586
test_03638,11.280914306640625
test_03639,19.304840087890625
test_03640,41.5640869140625
test_03641,93.23251342773438
test_03642,11.226951599121094
test_03643,49.47247314453125
test_03644,6.705596923828125
test_03645,25.50161361694336
test_03646,10.939155578613281
test_03647,9.733314514160156
test_03648,75.90885925292969
test_03649,137.84141540527344
test_03650,266.7887878417969
test_03651,256.4500427246094
test_03652,113.18920135498047
test_03653,112.47114562988281
test_03654,12.670082092285156
test_03655,81.75830078125
test_03656,204.3194580078125
test_03657,51.6376838684082
test_03658,65.10871124267578
test_03659,41.883888244628906
test_03660,11.259025573730469
test_03661,19.758380889892578
test_03662,82.13812255859375
test_03663,57.037803649902344
test_03664,165.5526123046875
test_03665,27.252159118652344
test_03666,64.9294204711914
test_03667,9.213592529296875
test_03668,8.860763549804688
test_03669,12.594390869140625
test_03670,75.9708251953125
test_03671,190.00057983398438
test_03672,321.799072265625
test_03673,21.562519073486328
test_03674,98.79130554199219
test_03675,150.77557373046875
test_03676,7.669441223144531
test_03677,121.1470718383789
test_03678,118.85006713867188
test_03679,372.5995178222656
test_03680,76.8183822631836
test_03681,44.59731674194336
test_03682,100.25408935546875
test_03683,180.82666015625
test_03684,7.321678161621094
test_03685,46.72750473022461
test_03686,94.8690185546875
test_03687,225.10946655273438
test_03688,8.854866027832031
test_03689,16.44525909423828
test_03690,7.39984130859375
test_03691,65.65965270996094
test_03692,221.13934326171875
test_03693,231.93069458007812
test_03694,172.98956298828125
test_03695,277.5169677734375
test_03696,354.2216491699219
test_03697,13.476043701171875
test_03698,86.4354476928711
test_03699,165.09771728515625
test_03700,170.58143615722656
test_03701,9.905311584472656
test_03702,152.22299194335938
test_03703,18.644195556640625
test_03704,159.7435760498047
test_03705,412.6474609375
test_03706,72.3901138305664
test_03707,195.4573974609375
test_03708,421.5013427734375
test_03709,254.25241088867188
test_03710,223.00576782226562
test_03711,160.945556640625
test_03712,20.87017822265625
test_03713,14.038871765136719
test_03714,9.011749267578125
test_03715,35.39874267578125
test_03716,95.44247436523438
test_03717,14.263504028320312
test_03718,25.789512634277344
test_03719,88.01187133789062
test_03720,121.01456451416016
test_03721,170.8238525390625
test_03722,55.12676239013672
test_03723,9.247756958007812
test_03724,86.50822448730469
test_03725,15.73870849609375
test_03726,22.617774963378906
test_03727,64.25982666015625
test_03728,152.48855590820312
test_03729,213.94308471679688
test_03730,6.978553771972656
test_03731,587.5949096679688
test_03732,13.147171020507812
test_03733,12.900421142578125
test_03734,103.03382873535156
test_03735,6.608062744140625
test_03736,56.096923828125
test_03737,94.6006851196289
test_03738,255.23004150390625
test_03739,7.6862945556640625
test_03740,9.431167602539062
test_03741,81.69280242919922
test_03742,12.642326354980469
test_03743,8.698539733886719
test_03744,9.041435241699219
test_03745,146.2056884765625
test_03746,157.06765747070312
test_03747,141.92645263671875
test_03748,175.94342041015625
test_03749,277.2878723144531
test_03750,6.330451965332031
test_03751,77.75161743164062
test_03752,133.99610900878906
test_03753,6.148841857910156
test_03754,71.75093841552734
test_03755,86.33747863769531
test_03756,13.571372985839844
test_03757,43.3466682434082
test_03758,13.499244689941406
test_03759,28.76553726196289
test_03760,62.749359130859375
test_03761,5.9273834228515625
test_03762,220.66506958007812
test_03763,147.57009887695312
test_03764,388.8209228515625
test_03765,94.84147644042969
test_03766,62.96858215332031
test_03767,129.3258056640625
test_03768,11.187049865722656
test_03769,9.942855834960938
test_03770,8.65093994140625
test_03771,14.453559875488281
test_03772,101.9240493774414
test_03773,13.014213562011719
test_03774,92.8170394897461
test_03775,286.5908508300781
test_03776,68.66655731201172
test_03777,49.30244064331055
test_03778,53.430938720703125
test_03779,118.57012939453125
test_03780,58.186344146728516
test_03781,12.058372497558594
test_03782,46.38086700439453
test_03783,44.2664909362793
test_03784,13.558944702148438
test_03785,57.08986282348633
test_03786,10.202827453613281
test_03787,10.276779174804688
test_03788,116.63928985595703
test_03789,61.586761474609375
test_03790,7.68414306640625
test_03791,61.092506408691406
test_03792,108.42736053466797
test_03793,109.23921966552734
test_03794,26.023460388183594
test_03795,15.292449951171875
test_03796,48.23065948486328
test_03797,69.60472869873047
test_03798,30.368515014648438
test_03799,87.39220428466797
test_03800,63.266273498535156
test_03801,85.21129608154297
test_03802,13.4151611328125
test_03803,16.615177154541016
test_03804,31.207172393798828
test_03805,68.5655517578125
test_03806,96.153076171875
test_03807,40.10848617553711
test_03808,24.00875473022461
test_03809,52.45583724975586
test_03810,63.135555267333984
test_03811,65.99324035644531
test_03812,77.66212463378906
test_03813,110.49896240234375
test_03814,52.81450653076172
test_03815,158.2603302001953
test_03816,197.90252685546875
test_03817,25.18606948852539
test_03818,11.457962036132812
test_03819,26.454700469970703
test_03820,47.63719940185547
test_03821,12.6060791015625
test_03822,35.1411018371582
test_03823,83.92366027832031
test_03824,27.665267944335938
test_03825,41.997798919677734
test_03826,142.3940887451172
test_03827,15.17205810546875
test_03828,35.434814453125
test_03829,58.26456069946289
test_03830,84.61835479736328
test_03831,43.65744400024414
test_03832,47.829341888427734
test_03833,80.05158996582031
test_03834,102.9183120727539
test_03835,78.36408233642578
test_03836,65.70703887939453
test_03837,88.0621109008789
test_03838,60.609615325927734
test_03839,14.37786865234375
test_03840,15.932762145996094
test_03841,73.3814697265625
test_03842,41.22941589355469
test_03843,15.995071411132812
test_03844,87.4391098022461
test_03845,26.690475463867188
test_03846,31.68115234375
test_03847,33.819374084472656
test_03848,72.004150390625
test_03849,67.71402740478516
test_03850,85.59969329833984
test_03851,109.46208190917969
test_03852,94.192138671875
test_03853,205.22357177734375
test_03854,40.139381408691406
test_03855,23.389572143554688
test_03856,61.74756622314453
test_03857,59.228416442871094
test_03858,69.4691162109375
test_03859,14.242996215820312
test_03860,30.85936737060547
test_03861,21.911842346191406
test_03862,31.423721313476562
test_03863,101.23648834228516
test_03864,112.60264587402344
test_03865,68.90137481689453
test_03866,129.67266845703125
test_03867,8.980140686035156
test_03868,16.32630157470703
test_03869,58.669578552246094
test_03870,100.53166198730469
test_03871,117.51235961914062
test_03872,78.09674072265625
test_03873,29.485191345214844
test_03874,37.504756927490234
test_03875,106.959228515625
test_03876,53.20639419555664
test_03877,84.0833740234375
test_03878,86.55767822265625
test_03879,65.4283676147461
test_03880,58.63452911376953
test_03881,117.69449615478516
test_03882,99.31097412109375
test_03883,65.01481628417969
test_03884,28.72946548461914
test_03885,37.85261535644531
test_03886,29.273780822753906
test_03887,35.42003631591797
test_03888,98.1679458618164
test_03889,101.72245788574219
test_03890,84.77586364746094
test_03891,17.016468048095703
test_03892,29.70034408569336
test_03893,57.886451721191406
test_03894,151.25625610351562
test_03895,145.48504638671875
test_03896,29.88455581665039
test_03897,50.94424057006836
test_03898,7.120719909667969
test_03899,115.23370361328125
test_03900,120.47663879394531
test_03901,33.41588592529297
test_03902,67.05500030517578
test_03903,183.1728973388672
test_03904,95.79199981689453
test_03905,87.81535339355469
test_03906,86.04911041259766
test_03907,125.9126968383789
test_03908,23.884395599365234
test_03909,55.13768005371094
test_03910,37.5576286315918
test_03911,69.17012023925781
test_03912,80.0242919921875
test_03913,49.02268981933594
test_03914,30.68224334716797
test_03915,24.69454574584961
test_03916,11.995773315429688
test_03917,26.972633361816406
test_03918,103.78041076660156
test_03919,52.13825225830078
test_03920,39.913116455078125
test_03921,75.5180892944336
test_03922,71.34150695800781
test_03923,43.40254592895508
test_03924,82.49691009521484
test_03925,124.0770263671875
test_03926,6.3798980712890625
test_03927,31.170608520507812
test_03928,6.684288024902344
test_03929,26.105945587158203
test_03930,42.966922760009766
test_03931,21.185585021972656
test_03932,7.29327392578125
test_03933,14.788154602050781
test_03934,23.26689910888672
test_03935,131.42405700683594
test_03936,41.52513122558594
test_03937,16.413211822509766
test_03938,50.740379333496094
test_03939,10.057395935058594
test_03940,10.335037231445312
test_03941,16.270572662353516
test_03942,31.121780395507812
test_03943,40.94541931152344
test_03944,83.73342895507812
test_03945,72.54208374023438
test_03946,165.39859008789062
test_03947,33.492000579833984
test_03948,32.03219985961914
test_03949,15.15911865234375
test_03950,32.869266510009766
test_03951,52.768672943115234
test_03952,92.82337188720703
test_03953,75.71491241455078
test_03954,168.190185546875
test_03955,28.166229248046875
test_03956,11.914459228515625
test_03957,9.263778686523438
test_03958,44.238243103027344
test_03959,82.28628540039062
test_03960,196.1744384765625
test_03961,182.03079223632812
test_03962,93.49042510986328
test_03963,39.67766571044922
test_03964,54.90530014038086
test_03965,44.07319641113281
test_03966,45.23402786254883
test_03967,18.390087127685547
test_03968,50.909080505371094
test_03969,150.50851440429688
test_03970,50.76167297363281
test_03971,116.00787353515625
test_03972,243.64398193359375
test_03973,110.05193328857422
test_03974,130.3631591796875
test_03975,103.60639953613281
test_03976,60.153533935546875
test_03977,225.05966186523438
test_03978,32.39125442504883
test_03979,40.593658447265625
test_03980,10.994155883789062
test_03981,22.172042846679688
test_03982,70.32157135009766
test_03983,111.19938659667969
test_03984,12.079391479492188
test_03985,57.54753875732422
test_03986,6.713386535644531
test_03987,23.21466827392578
test_03988,13.104820251464844
test_03989,9.025283813476562
test_03990,74.05406188964844
test_03991,158.55868530273438
test_03992,266.68182373046875
test_03993,228.43359375
test_03994,119.91329956054688
test_03995,139.77731323242188
test_03996,13.288200378417969
test_03997,99.27684783935547
test_03998,180.16717529296875
test_03999,140.80841064453125
test_04000,55.54248809814453
test_04001,52.56378936767578
test_04002,14.153549194335938
test_04003,16.89599609375
test_04004,66.1324234008789
test_04005,56.305870056152344
test_04006,189.06338500976562
test_04007,24.6806640625
test_04008,64.87738037109375
test_04009,10.899627685546875
test_04010,10.894050598144531
test_04011,35.765838623046875
test_04012,87.61876678466797
test_04013,212.89215087890625
test_04014,325.1782531738281
test_04015,14.247077941894531
test_04016,128.6912384033203
test_04017,138.76760864257812
test_04018,10.219978332519531
test_04019,145.91213989257812
test_04020,279.44024658203125
test_04021,476.5441589355469
test_04022,108.29080200195312
test_04023,39.99521255493164
test_04024,136.9775390625
test_04025,235.79849243164062
test_04026,10.577484130859375
test_04027,17.733863830566406
test_04028,192.95567321777344
test_04029,230.92822265625
test_04030,9.789207458496094
test_04031,15.347518920898438
test_04032,9.018478393554688
test_04033,249.86767578125
test_04034,264.58978271484375
test_04035,254.59799194335938
test_04036,244.06594848632812
test_04037,402.0013122558594
test_04038,439.3633728027344
test_04039,13.772552490234375
test_04040,89.23011779785156
test_04041,132.5601806640625
test_04042,165.424560546875
test_04043,8.055923461914062
test_04044,171.1831512451172
test_04045,10.216331481933594
test_04046,393.7489318847656
test_04047,350.3846435546875
test_04048,366.43115234375
test_04049,69.9454116821289
test_04050,330.0646667480469
test_04051,430.5228576660156
test_04052,262.3815612792969
test_04053,218.6390380859375
test_04054,173.2452392578125
test_04055,19.47563934326172
test_04056,15.887626647949219
test_04057,12.837226867675781
test_04058,74.9432601928711
test_04059,88.63196563720703
test_04060,13.502159118652344
test_04061,27.352062225341797
test_04062,81.4007797241211
test_04063,129.88209533691406
test_04064,170.1626739501953
test_04065,56.416053771972656
test_04066,10.453498840332031
test_04067,72.63355255126953
test_04068,9.170166015625
test_04069,21.764724731445312
test_04070,102.04656982421875
test_04071,189.65975952148438
test_04072,361.0349426269531
test_04073,6.691368103027344
test_04074,541.017822265625
test_04075,14.274177551269531
test_04076,9.043647766113281
test_04077,124.45445251464844
test_04078,9.10089111328125
test_04079,54.41683578491211
test_04080,95.79742431640625
test_04081,406.9284973144531
test_04082,9.03167724609375
test_04083,14.793472290039062
test_04084,39.72906494140625
test_04085,12.707084655761719
test_04086,9.738807678222656
test_04087,11.907325744628906
test_04088,121.69715881347656
test_04089,154.54714965820312
test_04090,191.82073974609375
test_04091,237.80572509765625
test_04092,274.35418701171875
test_04093,7.255180358886719
test_04094,102.94681549072266
test_04095,146.36839294433594
test_04096,8.652595520019531
test_04097,84.27841186523438
test_04098,95.01634979248047
test_04099,14.840675354003906
test_04100,28.431495666503906
test_04101,7.354881286621094
test_04102,26.73175811767578
test_04103,7.411735534667969
