id,PM2.5
test_00001,183.32518005371094
test_00002,158.4333953857422
test_00003,423.35980224609375
test_00004,83.37572479248047
test_00005,47.71354293823242
test_00006,115.62976837158203
test_00007,9.964241027832031
test_00008,8.393905639648438
test_00009,47.71828079223633
test_00010,119.56121826171875
test_00011,11.729171752929688
test_00012,115.82689666748047
test_00013,274.304443359375
test_00014,334.1513366699219
test_00015,80.32275390625
test_00016,49.21556854248047
test_00017,47.05659103393555
test_00018,123.42205810546875
test_00019,53.87131118774414
test_00020,15.489517211914062
test_00021,27.615955352783203
test_00022,35.371829986572266
test_00023,10.552627563476562
test_00024,53.0162353515625
test_00025,11.229637145996094
test_00026,11.471290588378906
test_00027,108.45108032226562
test_00028,61.533607482910156
test_00029,9.78564453125
test_00030,10.119728088378906
test_00031,59.424888610839844
test_00032,101.06623840332031
test_00033,99.15703582763672
test_00034,27.056522369384766
test_00035,15.442207336425781
test_00036,84.65401458740234
test_00037,99.447509765625
test_00038,14.418838500976562
test_00039,33.841854095458984
test_00040,81.18827056884766
test_00041,10.569244384765625
test_00042,14.978195190429688
test_00043,29.020931243896484
test_00044,66.95362091064453
test_00045,70.53620910644531
test_00046,53.77116394042969
test_00047,23.028167724609375
test_00048,59.52460479736328
test_00049,56.38646697998047
test_00050,74.53411102294922
test_00051,96.9959945678711
test_00052,108.83517456054688
test_00053,60.344486236572266
test_00054,170.4403076171875
test_00055,188.32150268554688
test_00056,29.11025619506836
test_00057,10.582221984863281
test_00058,24.914661407470703
test_00059,54.38523483276367
test_00060,32.34548568725586
test_00061,27.98929214477539
test_00062,59.32240295410156
test_00063,25.18598175048828
test_00064,55.73479461669922
test_00065,145.68521118164062
test_00066,24.55286407470703
test_00067,34.7774658203125
test_00068,65.84068298339844
test_00069,59.71012878417969
test_00070,39.76824188232422
test_00071,48.32825469970703
test_00072,79.7892837524414
test_00073,129.93350219726562
test_00074,87.06664276123047
test_00075,62.533111572265625
test_00076,78.0115966796875
test_00077,51.18788146972656
test_00078,11.319686889648438
test_00079,17.805828094482422
test_00080,53.48774719238281
test_00081,35.61722183227539
test_00082,13.270072937011719
test_00083,86.78974914550781
test_00084,31.637371063232422
test_00085,34.45615768432617
test_00086,41.34864044189453
test_00087,73.8975601196289
test_00088,71.34793090820312
test_00089,77.51890563964844
test_00090,124.95317077636719
test_00091,80.79232025146484
test_00092,205.4889678955078
test_00093,49.30604553222656
test_00094,9.217422485351562
test_00095,67.6280517578125
test_00096,41.11991500854492
test_00097,62.68711853027344
test_00098,14.852264404296875
test_00099,103.7391357421875
test_00100,18.55731201171875
test_00101,16.155254364013672
test_00102,125.16812133789062
test_00103,85.66455841064453
test_00104,148.8690185546875
test_00105,57.03666687011719
test_00106,111.60163879394531
test_00107,8.615859985351562
test_00108,15.462013244628906
test_00109,30.865734100341797
test_00110,58.192787170410156
test_00111,101.06132507324219
test_00112,119.21957397460938
test_00113,60.46544647216797
test_00114,24.475818634033203
test_00115,38.86859893798828
test_00116,113.45157623291016
test_00117,57.254737854003906
test_00118,84.69219970703125
test_00119,82.36371612548828
test_00120,82.16983032226562
test_00121,64.58016204833984
test_00122,104.77230072021484
test_00123,79.93448638916016
test_00124,53.10275650024414
test_00125,24.737911224365234
test_00126,67.2101058959961
test_00127,35.66250991821289
test_00128,38.23390197753906
test_00129,86.57353210449219
test_00130,112.90206909179688
test_00131,72.00373077392578
test_00132,24.2818603515625
test_00133,25.638877868652344
test_00134,67.6308364868164
test_00135,147.03619384765625
test_00136,121.19623565673828
test_00137,46.82591247558594
test_00138,8.850868225097656
test_00139,124.12911987304688
test_00140,103.21240997314453
test_00141,46.24162292480469
test_00142,82.2024917602539
test_00143,92.07466125488281
test_00144,52.600257873535156
test_00145,88.91145324707031
test_00146,82.32140350341797
test_00147,114.23831176757812
test_00148,14.437240600585938
test_00149,41.02925491333008
test_00150,49.626922607421875
test_00151,63.62095642089844
test_00152,90.31681060791016
test_00153,47.823692321777344
test_00154,34.93218994140625
test_00155,13.896530151367188
test_00156,9.063377380371094
test_00157,24.706493377685547
test_00158,78.1426010131836
test_00159,61.78614044189453
test_00160,24.823719024658203
test_00161,59.44919967651367
test_00162,66.06007385253906
test_00163,33.243934631347656
test_00164,80.42274475097656
test_00165,107.54256439208984
test_00166,7.021575927734375
test_00167,20.18051528930664
test_00168,10.500831604003906
test_00169,18.943675994873047
test_00170,24.831886291503906
test_00171,21.227230072021484
test_00172,5.935157775878906
test_00173,13.521171569824219
test_00174,13.37054443359375
test_00175,143.4396209716797
test_00176,37.698734283447266
test_00177,8.722175598144531
test_00178,8.080482482910156
test_00179,9.118728637695312
test_00180,12.393234252929688
test_00181,29.5770263671875
test_00182,40.73936080932617
test_00183,67.78190612792969
test_00184,85.13251495361328
test_00185,159.1253662109375
test_00186,35.347564697265625
test_00187,28.766521453857422
test_00188,13.672447204589844
test_00189,16.017101287841797
test_00190,42.92472457885742
test_00191,92.25117492675781
test_00192,114.51998138427734
test_00193,25.874752044677734
test_00194,181.205322265625
test_00195,27.32952117919922
test_00196,8.922584533691406
test_00197,37.321861267089844
test_00198,88.52252197265625
test_00199,205.46823120117188
test_00200,169.1060791015625
test_00201,106.87059020996094
test_00202,39.281314849853516
test_00203,60.344303131103516
test_00204,54.05216979980469
test_00205,52.836524963378906
test_00206,24.363876342773438
test_00207,49.493289947509766
test_00208,140.3289794921875
test_00209,53.123321533203125
test_00210,124.12451171875
test_00211,228.97525024414062
test_00212,271.4978332519531
test_00213,120.61770629882812
test_00214,101.78973388671875
test_00215,61.6132698059082
test_00216,185.3258056640625
test_00217,50.2866325378418
test_00218,37.326072692871094
test_00219,14.025367736816406
test_00220,25.145740509033203
test_00221,50.06714630126953
test_00222,122.19612884521484
test_00223,6.338661193847656
test_00224,68.98906707763672
test_00225,5.0676422119140625
test_00226,26.318843841552734
test_00227,7.240203857421875
test_00228,7.178382873535156
test_00229,71.71046447753906
test_00230,115.65167999267578
test_00231,307.6809997558594
test_00232,240.63925170898438
test_00233,109.2105712890625
test_00234,116.22628021240234
test_00235,14.433830261230469
test_00236,99.50955200195312
test_00237,212.85464477539062
test_00238,25.065399169921875
test_00239,67.011474609375
test_00240,57.283363342285156
test_00241,5.822479248046875
test_00242,28.443340301513672
test_00243,88.09270477294922
test_00244,64.45277404785156
test_00245,196.68246459960938
test_00246,28.54692840576172
test_00247,77.60669708251953
test_00248,8.450553894042969
test_00249,9.678924560546875
test_00250,8.022941589355469
test_00251,75.18843078613281
test_00252,195.29922485351562
test_00253,240.65084838867188
test_00254,20.29056167602539
test_00255,67.12782287597656
test_00256,146.93838500976562
test_00257,10.478080749511719
test_00258,133.81910705566406
test_00259,131.83453369140625
test_00260,501.0339050292969
test_00261,73.86985778808594
test_00262,27.981689453125
test_00263,108.76022338867188
test_00264,185.33514404296875
test_00265,7.6798858642578125
test_00266,17.515853881835938
test_00267,104.80361938476562
test_00268,234.866455078125
test_00269,12.760581970214844
test_00270,16.934104919433594
test_00271,7.860572814941406
test_00272,56.546363830566406
test_00273,269.6195068359375
test_00274,205.03085327148438
test_00275,200.5347900390625
test_00276,420.0597839355469
test_00277,408.3702392578125
test_00278,15.717559814453125
test_00279,81.7664566040039
test_00280,166.65240478515625
test_00281,178.85888671875
test_00282,14.588752746582031
test_00283,145.79461669921875
test_00284,14.013252258300781
test_00285,328.15899658203125
test_00286,278.60382080078125
test_00287,440.7184753417969
test_00288,68.93168640136719
test_00289,293.9018859863281
test_00290,283.0369567871094
test_00291,252.08456420898438
test_00292,189.31936645507812
test_00293,110.4822998046875
test_00294,20.879844665527344
test_00295,15.721420288085938
test_00296,5.169830322265625
test_00297,37.16729736328125
test_00298,78.82828521728516
test_00299,11.502601623535156
test_00300,31.042789459228516
test_00301,83.65066528320312
test_00302,128.2576904296875
test_00303,165.7983856201172
test_00304,68.8039779663086
test_00305,10.2884521484375
test_00306,81.95132446289062
test_00307,11.795021057128906
test_00308,27.383594512939453
test_00309,73.22317504882812
test_00310,200.23568725585938
test_00311,257.5062561035156
test_00312,11.940628051757812
test_00313,585.7898559570312
test_00314,9.276191711425781
test_00315,8.422676086425781
test_00316,89.5234146118164
test_00317,7.2510528564453125
test_00318,50.26372528076172
test_00319,83.91834259033203
test_00320,279.95001220703125
test_00321,8.618499755859375
test_00322,10.792228698730469
test_00323,84.29658508300781
test_00324,8.605972290039062
test_00325,7.1501007080078125
test_00326,9.755172729492188
test_00327,110.08830261230469
test_00328,138.38841247558594
test_00329,175.04006958007812
test_00330,273.4909973144531
test_00331,313.3748779296875
test_00332,5.8571319580078125
test_00333,79.2060317993164
test_00334,160.91168212890625
test_00335,5.522163391113281
test_00336,81.04183959960938
test_00337,95.46907043457031
test_00338,17.12885284423828
test_00339,29.258724212646484
test_00340,11.581146240234375
test_00341,24.752700805664062
test_00342,7.371040344238281
test_00343,114.65426635742188
test_00344,198.53248596191406
test_00345,248.98239135742188
test_00346,44.1426887512207
test_00347,23.048259735107422
test_00348,85.45105743408203
test_00349,8.439308166503906
test_00350,11.246856689453125
test_00351,17.897705078125
test_00352,17.496219635009766
test_00353,91.86882781982422
test_00354,15.32720947265625
test_00355,78.23841857910156
test_00356,225.79598999023438
test_00357,278.4354553222656
test_00358,61.58319854736328
test_00359,42.4211540222168
test_00360,26.065418243408203
test_00361,105.19015502929688
test_00362,56.43635559082031
test_00363,9.659950256347656
test_00364,9.600288391113281
test_00365,13.034919738769531
test_00366,8.539993286132812
test_00367,19.30731201171875
test_00368,6.356689453125
test_00369,7.747871398925781
test_00370,55.321617126464844
test_00371,58.18253707885742
test_00372,7.811561584472656
test_00373,17.003555297851562
test_00374,36.82441329956055
test_00375,45.86869812011719
test_00376,82.7223129272461
test_00377,18.93631362915039
test_00378,13.325164794921875
test_00379,10.3260498046875
test_00380,51.288475036621094
test_00381,30.364036560058594
test_00382,102.45751190185547
test_00383,15.495582580566406
test_00384,35.49860382080078
test_00385,83.29365539550781
test_00386,9.835716247558594
test_00387,18.746543884277344
test_00388,27.852725982666016
test_00389,82.92460632324219
test_00390,70.11400604248047
test_00391,38.53744125366211
test_00392,12.264778137207031
test_00393,44.58536911010742
test_00394,87.00178527832031
test_00395,79.08534240722656
test_00396,71.7968978881836
test_00397,74.77931213378906
test_00398,52.23291015625
test_00399,151.21231079101562
test_00400,42.378746032714844
test_00401,9.455902099609375
test_00402,12.386856079101562
test_00403,14.558448791503906
test_00404,18.161026000976562
test_00405,72.84300231933594
test_00406,21.62662124633789
test_00407,42.56971740722656
test_00408,189.61895751953125
test_00409,19.713626861572266
test_00410,31.541988372802734
test_00411,60.72456359863281
test_00412,12.348289489746094
test_00413,18.42400360107422
test_00414,45.57898712158203
test_00415,77.4575424194336
test_00416,102.66063690185547
test_00417,78.32872009277344
test_00418,42.97822952270508
test_00419,74.12406921386719
test_00420,23.61971664428711
test_00421,15.451461791992188
test_00422,17.893417358398438
test_00423,20.180152893066406
test_00424,86.5751953125
test_00425,12.078842163085938
test_00426,67.67545318603516
test_00427,43.37599182128906
test_00428,57.3970947265625
test_00429,87.36611938476562
test_00430,100.01161193847656
test_00431,70.10689544677734
test_00432,73.41012573242188
test_00433,111.52703857421875
test_00434,70.3420181274414
test_00435,129.5382080078125
test_00436,45.81245422363281
test_00437,7.8946990966796875
test_00438,42.263031005859375
test_00439,27.260799407958984
test_00440,33.243553161621094
test_00441,9.7999267578125
test_00442,18.12631607055664
test_00443,20.00235366821289
test_00444,22.951385498046875
test_00445,48.284339904785156
test_00446,140.652099609375
test_00447,94.33843994140625
test_00448,61.68165588378906
test_00449,38.127357482910156
test_00450,12.983116149902344
test_00451,26.502098083496094
test_00452,68.83524322509766
test_00453,64.23037719726562
test_00454,121.37203979492188
test_00455,7.570091247558594
test_00456,20.445812225341797
test_00457,34.693973541259766
test_00458,97.20530700683594
test_00459,43.450382232666016
test_00460,82.18682861328125
test_00461,71.73188781738281
test_00462,61.380653381347656
test_00463,47.81821060180664
test_00464,82.39085388183594
test_00465,48.548301696777344
test_00466,38.8216438293457
test_00467,6.570579528808594
test_00468,37.34760665893555
test_00469,20.175296783447266
test_00470,26.72152328491211
test_00471,59.22903060913086
test_00472,106.24896240234375
test_00473,31.76830291748047
test_00474,12.278228759765625
test_00475,15.89794921875
test_00476,91.7318115234375
test_00477,153.14193725585938
test_00478,66.6904296875
test_00479,33.28882598876953
test_00480,24.665245056152344
test_00481,14.167533874511719
test_00482,63.109901428222656
test_00483,139.12591552734375
test_00484,32.663124084472656
test_00485,41.008358001708984
test_00486,59.941932678222656
test_00487,19.533493041992188
test_00488,35.91292190551758
test_00489,63.134490966796875
test_00490,89.5509262084961
test_00491,16.238101959228516
test_00492,33.53169631958008
test_00493,42.541648864746094
test_00494,91.05935668945312
test_00495,27.575084686279297
test_00496,24.10269546508789
test_00497,6.713958740234375
test_00498,19.603683471679688
test_00499,24.157550811767578
test_00500,57.587276458740234
test_00501,50.92427444458008
test_00502,15.836479187011719
test_00503,39.19264221191406
test_00504,44.01565933227539
test_00505,36.62575912475586
test_00506,60.25019073486328
test_00507,45.42146682739258
test_00508,5.33258056640625
test_00509,10.472175598144531
test_00510,6.5438690185546875
test_00511,17.493968963623047
test_00512,16.09325408935547
test_00513,15.268821716308594
test_00514,9.584678649902344
test_00515,16.705631256103516
test_00516,14.390899658203125
test_00517,131.70828247070312
test_00518,36.1285514831543
test_00519,7.8807373046875
test_00520,52.80777359008789
test_00521,8.072784423828125
test_00522,10.929328918457031
test_00523,14.374275207519531
test_00524,21.56325912475586
test_00525,27.255332946777344
test_00526,115.14169311523438
test_00527,23.306106567382812
test_00528,48.59686279296875
test_00529,28.29384994506836
test_00530,24.029281616210938
test_00531,8.600181579589844
test_00532,14.178977966308594
test_00533,25.561111450195312
test_00534,81.39947509765625
test_00535,95.27809143066406
test_00536,13.685020446777344
test_00537,112.83460235595703
test_00538,20.588180541992188
test_00539,12.292427062988281
test_00540,11.144638061523438
test_00541,31.283313751220703
test_00542,110.6473388671875
test_00543,173.46856689453125
test_00544,159.92935180664062
test_00545,132.83358764648438
test_00546,44.94035720825195
test_00547,57.9429817199707
test_00548,62.863372802734375
test_00549,37.01613235473633
test_00550,22.165306091308594
test_00551,63.21958923339844
test_00552,102.27102661132812
test_00553,79.36769104003906
test_00554,114.87289428710938
test_00555,157.6711883544922
test_00556,239.53207397460938
test_00557,159.2518768310547
test_00558,18.781593322753906
test_00559,95.23527526855469
test_00560,138.99974060058594
test_00561,128.7334747314453
test_00562,33.60371398925781
test_00563,12.160057067871094
test_00564,33.28945541381836
test_00565,53.889930725097656
test_00566,103.1630859375
test_00567,18.755313873291016
test_00568,43.451683044433594
test_00569,5.960723876953125
test_00570,30.301654815673828
test_00571,8.544219970703125
test_00572,2.04705810546875
test_00573,70.37608337402344
test_00574,29.943302154541016
test_00575,284.0013732910156
test_00576,251.95797729492188
test_00577,170.66519165039062
test_00578,71.50350952148438
test_00579,22.03719711303711
test_00580,49.872100830078125
test_00581,216.30804443359375
test_00582,27.944686889648438
test_00583,48.7908935546875
test_00584,55.38459014892578
test_00585,56.47733688354492
test_00586,19.52048110961914
test_00587,96.40840911865234
test_00588,109.18556213378906
test_00589,186.2708740234375
test_00590,18.920455932617188
test_00591,60.39806365966797
test_00592,10.278305053710938
test_00593,10.427688598632812
test_00594,12.915824890136719
test_00595,63.017417907714844
test_00596,122.36637878417969
test_00597,211.12301635742188
test_00598,19.666881561279297
test_00599,70.4681396484375
test_00600,110.2430191040039
test_00601,21.974475860595703
test_00602,27.114349365234375
test_00603,83.0694808959961
test_00604,162.09060668945312
test_00605,148.53546142578125
test_00606,33.655517578125
test_00607,105.60723114013672
test_00608,175.59393310546875
test_00609,15.631271362304688
test_00610,80.10729217529297
test_00611,69.31510925292969
test_00612,200.5958251953125
test_00613,51.496795654296875
test_00614,7.4793243408203125
test_00615,11.658348083496094
test_00616,77.6508560180664
test_00617,157.9261474609375
test_00618,233.02401733398438
test_00619,204.89112854003906
test_00620,310.214111328125
test_00621,421.529541015625
test_00622,10.779060363769531
test_00623,59.97419738769531
test_00624,235.8861083984375
test_00625,234.99456787109375
test_00626,12.569038391113281
test_00627,84.10037231445312
test_00628,7.086753845214844
test_00629,48.57722854614258
test_00630,116.0277328491211
test_00631,377.4761657714844
test_00632,15.804428100585938
test_00633,144.5719757080078
test_00634,145.0011749267578
test_00635,163.73892211914062
test_00636,165.4407958984375
test_00637,259.5199890136719
test_00638,25.507099151611328
test_00639,10.189712524414062
test_00640,8.927291870117188
test_00641,18.053211212158203
test_00642,23.458740234375
test_00643,9.748130798339844
test_00644,23.72083282470703
test_00645,97.58146667480469
test_00646,114.87797546386719
test_00647,171.02354431152344
test_00648,50.00531768798828
test_00649,10.372108459472656
test_00650,44.52861022949219
test_00651,13.130928039550781
test_00652,33.013755798339844
test_00653,44.023399353027344
test_00654,98.62925720214844
test_00655,192.3529052734375
test_00656,10.173782348632812
test_00657,245.63433837890625
test_00658,9.6650390625
test_00659,15.974090576171875
test_00660,61.775821685791016
test_00661,10.790916442871094
test_00662,93.77625274658203
test_00663,99.87680053710938
test_00664,246.0316162109375
test_00665,13.528251647949219
test_00666,15.140769958496094
test_00667,84.47667694091797
test_00668,7.50531005859375
test_00669,7.911529541015625
test_00670,12.265083312988281
test_00671,53.53565216064453
test_00672,66.1958236694336
test_00673,75.9953384399414
test_00674,231.94915771484375
test_00675,242.8709716796875
test_00676,9.46844482421875
test_00677,56.7972412109375
test_00678,120.1410140991211
test_00679,3.9000625610351562
test_00680,33.09688949584961
test_00681,114.11418151855469
test_00682,18.032875061035156
test_00683,23.446781158447266
test_00684,17.093448638916016
test_00685,70.37947082519531
test_00686,70.13207244873047
test_00687,9.207283020019531
test_00688,162.5589599609375
test_00689,202.355712890625
test_00690,354.9164123535156
test_00691,54.701454162597656
test_00692,28.68612289428711
test_00693,43.24274444580078
test_00694,5.854637145996094
test_00695,7.6934814453125
test_00696,11.850166320800781
test_00697,15.514801025390625
test_00698,93.0523681640625
test_00699,14.682540893554688
test_00700,99.24142456054688
test_00701,227.735595703125
test_00702,308.7358703613281
test_00703,63.989620208740234
test_00704,51.56183624267578
test_00705,42.0902214050293
test_00706,143.4312744140625
test_00707,84.50775146484375
test_00708,6.657196044921875
test_00709,7.702827453613281
test_00710,11.355972290039062
test_00711,5.7900848388671875
test_00712,19.310749053955078
test_00713,6.213035583496094
test_00714,5.297599792480469
test_00715,58.29750061035156
test_00716,96.41239929199219
test_00717,9.401756286621094
test_00718,7.480094909667969
test_00719,34.79753494262695
test_00720,52.205806732177734
test_00721,74.6739730834961
test_00722,21.33983612060547
test_00723,16.889820098876953
test_00724,16.080936431884766
test_00725,64.26597595214844
test_00726,33.65118408203125
test_00727,102.65290832519531
test_00728,17.440196990966797
test_00729,41.38866424560547
test_00730,89.04695129394531
test_00731,8.927352905273438
test_00732,11.017982482910156
test_00733,21.933185577392578
test_00734,118.95912170410156
test_00735,62.762508392333984
test_00736,46.54934310913086
test_00737,8.549705505371094
test_00738,46.156715393066406
test_00739,117.23065948486328
test_00740,92.96957397460938
test_00741,66.64704895019531
test_00742,49.93446350097656
test_00743,46.90162658691406
test_00744,144.865966796875
test_00745,214.0015869140625
test_00746,32.742652893066406
test_00747,30.69015121459961
test_00748,82.59992218017578
test_00749,11.48236083984375
test_00750,15.551712036132812
test_00751,59.76033020019531
test_00752,18.797237396240234
test_00753,43.541297912597656
test_00754,170.913818359375
test_00755,23.338459014892578
test_00756,29.746997833251953
test_00757,49.49294662475586
test_00758,8.444992065429688
test_00759,16.18761444091797
test_00760,48.27032470703125
test_00761,70.23703002929688
test_00762,89.11654663085938
test_00763,59.8135871887207
test_00764,34.31684494018555
test_00765,62.65350341796875
test_00766,22.26690673828125
test_00767,16.205890655517578
test_00768,15.485084533691406
test_00769,17.892993927001953
test_00770,85.59349822998047
test_00771,13.114128112792969
test_00772,76.78174591064453
test_00773,37.453208923339844
test_00774,25.723098754882812
test_00775,48.04615020751953
test_00776,104.00129699707031
test_00777,70.22863006591797
test_00778,84.99722290039062
test_00779,88.97127532958984
test_00780,53.23286819458008
test_00781,104.60884857177734
test_00782,50.12959289550781
test_00783,7.4630279541015625
test_00784,14.990303039550781
test_00785,30.107135772705078
test_00786,29.77474594116211
test_00787,11.696624755859375
test_00788,17.240764617919922
test_00789,14.108558654785156
test_00790,19.103469848632812
test_00791,40.7540397644043
test_00792,151.24339294433594
test_00793,57.30606460571289
test_00794,49.56402587890625
test_00795,15.665351867675781
test_00796,6.5953216552734375
test_00797,17.248275756835938
test_00798,37.0928955078125
test_00799,73.1842041015625
test_00800,74.97955322265625
test_00801,121.17062377929688
test_00802,5.244071960449219
test_00803,10.792160034179688
test_00804,23.203365325927734
test_00805,82.6616439819336
test_00806,59.73081970214844
test_00807,82.93882751464844
test_00808,59.50135040283203
test_00809,92.350341796875
test_00810,71.28530883789062
test_00811,99.60728454589844
test_00812,59.80724334716797
test_00813,37.469032287597656
test_00814,10.184028625488281
test_00815,38.83809280395508
test_00816,16.143333435058594
test_00817,19.87961196899414
test_00818,64.52690124511719
test_00819,107.19102478027344
test_00820,40.69209671020508
test_00821,15.509178161621094
test_00822,15.209625244140625
test_00823,97.0779037475586
test_00824,159.107177734375
test_00825,73.43840026855469
test_00826,9.824760437011719
test_00827,27.65848159790039
test_00828,14.760986328125
test_00829,67.98518371582031
test_00830,144.40879821777344
test_00831,38.405738830566406
test_00832,33.24235534667969
test_00833,53.22092819213867
test_00834,25.40774917602539
test_00835,37.43430709838867
test_00836,59.739654541015625
test_00837,89.1314697265625
test_00838,16.89508056640625
test_00839,30.656417846679688
test_00840,43.518680572509766
test_00841,112.05168914794922
test_00842,110.9827651977539
test_00843,14.305694580078125
test_00844,20.571277618408203
test_00845,9.586265563964844
test_00846,11.047683715820312
test_00847,27.826889038085938
test_00848,48.38044738769531
test_00849,39.789730072021484
test_00850,14.784736633300781
test_00851,31.522079467773438
test_00852,49.52960205078125
test_00853,33.09882736206055
test_00854,58.43011474609375
test_00855,45.724422454833984
test_00856,3.7864227294921875
test_00857,9.84503173828125
test_00858,4.372962951660156
test_00859,7.745384216308594
test_00860,14.375953674316406
test_00861,13.814811706542969
test_00862,2.5886764526367188
test_00863,10.038314819335938
test_00864,11.169609069824219
test_00865,120.27072143554688
test_00866,26.54281997680664
test_00867,7.579780578613281
test_00868,49.79607391357422
test_00869,6.451995849609375
test_00870,10.7708740234375
test_00871,13.482315063476562
test_00872,19.633262634277344
test_00873,19.721256256103516
test_00874,121.34909057617188
test_00875,21.98101806640625
test_00876,35.440067291259766
test_00877,20.53091812133789
test_00878,20.55023193359375
test_00879,7.5406036376953125
test_00880,8.861434936523438
test_00881,74.4242172241211
test_00882,23.947368621826172
test_00883,109.65485382080078
test_00884,15.732833862304688
test_00885,7.432518005371094
test_00886,7.1729736328125
test_00887,26.402023315429688
test_00888,99.15864562988281
test_00889,166.19732666015625
test_00890,143.50108337402344
test_00891,95.8895492553711
test_00892,39.997684478759766
test_00893,71.6265869140625
test_00894,64.79185485839844
test_00895,32.21654510498047
test_00896,146.22869873046875
test_00897,155.60313415527344
test_00898,11.216026306152344
test_00899,78.38671875
test_00900,144.61557006835938
test_00901,117.70950317382812
test_00902,32.190311431884766
test_00903,6.868255615234375
test_00904,17.94823455810547
test_00905,44.32008361816406
test_00906,21.99292755126953
test_00907,33.06131362915039
test_00908,3.9609527587890625
test_00909,31.065685272216797
test_00910,4.3816680908203125
test_00911,10.21923828125
test_00912,61.07463836669922
test_00913,22.15235137939453
test_00914,187.72911071777344
test_00915,272.6468505859375
test_00916,188.8070831298828
test_00917,50.96481704711914
test_00918,7.579032897949219
test_00919,55.10053253173828
test_00920,219.45986938476562
test_00921,17.43381118774414
test_00922,23.810810089111328
test_00923,48.42261505126953
test_00924,30.53638458251953
test_00925,26.42479705810547
test_00926,81.39221954345703
test_00927,109.86198425292969
test_00928,176.1077880859375
test_00929,14.757682800292969
test_00930,59.00353240966797
test_00931,6.488372802734375
test_00932,10.30615234375
test_00933,6.7602996826171875
test_00934,74.82161712646484
test_00935,113.32460021972656
test_00936,221.31845092773438
test_00937,5.537208557128906
test_00938,70.10562896728516
test_00939,96.48247528076172
test_00940,11.350471496582031
test_00941,17.68682861328125
test_00942,71.60189056396484
test_00943,172.3265380859375
test_00944,139.02093505859375
test_00945,25.216659545898438
test_00946,57.459434509277344
test_00947,141.21075439453125
test_00948,15.231979370117188
test_00949,29.908348083496094
test_00950,63.414058685302734
test_00951,192.40682983398438
test_00952,95.51978302001953
test_00953,10.399322509765625
test_00954,8.448860168457031
test_00955,86.28825378417969
test_00956,132.3359375
test_00957,226.40283203125
test_00958,206.50643920898438
test_00959,372.1277770996094
test_00960,398.9307556152344
test_00961,7.4221649169921875
test_00962,44.93478775024414
test_00963,211.96435546875
test_00964,197.4881591796875
test_00965,13.929115295410156
test_00966,74.2394027709961
test_00967,7.517082214355469
test_00968,59.77765655517578
test_00969,125.50099182128906
test_00970,182.35049438476562
test_00971,16.162002563476562
test_00972,132.46597290039062
test_00973,71.28005981445312
test_00974,193.23216247558594
test_00975,164.1082000732422
test_00976,207.32191467285156
test_00977,25.16307830810547
test_00978,11.685531616210938
test_00979,7.550148010253906
test_00980,11.039932250976562
test_00981,18.848857879638672
test_00982,11.84918212890625
test_00983,27.967735290527344
test_00984,108.76885223388672
test_00985,125.65280151367188
test_00986,129.1927947998047
test_00987,46.202415466308594
test_00988,6.841148376464844
test_00989,58.78565216064453
test_00990,12.37298583984375
test_00991,36.9074821472168
test_00992,45.77457046508789
test_00993,140.5574951171875
test_00994,192.21853637695312
test_00995,13.507301330566406
test_00996,286.4518737792969
test_00997,9.108169555664062
test_00998,8.375640869140625
test_00999,61.79173278808594
test_01000,8.481910705566406
test_01001,78.4598617553711
test_01002,108.0329818725586
test_01003,232.697265625
test_01004,12.1583251953125
test_01005,15.373023986816406
test_01006,83.97041320800781
test_01007,7.8977203369140625
test_01008,6.7225189208984375
test_01009,8.030242919921875
test_01010,50.08210372924805
test_01011,82.9605712890625
test_01012,43.11394119262695
test_01013,218.9283447265625
test_01014,247.52813720703125
test_01015,6.226615905761719
test_01016,53.8691291809082
test_01017,110.79766845703125
test_01018,5.487403869628906
test_01019,29.13684844970703
test_01020,91.72591400146484
test_01021,12.175041198730469
test_01022,19.392261505126953
test_01023,15.850311279296875
test_01024,29.260574340820312
test_01025,87.04401397705078
test_01026,9.26568603515625
test_01027,204.27191162109375
test_01028,113.83338928222656
test_01029,357.8860778808594
test_01030,71.7158203125
test_01031,44.3949089050293
test_01032,94.56382751464844
test_01033,6.730499267578125
test_01034,5.0089569091796875
test_01035,9.133934020996094
test_01036,19.59284210205078
test_01037,113.16563415527344
test_01038,9.99713134765625
test_01039,115.44918823242188
test_01040,297.0259094238281
test_01041,307.06817626953125
test_01042,73.00411987304688
test_01043,48.460933685302734
test_01044,58.625526428222656
test_01045,129.933837890625
test_01046,54.152042388916016
test_01047,15.473175048828125
test_01048,44.42082595825195
test_01049,12.131660461425781
test_01050,56.26849365234375
test_01051,10.772758483886719
test_01052,10.998504638671875
test_01053,124.5792007446289
test_01054,58.37282943725586
test_01055,6.695228576660156
test_01056,13.707496643066406
test_01057,76.79167938232422
test_01058,102.13694763183594
test_01059,113.9519271850586
test_01060,32.855438232421875
test_01061,22.45476531982422
test_01062,59.96908950805664
test_01063,64.98564910888672
test_01064,45.33469772338867
test_01065,98.5542221069336
test_01066,58.53553009033203
test_01067,39.01791000366211
test_01068,101.28316497802734
test_01069,9.578453063964844
test_01070,17.79236602783203
test_01071,33.57206726074219
test_01072,71.89604949951172
test_01073,90.35517883300781
test_01074,53.969322204589844
test_01075,24.284996032714844
test_01076,75.9065170288086
test_01077,70.82620239257812
test_01078,102.91433715820312
test_01079,99.46127319335938
test_01080,65.31535339355469
test_01081,215.1417236328125
test_01082,38.932289123535156
test_01083,15.864578247070312
test_01084,57.842769622802734
test_01085,50.096405029296875
test_01086,31.15882110595703
test_01087,77.07231903076172
test_01088,24.59085464477539
test_01089,61.94585418701172
test_01090,178.54574584960938
test_01091,28.71640396118164
test_01092,38.66892623901367
test_01093,64.76252746582031
test_01094,46.2235107421875
test_01095,46.61962127685547
test_01096,53.79981994628906
test_01097,86.8614730834961
test_01098,138.87559509277344
test_01099,84.31727600097656
test_01100,72.31838989257812
test_01101,85.23223114013672
test_01102,54.844722747802734
test_01103,10.250457763671875
test_01104,22.815418243408203
test_01105,76.14415740966797
test_01106,39.797752380371094
test_01107,15.719810485839844
test_01108,98.42581176757812
test_01109,37.80057144165039
test_01110,37.21639633178711
test_01111,45.40074920654297
test_01112,80.37012481689453
test_01113,132.85281372070312
test_01114,90.50132751464844
test_01115,182.92852783203125
test_01116,50.56325149536133
test_01117,13.118728637695312
test_01118,56.66294860839844
test_01119,62.675323486328125
test_01120,59.16432571411133
test_01121,14.218276977539062
test_01122,30.558452606201172
test_01123,29.841049194335938
test_01124,36.849971771240234
test_01125,108.78241729736328
test_01126,90.25682067871094
test_01127,171.04306030273438
test_01128,57.22450256347656
test_01129,136.5152130126953
test_01130,7.9751739501953125
test_01131,16.84408187866211
test_01132,29.71393585205078
test_01133,69.50413513183594
test_01134,103.79380798339844
test_01135,118.07516479492188
test_01136,71.89273834228516
test_01137,36.388824462890625
test_01138,44.39043426513672
test_01139,138.991943359375
test_01140,49.50636291503906
test_01141,90.17881774902344
test_01142,85.78360748291016
test_01143,97.34780883789062
test_01144,94.01547241210938
test_01145,162.21583557128906
test_01146,139.48550415039062
test_01147,22.78414535522461
test_01148,26.701122283935547
test_01149,30.428977966308594
test_01150,35.08134460449219
test_01151,97.63147735595703
test_01152,104.14857482910156
test_01153,101.58111572265625
test_01154,22.023223876953125
test_01155,28.601863861083984
test_01156,70.3926010131836
test_01157,30.332000732421875
test_01158,55.46952819824219
test_01159,113.78671264648438
test_01160,45.83070755004883
test_01161,63.90424346923828
test_01162,177.76954650878906
test_01163,86.1009750366211
test_01164,104.79805755615234
test_01165,74.4349594116211
test_01166,138.687744140625
test_01167,25.176250457763672
test_01168,48.4107666015625
test_01169,46.27958297729492
test_01170,74.89411163330078
test_01171,79.25641632080078
test_01172,50.75822448730469
test_01173,32.67814254760742
test_01174,16.21752166748047
test_01175,9.219795227050781
test_01176,31.429439544677734
test_01177,91.88661193847656
test_01178,59.41155242919922
test_01179,35.55381393432617
test_01180,78.61051177978516
test_01181,72.58724212646484
test_01182,39.452392578125
test_01183,87.64338684082031
test_01184,126.1148681640625
test_01185,7.049163818359375
test_01186,29.790603637695312
test_01187,12.486968994140625
test_01188,16.44003677368164
test_01189,29.370094299316406
test_01190,19.295658111572266
test_01191,5.072761535644531
test_01192,11.1151123046875
test_01193,13.703689575195312
test_01194,133.46017456054688
test_01195,33.56803894042969
test_01196,7.8389739990234375
test_01197,48.30059814453125
test_01198,9.741844177246094
test_01199,9.165504455566406
test_01200,15.344993591308594
test_01201,33.27946853637695
test_01202,41.94026565551758
test_01203,66.43570709228516
test_01204,80.3194580078125
test_01205,166.34164428710938
test_01206,35.91676330566406
test_01207,29.2359619140625
test_01208,15.178878784179688
test_01209,29.398571014404297
test_01210,47.95363235473633
test_01211,84.24934387207031
test_01212,110.27510070800781
test_01213,32.37346649169922
test_01214,191.9593505859375
test_01215,38.65753173828125
test_01216,9.07257080078125
test_01217,8.659622192382812
test_01218,44.49091339111328
test_01219,94.67723083496094
test_01220,231.32949829101562
test_01221,197.37965393066406
test_01222,109.90040588378906
test_01223,63.952972412109375
test_01224,50.80649185180664
test_01225,47.88310241699219
test_01226,24.628738403320312
test_01227,58.43456268310547
test_01228,180.7202911376953
test_01229,50.54220199584961
test_01230,129.790283203125
test_01231,315.49609375
test_01232,132.37232971191406
test_01233,111.32422637939453
test_01234,57.421241760253906
test_01235,215.43701171875
test_01236,39.8934211730957
test_01237,44.2497444152832
test_01238,7.9871978759765625
test_01239,17.681896209716797
test_01240,53.36821746826172
test_01241,130.90316772460938
test_01242,5.2953643798828125
test_01243,4.920555114746094
test_01244,27.95526123046875
test_01245,4.959510803222656
test_01246,8.885780334472656
test_01247,78.96253204345703
test_01248,164.9702606201172
test_01249,302.4382629394531
test_01250,269.20501708984375
test_01251,115.55477905273438
test_01252,131.67835998535156
test_01253,13.037750244140625
test_01254,101.0302734375
test_01255,186.34793090820312
test_01256,101.43341827392578
test_01257,54.48136520385742
test_01258,53.793678283691406
test_01259,8.088211059570312
test_01260,14.686843872070312
test_01261,87.61931610107422
test_01262,68.79717254638672
test_01263,195.33250427246094
test_01264,26.280685424804688
test_01265,79.05268859863281
test_01266,7.851226806640625
test_01267,8.163345336914062
test_01268,28.415302276611328
test_01269,101.18380737304688
test_01270,213.2901611328125
test_01271,293.3570556640625
test_01272,18.498863220214844
test_01273,152.95108032226562
test_01274,155.62120056152344
test_01275,8.487953186035156
test_01276,127.11845397949219
test_01277,202.85498046875
test_01278,524.0474243164062
test_01279,70.48390197753906
test_01280,40.63153076171875
test_01281,109.9488754272461
test_01282,228.3948974609375
test_01283,7.9361724853515625
test_01284,15.753829956054688
test_01285,217.63839721679688
test_01286,242.96237182617188
test_01287,12.10675048828125
test_01288,12.40106201171875
test_01289,7.729591369628906
test_01290,98.1804428100586
test_01291,290.9321594238281
test_01292,216.86798095703125
test_01293,245.74606323242188
test_01294,441.4803771972656
test_01295,487.5618896484375
test_01296,14.818489074707031
test_01297,99.4627456665039
test_01298,148.12033081054688
test_01299,168.95370483398438
test_01300,7.899452209472656
test_01301,159.06248474121094
test_01302,14.627204895019531
test_01303,401.8741760253906
test_01304,375.8892517089844
test_01305,371.1444091796875
test_01306,72.07269287109375
test_01307,348.4798278808594
test_01308,278.8796081542969
test_01309,277.5166931152344
test_01310,168.27297973632812
test_01311,142.0114288330078
test_01312,20.226482391357422
test_01313,15.355964660644531
test_01314,5.449066162109375
test_01315,53.2518310546875
test_01316,85.97107696533203
test_01317,7.448371887207031
test_01318,35.24232482910156
test_01319,92.10213470458984
test_01320,140.68502807617188
test_01321,188.46255493164062
test_01322,68.98097229003906
test_01323,6.331550598144531
test_01324,82.09263610839844
test_01325,15.894256591796875
test_01326,35.06466293334961
test_01327,99.02339172363281
test_01328,152.55801391601562
test_01329,309.95867919921875
test_01330,13.326019287109375
test_01331,539.86962890625
test_01332,9.570274353027344
test_01333,10.5638427734375
test_01334,79.86856079101562
test_01335,4.945259094238281
test_01336,89.53768157958984
test_01337,325.92657470703125
test_01338,6.7576904296875
test_01339,11.278938293457031
test_01340,63.59141540527344
test_01341,11.134590148925781
test_01342,11.203231811523438
test_01343,14.167427062988281
test_01344,141.1414337158203
test_01345,164.82594299316406
test_01346,204.54396057128906
test_01347,273.1000671386719
test_01348,261.2789611816406
test_01349,4.899024963378906
test_01350,94.26837158203125
test_01351,167.66781616210938
test_01352,5.1743316650390625
test_01353,76.0927734375
test_01354,99.70161437988281
test_01355,10.393707275390625
test_01356,19.795364379882812
test_01357,9.974868774414062
test_01358,22.956493377685547
test_01359,108.37451934814453
test_01360,6.491729736328125
test_01361,172.8725128173828
test_01362,138.91249084472656
test_01363,368.3714904785156
test_01364,93.70658874511719
test_01365,57.73290252685547
test_01366,74.61863708496094
test_01367,7.399726867675781
test_01368,6.235054016113281
test_01369,8.57781982421875
test_01370,16.27584457397461
test_01371,107.36495971679688
test_01372,11.688850402832031
test_01373,103.197265625
test_01374,279.1665344238281
test_01375,320.2896423339844
test_01376,80.77298736572266
test_01377,48.89989471435547
test_01378,52.78388214111328
test_01379,122.56597900390625
test_01380,59.59033966064453
test_01381,15.175621032714844
test_01382,35.622947692871094
test_01383,40.85423278808594
test_01384,15.557868957519531
test_01385,48.40684509277344
test_01386,10.749374389648438
test_01387,11.409339904785156
test_01388,127.15825653076172
test_01389,62.59027862548828
test_01390,8.766311645507812
test_01391,11.882972717285156
test_01392,62.49468231201172
test_01393,108.64436340332031
test_01394,120.77043151855469
test_01395,35.28647232055664
test_01396,21.259872436523438
test_01397,63.727569580078125
test_01398,63.34757995605469
test_01399,86.97731018066406
test_01400,90.43599700927734
test_01401,44.25288772583008
test_01402,90.11304473876953
test_01403,15.20318603515625
test_01404,21.031963348388672
test_01405,40.48785400390625
test_01406,72.42349243164062
test_01407,83.18132019042969
test_01408,47.447017669677734
test_01409,20.854644775390625
test_01410,56.17094039916992
test_01411,61.105159759521484
test_01412,76.5759048461914
test_01413,94.48220825195312
test_01414,129.86068725585938
test_01415,58.79192352294922
test_01416,194.15301513671875
test_01417,202.62831115722656
test_01418,34.42019271850586
test_01419,25.915985107421875
test_01420,57.90253448486328
test_01421,18.067047119140625
test_01422,21.180500030517578
test_01423,64.1278076171875
test_01424,27.244922637939453
test_01425,46.88069152832031
test_01426,186.7725067138672
test_01427,25.069366455078125
test_01428,29.70864486694336
test_01429,64.74011993408203
test_01430,36.9822883605957
test_01431,40.88438415527344
test_01432,51.22502136230469
test_01433,86.00675964355469
test_01434,91.5800552368164
test_01435,88.85737609863281
test_01436,69.66645812988281
test_01437,87.27523803710938
test_01438,58.213165283203125
test_01439,17.04096221923828
test_01440,17.881080627441406
test_01441,52.731178283691406
test_01442,34.9354133605957
test_01443,11.440750122070312
test_01444,95.60812377929688
test_01445,39.72168731689453
test_01446,41.83896255493164
test_01447,48.409950256347656
test_01448,80.45953369140625
test_01449,72.70844268798828
test_01450,97.50355529785156
test_01451,129.6752471923828
test_01452,97.78633117675781
test_01453,204.17056274414062
test_01454,43.8807487487793
test_01455,11.896385192871094
test_01456,72.11955261230469
test_01457,36.89088439941406
test_01458,69.00935363769531
test_01459,17.046897888183594
test_01460,29.64041519165039
test_01461,31.731708526611328
test_01462,38.38447189331055
test_01463,116.96420288085938
test_01464,98.43850708007812
test_01465,172.80496215820312
test_01466,68.18431854248047
test_01467,86.07361602783203
test_01468,9.803733825683594
test_01469,15.787940979003906
test_01470,29.170494079589844
test_01471,68.71829223632812
test_01472,106.73188781738281
test_01473,123.77591705322266
test_01474,86.78445434570312
test_01475,31.26458740234375
test_01476,34.13242721557617
test_01477,115.73908233642578
test_01478,51.856109619140625
test_01479,85.96121215820312
test_01480,101.66643524169922
test_01481,69.8171615600586
test_01482,67.52188110351562
test_01483,130.34457397460938
test_01484,104.96928405761719
test_01485,86.42300415039062
test_01486,19.00122833251953
test_01487,47.00422668457031
test_01488,44.12840270996094
test_01489,38.027488708496094
test_01490,110.14175415039062
test_01491,136.53585815429688
test_01492,83.1347427368164
test_01493,26.869430541992188
test_01494,49.685569763183594
test_01495,124.86256408691406
test_01496,33.49760818481445
test_01497,47.0205078125
test_01498,9.805740356445312
test_01499,119.85581970214844
test_01500,139.6908721923828
test_01501,57.75458908081055
test_01502,70.95648193359375
test_01503,147.74765014648438
test_01504,67.19137573242188
test_01505,92.0285873413086
test_01506,75.47976684570312
test_01507,111.83660125732422
test_01508,26.727977752685547
test_01509,45.906654357910156
test_01510,50.630653381347656
test_01511,74.61077117919922
test_01512,85.35774230957031
test_01513,71.32954406738281
test_01514,29.295066833496094
test_01515,17.31087875366211
test_01516,9.012138366699219
test_01517,27.199016571044922
test_01518,85.03176879882812
test_01519,57.9962043762207
test_01520,31.704570770263672
test_01521,70.04600524902344
test_01522,69.707763671875
test_01523,35.227359771728516
test_01524,114.47483825683594
test_01525,129.5211181640625
test_01526,6.810676574707031
test_01527,30.67444610595703
test_01528,9.778190612792969
test_01529,20.06982421875
test_01530,24.576847076416016
test_01531,20.77935028076172
test_01532,9.290153503417969
test_01533,21.309921264648438
test_01534,20.507076263427734
test_01535,138.62075805664062
test_01536,28.90911102294922
test_01537,17.661243438720703
test_01538,55.57727813720703
test_01539,17.308467864990234
test_01540,7.479736328125
test_01541,10.977195739746094
test_01542,37.73309326171875
test_01543,40.761234283447266
test_01544,79.03772735595703
test_01545,57.90479278564453
test_01546,156.3346710205078
test_01547,39.75193405151367
test_01548,27.408119201660156
test_01549,13.138710021972656
test_01550,24.32518768310547
test_01551,47.26136779785156
test_01552,100.97499084472656
test_01553,84.9407730102539
test_01554,32.58615493774414
test_01555,183.5762481689453
test_01556,28.07999038696289
test_01557,10.547348022460938
test_01558,13.650962829589844
test_01559,41.44434356689453
test_01560,98.47201538085938
test_01561,200.50389099121094
test_01562,177.96585083007812
test_01563,99.9177017211914
test_01564,39.70563507080078
test_01565,64.21159362792969
test_01566,51.504451751708984
test_01567,50.51068115234375
test_01568,20.488101959228516
test_01569,49.68037414550781
test_01570,174.33322143554688
test_01571,56.5640869140625
test_01572,124.67402648925781
test_01573,256.7564392089844
test_01574,261.3478698730469
test_01575,126.1365966796875
test_01576,130.01846313476562
test_01577,82.8856430053711
test_01578,245.80908203125
test_01579,55.21348571777344
test_01580,40.533164978027344
test_01581,7.779327392578125
test_01582,21.4296875
test_01583,80.67359924316406
test_01584,114.28082275390625
test_01585,12.054702758789062
test_01586,54.01042175292969
test_01587,5.4628753662109375
test_01588,28.48845672607422
test_01589,7.828651428222656
test_01590,8.346221923828125
test_01591,76.20519256591797
test_01592,146.25238037109375
test_01593,269.0049743652344
test_01594,232.5963134765625
test_01595,113.97529602050781
test_01596,134.80677795410156
test_01597,14.422828674316406
test_01598,101.37139892578125
test_01599,209.458984375
test_01600,139.8981475830078
test_01601,76.23995208740234
test_01602,62.13560104370117
test_01603,20.74535369873047
test_01604,15.246025085449219
test_01605,80.19355773925781
test_01606,65.70429992675781
test_01607,192.52529907226562
test_01608,39.656227111816406
test_01609,73.82620239257812
test_01610,9.33990478515625
test_01611,8.075973510742188
test_01612,18.565723419189453
test_01613,101.65365600585938
test_01614,208.14227294921875
test_01615,299.0504150390625
test_01616,21.234737396240234
test_01617,112.08120727539062
test_01618,137.68536376953125
test_01619,8.167251586914062
test_01620,138.94720458984375
test_01621,172.1013946533203
test_01622,461.64990234375
test_01623,92.18797302246094
test_01624,34.67599868774414
test_01625,120.7038803100586
test_01626,193.12576293945312
test_01627,9.003059387207031
test_01628,22.3419189453125
test_01629,153.29391479492188
test_01630,229.99533081054688
test_01631,13.121719360351562
test_01632,17.583541870117188
test_01633,12.85089111328125
test_01634,84.41886138916016
test_01635,268.3866271972656
test_01636,233.02853393554688
test_01637,205.0968017578125
test_01638,356.2001953125
test_01639,493.5931091308594
test_01640,15.242469787597656
test_01641,90.16370391845703
test_01642,181.14793395996094
test_01643,171.23944091796875
test_01644,13.315322875976562
test_01645,163.54368591308594
test_01646,11.651741027832031
test_01647,344.2932434082031
test_01648,251.27383422851562
test_01649,404.4186096191406
test_01650,125.49839782714844
test_01651,281.8216552734375
test_01652,254.83782958984375
test_01653,178.40347290039062
test_01654,142.15472412109375
test_01655,28.64490509033203
test_01656,12.489631652832031
test_01657,7.398063659667969
test_01658,70.99602508544922
test_01659,95.11984252929688
test_01660,11.334457397460938
test_01661,32.21624755859375
test_01662,87.5140151977539
test_01663,121.64926147460938
test_01664,179.0772705078125
test_01665,52.79164505004883
test_01666,6.872016906738281
test_01667,72.37841033935547
test_01668,10.194007873535156
test_01669,23.90140151977539
test_01670,72.66686248779297
test_01671,180.0461883544922
test_01672,272.5365905761719
test_01673,6.723258972167969
test_01674,532.4246826171875
test_01675,10.845024108886719
test_01676,10.413078308105469
test_01677,68.69170379638672
test_01678,5.7555999755859375
test_01679,55.9014892578125
test_01680,84.7512435913086
test_01681,9.316780090332031
test_01682,10.557716369628906
test_01683,60.10668182373047
test_01684,10.993919372558594
test_01685,8.890914916992188
test_01686,12.04034423828125
test_01687,120.36669921875
test_01688,149.83267211914062
test_01689,166.05567932128906
test_01690,257.644287109375
test_01691,287.6056213378906
test_01692,5.245613098144531
test_01693,85.55029296875
test_01694,143.83389282226562
test_01695,4.565437316894531
test_01696,81.5978775024414
test_01697,86.02399444580078
test_01698,21.332958221435547
test_01699,35.48313522338867
test_01700,9.69921875
test_01701,22.889244079589844
test_01702,69.69451141357422
test_01703,9.798171997070312
test_01704,155.996337890625
test_01705,180.99856567382812
test_01706,336.6341552734375
test_01707,99.23949432373047
test_01708,57.290740966796875
test_01709,52.38072967529297
test_01710,6.413658142089844
test_01711,7.153434753417969
test_01712,8.352020263671875
test_01713,14.492561340332031
test_01714,90.04279327392578
test_01715,8.388542175292969
test_01716,111.79192352294922
test_01717,268.3038024902344
test_01718,361.48370361328125
test_01719,99.11140441894531
test_01720,53.87187957763672
test_01721,54.205352783203125
test_01722,118.59606170654297
test_01723,60.12470245361328
test_01724,6.540824890136719
test_01725,35.1998405456543
test_01726,52.61450958251953
test_01727,10.993362426757812
test_01728,67.24411010742188
test_01729,8.383697509765625
test_01730,11.704330444335938
test_01731,88.01734924316406
test_01732,64.41966247558594
test_01733,7.104438781738281
test_01734,11.668678283691406
test_01735,65.02815246582031
test_01736,127.1201171875
test_01737,79.67147827148438
test_01738,16.444839477539062
test_01739,19.995243072509766
test_01740,52.70951843261719
test_01741,59.67744445800781
test_01742,44.71442413330078
test_01743,129.82037353515625
test_01744,116.60014343261719
test_01745,73.36443328857422
test_01746,92.22724914550781
test_01747,16.060943603515625
test_01748,37.377803802490234
test_01749,41.90140914916992
test_01750,69.515380859375
test_01751,86.32106018066406
test_01752,25.353118896484375
test_01753,12.964912414550781
test_01754,57.09408187866211
test_01755,53.79437255859375
test_01756,76.60442352294922
test_01757,74.37593078613281
test_01758,67.74219512939453
test_01759,42.998844146728516
test_01760,241.231689453125
test_01761,207.70608520507812
test_01762,20.608489990234375
test_01763,14.634910583496094
test_01764,23.80355453491211
test_01765,45.55971145629883
test_01766,13.431724548339844
test_01767,22.4158935546875
test_01768,59.67722702026367
test_01769,28.150089263916016
test_01770,56.562522888183594
test_01771,201.0511474609375
test_01772,22.31291961669922
test_01773,38.56342697143555
test_01774,64.57072448730469
test_01775,50.65068817138672
test_01776,42.594730377197266
test_01777,55.16960906982422
test_01778,90.93537139892578
test_01779,98.17166137695312
test_01780,83.22260284423828
test_01781,42.49855041503906
test_01782,80.01341247558594
test_01783,29.354190826416016
test_01784,10.190803527832031
test_01785,15.346443176269531
test_01786,60.92967987060547
test_01787,19.75301742553711
test_01788,92.567138671875
test_01789,37.99885940551758
test_01790,44.74436950683594
test_01791,65.44446563720703
test_01792,56.94374465942383
test_01793,71.53788757324219
test_01794,117.97940063476562
test_01795,92.14070129394531
test_01796,251.87127685546875
test_01797,52.677398681640625
test_01798,12.212181091308594
test_01799,39.45375442504883
test_01800,24.849864959716797
test_01801,58.424522399902344
test_01802,9.517326354980469
test_01803,29.816673278808594
test_01804,30.253814697265625
test_01805,37.34574890136719
test_01806,79.57268524169922
test_01807,108.66155242919922
test_01808,109.80889892578125
test_01809,79.43375396728516
test_01810,19.60394287109375
test_01811,10.493522644042969
test_01812,13.316452026367188
test_01813,40.75739669799805
test_01814,92.34901428222656
test_01815,101.38589477539062
test_01816,111.6427993774414
test_01817,53.48767852783203
test_01818,30.505626678466797
test_01819,40.355995178222656
test_01820,112.34735107421875
test_01821,55.68705749511719
test_01822,101.09695434570312
test_01823,90.12986755371094
test_01824,65.11552429199219
test_01825,104.14109802246094
test_01826,114.3009033203125
test_01827,84.67063903808594
test_01828,69.19212341308594
test_01829,16.720741271972656
test_01830,45.12288284301758
test_01831,26.545181274414062
test_01832,30.01468276977539
test_01833,75.09526824951172
test_01834,116.19546508789062
test_01835,55.186405181884766
test_01836,17.3641357421875
test_01837,24.235599517822266
test_01838,55.34764862060547
test_01839,148.28985595703125
test_01840,132.35386657714844
test_01841,34.26280212402344
test_01842,37.61703109741211
test_01843,18.483657836914062
test_01844,83.36445617675781
test_01845,118.48512268066406
test_01846,51.47161102294922
test_01847,76.5241928100586
test_01848,66.17815399169922
test_01849,23.17205047607422
test_01850,34.645633697509766
test_01851,75.78649139404297
test_01852,90.7032241821289
test_01853,22.409618377685547
test_01854,40.31048583984375
test_01855,43.3240852355957
test_01856,65.39073181152344
test_01857,105.40214538574219
test_01858,49.857444763183594
test_01859,37.252220153808594
test_01860,16.78857421875
test_01861,11.035636901855469
test_01862,26.661865234375
test_01863,68.98506164550781
test_01864,59.33836364746094
test_01865,24.909069061279297
test_01866,64.9234619140625
test_01867,75.4959716796875
test_01868,46.860496520996094
test_01869,99.81282043457031
test_01870,87.81708526611328
test_01871,2.173980712890625
test_01872,8.128982543945312
test_01873,10.128265380859375
test_01874,11.575546264648438
test_01875,25.73504638671875
test_01876,15.137405395507812
test_01877,5.305694580078125
test_01878,22.945960998535156
test_01879,14.915328979492188
test_01880,141.46795654296875
test_01881,15.528785705566406
test_01882,56.66576385498047
test_01883,7.78759765625
test_01884,7.895668029785156
test_01885,13.282279968261719
test_01886,31.87647247314453
test_01887,39.4586181640625
test_01888,94.19383239746094
test_01889,47.80123519897461
test_01890,173.53826904296875
test_01891,64.51889038085938
test_01892,22.691974639892578
test_01893,16.687896728515625
test_01894,22.569580078125
test_01895,90.22763061523438
test_01896,89.75558471679688
test_01897,103.3471908569336
test_01898,224.6995849609375
test_01899,27.997360229492188
test_01900,9.148544311523438
test_01901,9.063652038574219
test_01902,195.76828002929688
test_01903,195.91973876953125
test_01904,99.86485290527344
test_01905,31.35811996459961
test_01906,61.56510543823242
test_01907,55.58406066894531
test_01908,45.89547348022461
test_01909,36.366355895996094
test_01910,86.26163482666016
test_01911,158.20034790039062
test_01912,81.19544219970703
test_01913,123.119873046875
test_01914,197.42774963378906
test_01915,257.71661376953125
test_01916,148.60231018066406
test_01917,100.34507751464844
test_01918,86.69007110595703
test_01919,204.9378204345703
test_01920,80.51045989990234
test_01921,53.63582992553711
test_01922,18.441505432128906
test_01923,20.844013214111328
test_01924,33.90217590332031
test_01925,96.68081665039062
test_01926,11.19500732421875
test_01927,36.57380294799805
test_01928,6.028709411621094
test_01929,24.35251235961914
test_01930,4.4842529296875
test_01931,8.528579711914062
test_01932,76.66227722167969
test_01933,144.03729248046875
test_01934,317.5401916503906
test_01935,236.64788818359375
test_01936,96.89352416992188
test_01937,116.49313354492188
test_01938,8.600296020507812
test_01939,99.84361267089844
test_01940,210.78677368164062
test_01941,48.589744567871094
test_01942,74.23193359375
test_01943,50.998809814453125
test_01944,13.295669555664062
test_01945,20.057720184326172
test_01946,78.19080352783203
test_01947,73.4107437133789
test_01948,163.06671142578125
test_01949,17.70645523071289
test_01950,57.42621994018555
test_01951,5.564170837402344
test_01952,5.8252105712890625
test_01953,4.732353210449219
test_01954,85.69696807861328
test_01955,176.39736938476562
test_01956,436.2229309082031
test_01957,17.89714813232422
test_01958,118.33065795898438
test_01959,137.96336364746094
test_01960,8.333877563476562
test_01961,66.26484680175781
test_01962,91.52064514160156
test_01963,366.0965881347656
test_01964,143.91725158691406
test_01965,41.72856521606445
test_01966,68.543212890625
test_01967,188.25927734375
test_01968,6.014152526855469
test_01969,21.024654388427734
test_01970,111.45947265625
test_01971,243.9837646484375
test_01972,11.62677001953125
test_01973,1.7263107299804688
test_01974,95.36985778808594
test_01975,164.16749572753906
test_01976,269.7111511230469
test_01977,211.3819580078125
test_01978,485.55322265625
test_01979,446.7603454589844
test_01980,6.061958312988281
test_01981,98.84709167480469
test_01982,159.89010620117188
test_01983,160.8193359375
test_01984,12.563522338867188
test_01985,179.70916748046875
test_01986,7.954627990722656
test_01987,66.50101470947266
test_01988,176.61575317382812
test_01989,381.3367004394531
test_01990,6.41497802734375
test_01991,189.879638671875
test_01992,364.70989990234375
test_01993,245.19793701171875
test_01994,162.66586303710938
test_01995,246.67630004882812
test_01996,18.84954071044922
test_01997,19.81833267211914
test_01998,7.584251403808594
test_01999,62.74212646484375
test_02000,97.6397705078125
test_02001,6.746681213378906
test_02002,31.559314727783203
test_02003,94.5893783569336
test_02004,125.9277572631836
test_02005,174.1802978515625
test_02006,70.49739837646484
test_02007,4.5733184814453125
test_02008,71.49256896972656
test_02009,16.099010467529297
test_02010,19.794605255126953
test_02011,37.659244537353516
test_02012,91.15117645263672
test_02013,215.44705200195312
test_02014,2.6562347412109375
test_02015,486.1755676269531
test_02016,7.8531646728515625
test_02017,12.551856994628906
test_02018,76.85242462158203
test_02019,5.0189056396484375
test_02020,60.799598693847656
test_02021,102.5338363647461
test_02022,281.65594482421875
test_02023,6.457603454589844
test_02024,15.792282104492188
test_02025,78.2744369506836
test_02026,9.620826721191406
test_02027,6.629341125488281
test_02028,9.394424438476562
test_02029,165.70892333984375
test_02030,178.12884521484375
test_02031,116.80062103271484
test_02032,219.00625610351562
test_02033,288.7788391113281
test_02034,6.150177001953125
test_02035,74.73318481445312
test_02036,130.61663818359375
test_02037,6.75201416015625
test_02038,81.46771240234375
test_02039,103.11830139160156
test_02040,24.500728607177734
test_02041,28.51909637451172
test_02042,12.354057312011719
test_02043,28.250469207763672
test_02044,70.38826751708984
test_02045,6.5655670166015625
test_02046,123.2341079711914
test_02047,131.89422607421875
test_02048,311.2815856933594
test_02049,38.9288330078125
test_02050,29.938209533691406
test_02051,97.81433868408203
test_02052,10.105499267578125
test_02053,8.269241333007812
test_02054,9.992607116699219
test_02055,17.65842056274414
test_02056,80.77359008789062
test_02057,11.861015319824219
test_02058,72.86709594726562
test_02059,208.93487548828125
test_02060,273.06256103515625
test_02061,33.15732955932617
test_02062,54.554344177246094
test_02063,35.56999588012695
test_02064,121.60304260253906
test_02065,59.380977630615234
test_02066,7.787269592285156
test_02067,17.692726135253906
test_02068,15.945602416992188
test_02069,7.869911193847656
test_02070,24.87548065185547
test_02071,8.294578552246094
test_02072,6.8019256591796875
test_02073,52.04020690917969
test_02074,70.17152404785156
test_02075,8.519554138183594
test_02076,10.563201904296875
test_02077,86.28712463378906
test_02078,85.95137786865234
test_02079,6.020011901855469
test_02080,12.691261291503906
test_02081,51.49415588378906
test_02082,54.60258483886719
test_02083,36.533843994140625
test_02084,75.43840789794922
test_02085,46.3079948425293
test_02086,43.091697692871094
test_02087,79.44355773925781
test_02088,13.274543762207031
test_02089,15.647048950195312
test_02090,22.567707061767578
test_02091,45.52812957763672
test_02092,65.74540710449219
test_02093,38.012813568115234
test_02094,13.798423767089844
test_02095,28.101348876953125
test_02096,59.67689514160156
test_02097,67.17351531982422
test_02098,57.52403259277344
test_02099,64.68939208984375
test_02100,37.547386169433594
test_02101,134.08021545410156
test_02102,174.44964599609375
test_02103,48.67510986328125
test_02104,7.142356872558594
test_02105,59.67467498779297
test_02106,54.179996490478516
test_02107,26.009395599365234
test_02108,29.74484634399414
test_02109,51.22816467285156
test_02110,24.369640350341797
test_02111,83.87907409667969
test_02112,116.40091705322266
test_02113,15.253684997558594
test_02114,31.006092071533203
test_02115,66.20589447021484
test_02116,9.898849487304688
test_02117,19.31183624267578
test_02118,68.87984466552734
test_02119,103.37738800048828
test_02120,74.86294555664062
test_02121,50.087928771972656
test_02122,33.04364776611328
test_02123,52.31707763671875
test_02124,15.513008117675781
test_02125,9.797210693359375
test_02126,17.683040618896484
test_02127,65.07377624511719
test_02128,60.80766296386719
test_02129,16.02568817138672
test_02130,68.99005126953125
test_02131,29.383529663085938
test_02132,32.309410095214844
test_02133,51.360931396484375
test_02134,54.33876037597656
test_02135,88.74243927001953
test_02136,56.36632537841797
test_02137,47.17349624633789
test_02138,68.87265014648438
test_02139,77.18914794921875
test_02140,38.09201431274414
test_02141,9.024444580078125
test_02142,51.868621826171875
test_02143,26.807132720947266
test_02144,38.18437576293945
test_02145,13.60247802734375
test_02146,13.11163330078125
test_02147,17.40265655517578
test_02148,19.218463897705078
test_02149,57.97911834716797
test_02150,79.10646057128906
test_02151,109.55984497070312
test_02152,41.33041000366211
test_02153,38.26335144042969
test_02154,5.813743591308594
test_02155,17.27021026611328
test_02156,72.72456359863281
test_02157,58.45977783203125
test_02158,37.550270080566406
test_02159,113.72293090820312
test_02160,33.931312561035156
test_02161,12.870254516601562
test_02162,47.772315979003906
test_02163,64.36318969726562
test_02164,38.733154296875
test_02165,88.99850463867188
test_02166,109.77139282226562
test_02167,63.199424743652344
test_02168,44.360355377197266
test_02169,124.70339965820312
test_02170,101.27619171142578
test_02171,83.14314270019531
test_02172,9.779525756835938
test_02173,34.934051513671875
test_02174,31.420536041259766
test_02175,18.549217224121094
test_02176,42.6915397644043
test_02177,86.69532012939453
test_02178,67.73292541503906
test_02179,16.013919830322266
test_02180,11.741409301757812
test_02181,75.34781646728516
test_02182,105.68110656738281
test_02183,103.04022979736328
test_02184,32.85237503051758
test_02185,26.497142791748047
test_02186,22.681400299072266
test_02187,183.82073974609375
test_02188,45.55880355834961
test_02189,33.55299758911133
test_02190,44.56586456298828
test_02191,30.131031036376953
test_02192,57.28008270263672
test_02193,62.66283416748047
test_02194,98.72982025146484
test_02195,16.121395111083984
test_02196,18.713237762451172
test_02197,28.11066436767578
test_02198,131.77825927734375
test_02199,116.90217590332031
test_02200,20.474414825439453
test_02201,13.719558715820312
test_02202,11.273658752441406
test_02203,13.513519287109375
test_02204,26.565719604492188
test_02205,52.13710403442383
test_02206,51.871089935302734
test_02207,18.120555877685547
test_02208,42.287811279296875
test_02209,62.42971420288086
test_02210,43.87904739379883
test_02211,61.07826614379883
test_02212,91.185546875
test_02213,6.657569885253906
test_02214,11.552200317382812
test_02215,9.500350952148438
test_02216,10.4168701171875
test_02217,15.958488464355469
test_02218,18.59795379638672
test_02219,8.525588989257812
test_02220,11.026939392089844
test_02221,12.841285705566406
test_02222,111.07300567626953
test_02223,33.80244827270508
test_02224,13.735183715820312
test_02225,41.24386215209961
test_02226,13.934379577636719
test_02227,8.964042663574219
test_02228,11.978836059570312
test_02229,21.111862182617188
test_02230,30.618698120117188
test_02231,110.19630432128906
test_02232,92.56414794921875
test_02233,48.667320251464844
test_02234,26.511131286621094
test_02235,16.53314971923828
test_02236,10.045257568359375
test_02237,16.740802764892578
test_02238,76.2523422241211
test_02239,135.70855712890625
test_02240,17.474159240722656
test_02241,134.72793579101562
test_02242,22.280498504638672
test_02243,4.7664337158203125
test_02244,7.65625
test_02245,19.042503356933594
test_02246,197.37796020507812
test_02247,150.8076171875
test_02248,54.42700958251953
test_02249,31.27837371826172
test_02250,77.08293914794922
test_02251,79.12822723388672
test_02252,39.85972595214844
test_02253,13.673614501953125
test_02254,61.952049255371094
test_02255,119.5074462890625
test_02256,73.70548248291016
test_02257,104.82594299316406
test_02258,153.37570190429688
test_02259,251.2349853515625
test_02260,98.25930786132812
test_02261,69.97896575927734
test_02262,55.22129440307617
test_02263,184.12774658203125
test_02264,129.97166442871094
test_02265,33.84652328491211
test_02266,5.91729736328125
test_02267,20.348270416259766
test_02268,23.949981689453125
test_02269,9.188972473144531
test_02270,34.387001037597656
test_02271,2.9795989990234375
test_02272,28.97946548461914
test_02273,6.1135101318359375
test_02274,8.347618103027344
test_02275,71.02598571777344
test_02276,138.49728393554688
test_02277,297.6983642578125
test_02278,214.56460571289062
test_02279,164.90042114257812
test_02280,68.56864166259766
test_02281,15.567329406738281
test_02282,44.784000396728516
test_02283,163.3446044921875
test_02284,79.66018676757812
test_02285,63.63606262207031
test_02286,52.855926513671875
test_02287,65.53773498535156
test_02288,15.140052795410156
test_02289,67.14810180664062
test_02290,129.5554656982422
test_02291,180.553955078125
test_02292,29.293716430664062
test_02293,47.8033332824707
test_02294,10.077827453613281
test_02295,10.181007385253906
test_02296,9.830642700195312
test_02297,80.9879379272461
test_02298,94.55294799804688
test_02299,213.46142578125
test_02300,34.87345886230469
test_02301,50.73829650878906
test_02302,82.07575225830078
test_02303,9.410415649414062
test_02304,32.83656692504883
test_02305,64.17572784423828
test_02306,288.091796875
test_02307,106.77667236328125
test_02308,15.546119689941406
test_02309,46.51408004760742
test_02310,136.53126525878906
test_02311,16.338043212890625
test_02312,16.962078094482422
test_02313,46.79568862915039
test_02314,206.07156372070312
test_02315,9.857246398925781
test_02316,13.058883666992188
test_02317,7.678596496582031
test_02318,26.450496673583984
test_02319,68.30009460449219
test_02320,101.64630126953125
test_02321,73.63993072509766
test_02322,391.97528076171875
test_02323,394.6741638183594
test_02324,7.176475524902344
test_02325,33.61959457397461
test_02326,138.91123962402344
test_02327,152.38836669921875
test_02328,19.264354705810547
test_02329,56.181373596191406
test_02330,26.37398910522461
test_02331,42.870582580566406
test_02332,125.88563537597656
test_02333,314.6353759765625
test_02334,257.8206481933594
test_02335,151.138427734375
test_02336,86.10862731933594
test_02337,235.0067138671875
test_02338,134.45851135253906
test_02339,146.8099365234375
test_02340,36.572898864746094
test_02341,15.6678466796875
test_02342,3.7941741943359375
test_02343,51.953285217285156
test_02344,20.008869171142578
test_02345,15.987174987792969
test_02346,12.258522033691406
test_02347,85.34893035888672
test_02348,141.49319458007812
test_02349,153.63558959960938
test_02350,38.23575973510742
test_02351,6.6229705810546875
test_02352,38.21149826049805
test_02353,12.459213256835938
test_02354,12.093093872070312
test_02355,22.48697280883789
test_02356,85.51004028320312
test_02357,185.81045532226562
test_02358,6.004981994628906
test_02359,222.43521118164062
test_02360,9.033935546875
test_02361,14.340019226074219
test_02362,66.34026336669922
test_02363,8.182052612304688
test_02364,36.59410858154297
test_02365,55.35726547241211
test_02366,234.22738647460938
test_02367,11.1337890625
test_02368,8.2406005859375
test_02369,84.60041809082031
test_02370,4.721549987792969
test_02371,6.559577941894531
test_02372,8.569374084472656
test_02373,134.79856872558594
test_02374,84.30391693115234
test_02375,125.39202880859375
test_02376,221.48529052734375
test_02377,235.80206298828125
test_02378,4.24005126953125
test_02379,29.96892547607422
test_02380,104.37608337402344
test_02381,5.2111358642578125
test_02382,26.15789031982422
test_02383,97.36318969726562
test_02384,17.56817626953125
test_02385,21.472572326660156
test_02386,33.5816535949707
test_02387,20.96157455444336
test_02388,56.38299560546875
test_02389,10.227142333984375
test_02390,207.39810180664062
test_02391,125.6008529663086
test_02392,395.27093505859375
test_02393,68.22113800048828
test_02394,50.034149169921875
test_02395,115.41424560546875
test_02396,9.281700134277344
test_02397,6.3459625244140625
test_02398,11.221923828125
test_02399,19.9849853515625
test_02400,97.26092529296875
test_02401,9.90631103515625
test_02402,121.10994720458984
test_02403,270.7196350097656
test_02404,283.1915283203125
test_02405,66.29620361328125
test_02406,46.2012825012207
test_02407,52.09485626220703
test_02408,123.02499389648438
test_02409,50.34999084472656
test_02410,14.786735534667969
test_02411,31.946609497070312
test_02412,34.72975158691406
test_02413,11.296859741210938
test_02414,52.235660552978516
test_02415,9.93304443359375
test_02416,8.833396911621094
test_02417,117.14981079101562
test_02418,81.35418701171875
test_02419,6.752143859863281
test_02420,18.53561019897461
test_02421,68.19098663330078
test_02422,90.541015625
test_02423,101.09526062011719
test_02424,25.625991821289062
test_02425,14.970741271972656
test_02426,60.672630310058594
test_02427,61.31984329223633
test_02428,39.784812927246094
test_02429,88.46339416503906
test_02430,54.61351776123047
test_02431,40.914546966552734
test_02432,84.12104034423828
test_02433,8.773735046386719
test_02434,16.205455780029297
test_02435,31.656147003173828
test_02436,61.496498107910156
test_02437,78.75336456298828
test_02438,55.472618103027344
test_02439,28.582721710205078
test_02440,70.76673889160156
test_02441,62.225276947021484
test_02442,81.79502868652344
test_02443,90.73590087890625
test_02444,98.75038146972656
test_02445,65.76644897460938
test_02446,134.33514404296875
test_02447,193.386962890625
test_02448,44.73933410644531
test_02449,8.756179809570312
test_02450,28.410823822021484
test_02451,45.21523666381836
test_02452,16.391834259033203
test_02453,28.573760986328125
test_02454,91.95680236816406
test_02455,23.123302459716797
test_02456,40.88062286376953
test_02457,146.47247314453125
test_02458,19.07198715209961
test_02459,32.78810119628906
test_02460,57.14806365966797
test_02461,33.297950744628906
test_02462,40.62505340576172
test_02463,48.16061782836914
test_02464,78.61326599121094
test_02465,124.77128601074219
test_02466,90.50833892822266
test_02467,76.93439483642578
test_02468,80.24015045166016
test_02469,45.29723358154297
test_02470,12.385383605957031
test_02471,19.661312103271484
test_02472,83.04705047607422
test_02473,32.9359130859375
test_02474,9.118392944335938
test_02475,99.17514038085938
test_02476,39.753421783447266
test_02477,29.68337631225586
test_02478,44.72791290283203
test_02479,93.76524353027344
test_02480,71.2693099975586
test_02481,64.7521743774414
test_02482,127.61436462402344
test_02483,88.25588989257812
test_02484,176.52139282226562
test_02485,42.52653121948242
test_02486,9.8204345703125
test_02487,60.663734436035156
test_02488,67.96730041503906
test_02489,63.37129211425781
test_02490,13.438697814941406
test_02491,27.718215942382812
test_02492,34.19302749633789
test_02493,46.378944396972656
test_02494,121.48506164550781
test_02495,83.01875305175781
test_02496,178.6373291015625
test_02497,60.455570220947266
test_02498,142.3027801513672
test_02499,11.310722351074219
test_02500,17.11284637451172
test_02501,30.84078598022461
test_02502,64.88328552246094
test_02503,96.78337860107422
test_02504,108.19644165039062
test_02505,49.58539581298828
test_02506,35.92290496826172
test_02507,43.74559783935547
test_02508,132.83656311035156
test_02509,60.79876708984375
test_02510,87.7014389038086
test_02511,75.8131103515625
test_02512,62.88141632080078
test_02513,68.58934783935547
test_02514,115.39728546142578
test_02515,85.1420669555664
test_02516,65.65422821044922
test_02517,20.608348846435547
test_02518,57.63920211791992
test_02519,35.39126205444336
test_02520,32.45005798339844
test_02521,95.8211441040039
test_02522,93.4513931274414
test_02523,94.76238250732422
test_02524,23.125476837158203
test_02525,33.76857376098633
test_02526,68.55960845947266
test_02527,141.34100341796875
test_02528,126.65333557128906
test_02529,24.4078369140625
test_02530,44.031288146972656
test_02531,7.1137847900390625
test_02532,129.35980224609375
test_02533,119.05935668945312
test_02534,33.94721603393555
test_02535,56.62460708618164
test_02536,166.41160583496094
test_02537,88.89400482177734
test_02538,102.25086975097656
test_02539,66.824951171875
test_02540,136.60986328125
test_02541,22.91921615600586
test_02542,44.251487731933594
test_02543,60.98369216918945
test_02544,72.6011962890625
test_02545,83.155029296875
test_02546,49.526039123535156
test_02547,28.54571533203125
test_02548,17.006877899169922
test_02549,14.383453369140625
test_02550,30.514808654785156
test_02551,89.3289566040039
test_02552,53.258087158203125
test_02553,32.48420715332031
test_02554,70.03038024902344
test_02555,64.45068359375
test_02556,40.090885162353516
test_02557,86.14582061767578
test_02558,98.68675231933594
test_02559,7.106101989746094
test_02560,33.30044174194336
test_02561,13.85693359375
test_02562,23.457229614257812
test_02563,40.50202178955078
test_02564,24.05316162109375
test_02565,8.540191650390625
test_02566,9.629058837890625
test_02567,14.159675598144531
test_02568,133.80438232421875
test_02569,39.27098846435547
test_02570,9.0079345703125
test_02571,41.424293518066406
test_02572,6.734489440917969
test_02573,5.754905700683594
test_02574,11.860969543457031
test_02575,35.10559844970703
test_02576,46.72835159301758
test_02577,65.13304901123047
test_02578,56.146202087402344
test_02579,163.06434631347656
test_02580,37.510765075683594
test_02581,24.728775024414062
test_02582,11.427597045898438
test_02583,40.01042175292969
test_02584,59.86540222167969
test_02585,91.18131256103516
test_02586,131.9158935546875
test_02587,25.94023895263672
test_02588,199.94674682617188
test_02589,34.70008850097656
test_02590,10.395042419433594
test_02591,9.026321411132812
test_02592,50.247806549072266
test_02593,89.3069839477539
test_02594,221.56729125976562
test_02595,191.73419189453125
test_02596,98.53460693359375
test_02597,43.34682083129883
test_02598,62.74286651611328
test_02599,56.88841247558594
test_02600,43.9185676574707
test_02601,15.871383666992188
test_02602,53.91462707519531
test_02603,158.8828125
test_02604,55.90407943725586
test_02605,135.06146240234375
test_02606,264.83697509765625
test_02607,115.60235595703125
test_02608,104.18220520019531
test_02609,44.697357177734375
test_02610,152.8148193359375
test_02611,41.322513580322266
test_02612,45.59610366821289
test_02613,9.676101684570312
test_02614,27.39508819580078
test_02615,59.19304656982422
test_02616,114.09211730957031
test_02617,6.388084411621094
test_02618,68.09825897216797
test_02619,6.839019775390625
test_02620,30.62030029296875
test_02621,6.310447692871094
test_02622,12.580123901367188
test_02623,77.039306640625
test_02624,159.24777221679688
test_02625,308.96234130859375
test_02626,261.5694580078125
test_02627,119.59907531738281
test_02628,114.14286804199219
test_02629,11.9866943359375
test_02630,94.2237777709961
test_02631,230.41226196289062
test_02632,35.43083572387695
test_02633,65.77753448486328
test_02634,59.46940612792969
test_02635,17.087081909179688
test_02636,18.07103729248047
test_02637,93.55105590820312
test_02638,63.701507568359375
test_02639,181.92279052734375
test_02640,26.249832153320312
test_02641,78.63593292236328
test_02642,9.216094970703125
test_02643,9.359420776367188
test_02644,7.0415191650390625
test_02645,89.45539855957031
test_02646,209.20053100585938
test_02647,243.39263916015625
test_02648,19.229110717773438
test_02649,152.31732177734375
test_02650,106.70568084716797
test_02651,9.76751708984375
test_02652,129.65830993652344
test_02653,225.47885131835938
test_02654,494.41839599609375
test_02655,69.51866149902344
test_02656,41.788761138916016
test_02657,126.58336639404297
test_02658,219.9598388671875
test_02659,10.589302062988281
test_02660,20.581012725830078
test_02661,175.5841827392578
test_02662,231.39163208007812
test_02663,12.787948608398438
test_02664,12.863296508789062
test_02665,6.787345886230469
test_02666,87.8768081665039
test_02667,266.9613342285156
test_02668,205.88552856445312
test_02669,264.4992370605469
test_02670,370.5435791015625
test_02671,412.3439636230469
test_02672,10.276107788085938
test_02673,92.6109619140625
test_02674,141.7333984375
test_02675,188.06451416015625
test_02676,15.794479370117188
test_02677,137.99072265625
test_02678,13.593719482421875
test_02679,380.7931823730469
test_02680,339.6204833984375
test_02681,101.14651489257812
test_02682,335.80670166015625
test_02683,463.9217224121094
test_02684,259.2054138183594
test_02685,243.75607299804688
test_02686,159.2744140625
test_02687,19.591949462890625
test_02688,12.893341064453125
test_02689,8.674140930175781
test_02690,13.052474975585938
test_02691,58.646018981933594
test_02692,6.9358367919921875
test_02693,32.395172119140625
test_02694,70.46066284179688
test_02695,138.59605407714844
test_02696,181.11207580566406
test_02697,64.77299499511719
test_02698,6.633567810058594
test_02699,72.97538757324219
test_02700,11.099220275878906
test_02701,23.977523803710938
test_02702,130.90708923339844
test_02703,199.02655029296875
test_02704,318.9848937988281
test_02705,10.1143798828125
test_02706,393.3646545410156
test_02707,9.593460083007812
test_02708,8.069343566894531
test_02709,98.12503814697266
test_02710,5.327903747558594
test_02711,42.34983825683594
test_02712,75.69572448730469
test_02713,288.826416015625
test_02714,5.748191833496094
test_02715,12.073104858398438
test_02716,48.571529388427734
test_02717,5.304634094238281
test_02718,8.110565185546875
test_02719,8.82867431640625
test_02720,87.89472961425781
test_02721,136.26239013671875
test_02722,186.54510498046875
test_02723,261.1906433105469
test_02724,293.2945861816406
test_02725,5.862770080566406
test_02726,87.00037384033203
test_02727,184.73077392578125
test_02728,7.838890075683594
test_02729,75.61984252929688
test_02730,17.078758239746094
test_02731,37.67301559448242
test_02732,20.19131088256836
test_02733,24.319007873535156
test_02734,92.3766860961914
test_02735,5.418693542480469
test_02736,210.9075927734375
test_02737,407.9600524902344
test_02738,40.17211151123047
test_02739,35.016868591308594
test_02740,121.49592590332031
test_02741,5.455848693847656
test_02742,7.272087097167969
test_02743,14.267730712890625
test_02744,10.338729858398438
test_02745,228.853759765625
test_02746,73.26071166992188
test_02747,333.25372314453125
test_02748,271.54449462890625
test_02749,51.283992767333984
test_02750,45.40023422241211
test_02751,40.80702209472656
test_02752,124.90560913085938
test_02753,63.93766784667969
test_02754,12.363319396972656
test_02755,39.07661056518555
test_02756,69.24413299560547
test_02757,18.114871978759766
test_02758,58.44877243041992
test_02759,5.600944519042969
test_02760,6.651329040527344
test_02761,113.60478210449219
test_02762,122.82672119140625
test_02763,16.263195037841797
test_02764,19.587692260742188
test_02765,73.65005493164062
test_02766,88.40052032470703
test_02767,53.90812683105469
test_02768,8.534782409667969
test_02769,86.88343048095703
test_02770,61.975608825683594
test_02771,45.21637725830078
test_02772,109.88845825195312
test_02773,11.791015625
test_02774,33.29136276245117
test_02775,104.72038269042969
test_02776,19.912185668945312
test_02777,31.292339324951172
test_02778,53.492889404296875
test_02779,72.57362365722656
test_02780,37.164615631103516
test_02781,15.452156066894531
test_02782,45.700645446777344
test_02783,52.18867492675781
test_02784,66.5869369506836
test_02785,86.01837158203125
test_02786,70.81794738769531
test_02787,53.43418884277344
test_02788,165.7926025390625
test_02789,209.70556640625
test_02790,9.986564636230469
test_02791,43.32128143310547
test_02792,12.182014465332031
test_02793,17.880271911621094
test_02794,47.865081787109375
test_02795,16.190792083740234
test_02796,36.33078384399414
test_02797,128.61880493164062
test_02798,23.264053344726562
test_02799,35.2680778503418
test_02800,71.87662506103516
test_02801,26.269615173339844
test_02802,40.820953369140625
test_02803,46.596744537353516
test_02804,83.45977020263672
test_02805,105.43424987792969
test_02806,56.465576171875
test_02807,37.78402328491211
test_02808,62.50623321533203
test_02809,24.396297454833984
test_02810,12.761589050292969
test_02811,11.434715270996094
test_02812,99.0594482421875
test_02813,46.59737014770508
test_02814,10.396163940429688
test_02815,84.81101989746094
test_02816,36.20573806762695
test_02817,28.477031707763672
test_02818,39.74370574951172
test_02819,72.48551940917969
test_02820,99.60353088378906
test_02821,46.61501693725586
test_02822,146.50831604003906
test_02823,78.57902526855469
test_02824,167.35507202148438
test_02825,45.07443618774414
test_02826,5.632362365722656
test_02827,64.69512939453125
test_02828,31.508682250976562
test_02829,53.83118438720703
test_02830,15.546142578125
test_02831,14.883758544921875
test_02832,22.902267456054688
test_02833,24.233020782470703
test_02834,73.04214477539062
test_02835,80.72039031982422
test_02836,145.58352661132812
test_02837,48.798954010009766
test_02838,175.55023193359375
test_02839,10.952835083007812
test_02840,22.777202606201172
test_02841,65.00967407226562
test_02842,93.93228912353516
test_02843,67.99235534667969
test_02844,98.18777465820312
test_02845,42.8281364440918
test_02846,11.859169006347656
test_02847,91.76053619384766
test_02848,118.22581481933594
test_02849,111.76175689697266
test_02850,39.94831085205078
test_02851,53.25291442871094
test_02852,131.6944580078125
test_02853,87.13545989990234
test_02854,86.67804718017578
test_02855,16.388511657714844
test_02856,33.66646194458008
test_02857,33.35907745361328
test_02858,24.014312744140625
test_02859,69.1392822265625
test_02860,76.3377914428711
test_02861,25.59227752685547
test_02862,25.022315979003906
test_02863,74.49030303955078
test_02864,84.88030242919922
test_02865,110.88506317138672
test_02866,35.726051330566406
test_02867,50.692386627197266
test_02868,12.16754150390625
test_02869,95.1253433227539
test_02870,182.4296112060547
test_02871,41.007652282714844
test_02872,51.321964263916016
test_02873,67.41934204101562
test_02874,103.09317779541016
test_02875,171.37191772460938
test_02876,65.94509887695312
test_02877,101.62075805664062
test_02878,19.67374038696289
test_02879,15.394187927246094
test_02880,38.180904388427734
test_02881,86.67063903808594
test_02882,97.82376098632812
test_02883,50.25566864013672
test_02884,20.91130828857422
test_02885,10.465896606445312
test_02886,17.788551330566406
test_02887,41.20588684082031
test_02888,63.36717987060547
test_02889,35.00959777832031
test_02890,24.262073516845703
test_02891,28.66944122314453
test_02892,53.58566665649414
test_02893,81.09440612792969
test_02894,72.64494323730469
test_02895,148.45033264160156
test_02896,9.16259765625
test_02897,20.519901275634766
test_02898,7.471214294433594
test_02899,8.057380676269531
test_02900,16.549762725830078
test_02901,25.660030364990234
test_02902,12.1483154296875
test_02903,12.384056091308594
test_02904,12.28118896484375
test_02905,27.740081787109375
test_02906,15.19873046875
test_02907,37.11943054199219
test_02908,9.353126525878906
test_02909,9.84857177734375
test_02910,11.461349487304688
test_02911,24.652130126953125
test_02912,34.75709533691406
test_02913,91.70299530029297
test_02914,157.17196655273438
test_02915,24.341144561767578
test_02916,19.222991943359375
test_02917,12.774559020996094
test_02918,29.229145050048828
test_02919,36.88059997558594
test_02920,58.70384979248047
test_02921,119.39244079589844
test_02922,15.175712585449219
test_02923,182.26519775390625
test_02924,36.012611389160156
test_02925,8.011192321777344
test_02926,8.535308837890625
test_02927,33.64234161376953
test_02928,75.155517578125
test_02929,216.59799194335938
test_02930,162.46202087402344
test_02931,42.235469818115234
test_02932,54.159202575683594
test_02933,84.3057861328125
test_02934,88.49484252929688
test_02935,77.77188873291016
test_02936,18.168846130371094
test_02937,41.13037109375
test_02938,154.47589111328125
test_02939,85.9339370727539
test_02940,120.40072631835938
test_02941,202.0273895263672
test_02942,174.45944213867188
test_02943,142.8954315185547
test_02944,76.95430755615234
test_02945,47.79910659790039
test_02946,162.03973388671875
test_02947,90.2983169555664
test_02948,31.053207397460938
test_02949,6.594856262207031
test_02950,18.505992889404297
test_02951,39.4699821472168
test_02952,63.03712463378906
test_02953,3.542327880859375
test_02954,1.9849472045898438
test_02955,21.956401824951172
test_02956,13.008865356445312
test_02957,5.673431396484375
test_02958,74.43992614746094
test_02959,132.29962158203125
test_02960,285.6614074707031
test_02961,143.90353393554688
test_02962,118.25871276855469
test_02963,93.11139678955078
test_02964,8.9339599609375
test_02965,77.68547058105469
test_02966,157.85206604003906
test_02967,94.37088775634766
test_02968,50.217750549316406
test_02969,55.418609619140625
test_02970,61.83661651611328
test_02971,13.874557495117188
test_02972,77.95919799804688
test_02973,121.68222045898438
test_02974,163.24493408203125
test_02975,46.37310791015625
test_02976,66.32548522949219
test_02977,10.858512878417969
test_02978,7.108489990234375
test_02979,8.579719543457031
test_02980,83.67382049560547
test_02981,138.21075439453125
test_02982,204.99472045898438
test_02983,14.554489135742188
test_02984,67.35993957519531
test_02985,107.6956787109375
test_02986,8.611328125
test_02987,58.64338684082031
test_02988,129.31515502929688
test_02989,469.9813232421875
test_02990,271.708740234375
test_02991,53.59455871582031
test_02992,41.3067626953125
test_02993,134.56619262695312
test_02994,13.2869873046875
test_02995,14.529136657714844
test_02996,59.696372985839844
test_02997,189.76043701171875
test_02998,9.020980834960938
test_02999,8.248580932617188
test_03000,5.603813171386719
test_03001,40.4616813659668
test_03002,215.40884399414062
test_03003,98.16818237304688
test_03004,75.87391662597656
test_03005,369.7976989746094
test_03006,422.662841796875
test_03007,14.986839294433594
test_03008,52.124359130859375
test_03009,130.93572998046875
test_03010,195.69464111328125
test_03011,10.879776000976562
test_03012,126.89683532714844
test_03013,8.150238037109375
test_03014,151.9867401123047
test_03015,196.54776000976562
test_03016,373.4266662597656
test_03017,328.6300354003906
test_03018,187.39915466308594
test_03019,388.32501220703125
test_03020,265.74078369140625
test_03021,258.2491455078125
test_03022,175.711181640625
test_03023,24.075061798095703
test_03024,12.555351257324219
test_03025,9.383407592773438
test_03026,38.54233169555664
test_03027,23.51717758178711
test_03028,5.178070068359375
test_03029,33.11480712890625
test_03030,62.700050354003906
test_03031,129.45724487304688
test_03032,207.60293579101562
test_03033,89.87782287597656
test_03034,5.3707427978515625
test_03035,94.74668884277344
test_03036,18.721168518066406
test_03037,15.695594787597656
test_03038,90.27357482910156
test_03039,134.45306396484375
test_03040,242.00222778320312
test_03041,10.430206298828125
test_03042,510.0207214355469
test_03043,5.076072692871094
test_03044,10.510444641113281
test_03045,92.3231430053711
test_03046,6.8355255126953125
test_03047,27.311725616455078
test_03048,78.3165054321289
test_03049,283.9524841308594
test_03050,7.0656890869140625
test_03051,14.309906005859375
test_03052,101.34288024902344
test_03053,4.926963806152344
test_03054,5.475028991699219
test_03055,9.005668640136719
test_03056,67.98385620117188
test_03057,167.54661560058594
test_03058,193.0693359375
test_03059,282.6181945800781
test_03060,268.99951171875
test_03061,7.6936187744140625
test_03062,72.47081756591797
test_03063,151.66494750976562
test_03064,4.1495819091796875
test_03065,72.7784652709961
test_03066,85.0510482788086
test_03067,18.915447235107422
test_03068,20.2799072265625
test_03069,15.263252258300781
test_03070,16.423877716064453
test_03071,100.23721313476562
test_03072,6.364189147949219
test_03073,183.17147827148438
test_03074,134.7172088623047
test_03075,101.88716125488281
test_03076,43.11056137084961
test_03077,116.32792663574219
test_03078,9.120582580566406
test_03079,5.92669677734375
test_03080,12.617889404296875
test_03081,15.467117309570312
test_03082,100.08282470703125
test_03083,9.266609191894531
test_03084,95.05181884765625
test_03085,293.78192138671875
test_03086,273.2953796386719
test_03087,69.521240234375
test_03088,41.95182418823242
test_03089,49.587745666503906
test_03090,114.52169799804688
test_03091,54.095703125
test_03092,10.437263488769531
test_03093,37.63199996948242
test_03094,37.05860900878906
test_03095,16.58899688720703
test_03096,55.28919219970703
test_03097,8.925674438476562
test_03098,11.372406005859375
test_03099,122.75
test_03100,63.254234313964844
test_03101,9.530281066894531
test_03102,10.650794982910156
test_03103,112.28483581542969
test_03104,132.22549438476562
test_03105,111.82591247558594
test_03106,39.137840270996094
test_03107,23.18014907836914
test_03108,79.22846984863281
test_03109,79.0140380859375
test_03110,47.75007247924805
test_03111,77.3650131225586
test_03112,67.90679168701172
test_03113,38.50579833984375
test_03114,103.19428253173828
test_03115,16.947433471679688
test_03116,32.08509063720703
test_03117,66.23519897460938
test_03118,89.1513442993164
test_03119,12.269577026367188
test_03120,45.131553649902344
test_03121,46.119873046875
test_03122,65.15447998046875
test_03123,64.30179595947266
test_03124,97.25305938720703
test_03125,58.26902770996094
test_03126,160.7833251953125
test_03127,27.2684326171875
test_03128,12.453224182128906
test_03129,11.461517333984375
test_03130,46.473873138427734
test_03131,21.724063873291016
test_03132,21.77936553955078
test_03133,57.268821716308594
test_03134,19.94129180908203
test_03135,41.89974594116211
test_03136,105.6019058227539
test_03137,27.86867904663086
test_03138,38.650054931640625
test_03139,53.01223373413086
test_03140,41.343421936035156
test_03141,44.29194641113281
test_03142,43.30374526977539
test_03143,74.54222869873047
test_03144,108.133056640625
test_03145,79.5809097290039
test_03146,77.82180786132812
test_03147,78.22881317138672
test_03148,46.85745620727539
test_03149,14.221786499023438
test_03150,24.83948516845703
test_03151,79.0157470703125
test_03152,36.99312973022461
test_03153,16.7659912109375
test_03154,96.58287811279297
test_03155,34.89337158203125
test_03156,30.06737518310547
test_03157,46.69207763671875
test_03158,87.48470306396484
test_03159,63.67487716674805
test_03160,85.83084869384766
test_03161,118.53948211669922
test_03162,87.85498046875
test_03163,196.0829620361328
test_03164,40.34086990356445
test_03165,7.1295318603515625
test_03166,76.01122283935547
test_03167,85.22020721435547
test_03168,51.95890426635742
test_03169,16.26526641845703
test_03170,28.709980010986328
test_03171,40.7761344909668
test_03172,45.94872283935547
test_03173,105.20832824707031
test_03174,98.98837280273438
test_03175,177.24879455566406
test_03176,65.95746612548828
test_03177,138.92608642578125
test_03178,8.993965148925781
test_03179,28.58327865600586
test_03180,59.47947692871094
test_03181,105.10591125488281
test_03182,107.39103698730469
test_03183,68.00643157958984
test_03184,28.293964385986328
test_03185,39.04228973388672
test_03186,103.20552062988281
test_03187,57.73358154296875
test_03188,87.03128051757812
test_03189,74.63860321044922
test_03190,75.10813903808594
test_03191,67.10548400878906
test_03192,112.9893569946289
test_03193,88.3656997680664
test_03194,57.72153091430664
test_03195,31.24129867553711
test_03196,40.3291015625
test_03197,30.358623504638672
test_03198,35.504085540771484
test_03199,98.61781311035156
test_03200,99.34744262695312
test_03201,102.13621520996094
test_03202,22.09731674194336
test_03203,32.99423599243164
test_03204,62.09199142456055
test_03205,164.15078735351562
test_03206,122.89952087402344
test_03207,26.218311309814453
test_03208,48.24535369873047
test_03209,6.083488464355469
test_03210,95.25650024414062
test_03211,123.3436279296875
test_03212,46.4458122253418
test_03213,63.81632995605469
test_03214,150.32962036132812
test_03215,88.6612548828125
test_03216,89.98897552490234
test_03217,82.36665344238281
test_03218,129.97068786621094
test_03219,21.825214385986328
test_03220,56.233131408691406
test_03221,68.52928161621094
test_03222,71.83744812011719
test_03223,50.537208557128906
test_03224,31.431514739990234
test_03225,21.11948013305664
test_03226,12.9122314453125
test_03227,32.62446212768555
test_03228,95.44450378417969
test_03229,53.85468673706055
test_03230,35.692935943603516
test_03231,67.97502899169922
test_03232,70.2712173461914
test_03233,33.754302978515625
test_03234,89.83898162841797
test_03235,114.30328369140625
test_03236,7.307891845703125
test_03237,29.36880874633789
test_03238,8.980255126953125
test_03239,25.08359146118164
test_03240,45.47647476196289
test_03241,31.78145980834961
test_03242,7.122795104980469
test_03243,17.97698211669922
test_03244,17.959793090820312
test_03245,124.64686584472656
test_03246,37.663814544677734
test_03247,17.78595733642578
test_03248,42.43312454223633
test_03249,6.39556884765625
test_03250,8.485382080078125
test_03251,13.925086975097656
test_03252,34.33759307861328
test_03253,35.12672805786133
test_03254,56.943092346191406
test_03255,77.57568359375
test_03256,141.72225952148438
test_03257,35.582767486572266
test_03258,31.633419036865234
test_03259,15.454414367675781
test_03260,17.46833038330078
test_03261,52.426910400390625
test_03262,88.49012756347656
test_03263,91.94527435302734
test_03264,39.47718048095703
test_03265,199.95428466796875
test_03266,39.73338317871094
test_03267,13.906196594238281
test_03268,8.5283203125
test_03269,54.14735412597656
test_03270,89.86865997314453
test_03271,217.63943481445312
test_03272,202.13601684570312
test_03273,101.5393295288086
test_03274,45.646881103515625
test_03275,57.12156677246094
test_03276,51.657020568847656
test_03277,43.682044982910156
test_03278,19.86858367919922
test_03279,48.05411911010742
test_03280,128.24417114257812
test_03281,58.6805419921875
test_03282,124.77326965332031
test_03283,212.7342529296875
test_03284,134.45339965820312
test_03285,120.43379211425781
test_03286,103.53668975830078
test_03287,50.962242126464844
test_03288,162.9056854248047
test_03289,45.087825775146484
test_03290,45.57172775268555
test_03291,8.827110290527344
test_03292,21.860279083251953
test_03293,57.621055603027344
test_03294,126.11532592773438
test_03295,10.538978576660156
test_03296,68.5600814819336
test_03297,8.313194274902344
test_03298,26.278114318847656
test_03299,13.282318115234375
test_03300,10.958450317382812
test_03301,71.90943908691406
test_03302,134.5055389404297
test_03303,260.32012939453125
test_03304,215.80044555664062
test_03305,114.10606384277344
test_03306,110.91162109375
test_03307,12.393486022949219
test_03308,88.61595153808594
test_03309,191.08961486816406
test_03310,113.48719787597656
test_03311,61.57646179199219
test_03312,56.80491638183594
test_03313,33.54751205444336
test_03314,18.901809692382812
test_03315,81.31230163574219
test_03316,66.92410278320312
test_03317,199.3975830078125
test_03318,28.676841735839844
test_03319,66.52816009521484
test_03320,9.774147033691406
test_03321,9.542671203613281
test_03322,33.012855529785156
test_03323,92.510986328125
test_03324,204.6778564453125
test_03325,271.41448974609375
test_03326,20.810157775878906
test_03327,111.27794647216797
test_03328,137.15386962890625
test_03329,9.245597839355469
test_03330,113.72055053710938
test_03331,246.07803344726562
test_03332,403.935546875
test_03333,81.50908660888672
test_03334,39.51396942138672
test_03335,123.70046997070312
test_03336,227.97177124023438
test_03337,10.657745361328125
test_03338,34.60576629638672
test_03339,167.16940307617188
test_03340,230.38824462890625
test_03341,13.740432739257812
test_03342,15.308235168457031
test_03343,6.0381317138671875
test_03344,202.59225463867188
test_03345,276.70233154296875
test_03346,214.37802124023438
test_03347,215.01129150390625
test_03348,354.1830139160156
test_03349,390.53082275390625
test_03350,14.435264587402344
test_03351,81.2458724975586
test_03352,125.52497863769531
test_03353,173.11148071289062
test_03354,16.151329040527344
test_03355,150.72998046875
test_03356,16.14688491821289
test_03357,301.11358642578125
test_03358,292.576171875
test_03359,339.47393798828125
test_03360,97.95571899414062
test_03361,333.5216369628906
test_03362,453.94866943359375
test_03363,239.53927612304688
test_03364,145.3087921142578
test_03365,222.82373046875
test_03366,23.988422393798828
test_03367,12.924690246582031
test_03368,5.1774444580078125
test_03369,66.72262573242188
test_03370,85.5224609375
test_03371,12.710777282714844
test_03372,26.72168731689453
test_03373,67.7571029663086
test_03374,40.88665771484375
test_03375,153.96371459960938
test_03376,63.77197265625
test_03377,6.06591796875
test_03378,67.39263153076172
test_03379,7.872802734375
test_03380,23.669891357421875
test_03381,98.60752868652344
test_03382,175.36761474609375
test_03383,302.007080078125
test_03384,8.821807861328125
test_03385,305.8799133300781
test_03386,10.255119323730469
test_03387,10.460540771484375
test_03388,97.94303894042969
test_03389,5.116111755371094
test_03390,51.39192581176758
test_03391,106.7785415649414
test_03392,324.0624694824219
test_03393,8.3482666015625
test_03394,22.495208740234375
test_03395,47.266212463378906
test_03396,13.278907775878906
test_03397,10.226737976074219
test_03398,10.695480346679688
test_03399,64.21391296386719
test_03400,120.10824584960938
test_03401,200.68402099609375
test_03402,208.1396484375
test_03403,254.07150268554688
test_03404,6.589790344238281
test_03405,85.14046478271484
test_03406,128.6105499267578
test_03407,6.4585723876953125
test_03408,73.31971740722656
test_03409,83.9389877319336
test_03410,19.036266326904297
test_03411,37.88172149658203
test_03412,20.64081573486328
test_03413,20.728153228759766
test_03414,102.36207580566406
test_03415,7.7368011474609375
test_03416,188.58657836914062
test_03417,201.60494995117188
test_03418,352.9080505371094
test_03419,105.59042358398438
test_03420,57.50193786621094
test_03421,108.05747985839844
test_03422,4.9629364013671875
test_03423,7.262916564941406
test_03424,7.178031921386719
test_03425,14.844718933105469
test_03426,99.8561019897461
test_03427,9.726821899414062
test_03428,91.62340545654297
test_03429,251.20220947265625
test_03430,341.2311706542969
test_03431,83.63982391357422
test_03432,50.496395111083984
test_03433,51.83070373535156
test_03434,107.98258972167969
test_03435,51.32782745361328
test_03436,16.776493072509766
test_03437,23.433975219726562
test_03438,47.34189987182617
test_03439,14.777717590332031
test_03440,54.833717346191406
test_03441,8.599136352539062
test_03442,39.76142120361328
test_03443,91.31208038330078
test_03444,55.03028106689453
test_03445,7.9232177734375
test_03446,22.932769775390625
test_03447,55.439640045166016
test_03448,101.84185791015625
test_03449,88.0068588256836
test_03450,24.192420959472656
test_03451,13.604095458984375
test_03452,40.18673324584961
test_03453,51.58152770996094
test_03454,33.79415512084961
test_03455,81.6240005493164
test_03456,51.17743682861328
test_03457,27.508350372314453
test_03458,78.5282974243164
test_03459,13.246086120605469
test_03460,16.574661254882812
test_03461,42.254798889160156
test_03462,79.73886108398438
test_03463,59.826904296875
test_03464,32.36031723022461
test_03465,10.642326354980469
test_03466,33.610694885253906
test_03467,52.85504913330078
test_03468,65.55439758300781
test_03469,83.71041107177734
test_03470,66.25517272949219
test_03471,51.04493713378906
test_03472,170.15890502929688
test_03473,189.3565673828125
test_03474,28.897552490234375
test_03475,10.792877197265625
test_03476,27.828052520751953
test_03477,48.845760345458984
test_03478,18.00659942626953
test_03479,30.21581268310547
test_03480,52.75779342651367
test_03481,20.7734375
test_03482,39.73307800292969
test_03483,173.30699157714844
test_03484,22.85558319091797
test_03485,31.171844482421875
test_03486,53.12042999267578
test_03487,58.506507873535156
test_03488,32.12334442138672
test_03489,46.2470817565918
test_03490,82.87326049804688
test_03491,84.85094451904297
test_03492,73.68160247802734
test_03493,51.84093475341797
test_03494,93.49549865722656
test_03495,55.38123321533203
test_03496,10.455215454101562
test_03497,15.577346801757812
test_03498,52.27473449707031
test_03499,37.97108459472656
test_03500,9.609809875488281
test_03501,86.0254135131836
test_03502,26.44495391845703
test_03503,41.37436294555664
test_03504,38.43086624145508
test_03505,55.18849563598633
test_03506,60.03832244873047
test_03507,71.94763946533203
test_03508,111.68692016601562
test_03509,79.07627868652344
test_03510,174.224609375
test_03511,60.73044967651367
test_03512,11.810012817382812
test_03513,40.59759521484375
test_03514,52.373958587646484
test_03515,63.88138198852539
test_03516,15.713523864746094
test_03517,32.2717170715332
test_03518,24.18597412109375
test_03519,29.285655975341797
test_03520,87.18228149414062
test_03521,141.81039428710938
test_03522,59.88373565673828
test_03523,40.4021110534668
test_03524,8.365608215332031
test_03525,13.908210754394531
test_03526,28.512489318847656
test_03527,75.21116638183594
test_03528,95.10619354248047
test_03529,114.88552856445312
test_03530,38.854984283447266
test_03531,20.899539947509766
test_03532,29.813434600830078
test_03533,116.93254089355469
test_03534,45.66566848754883
test_03535,81.88722229003906
test_03536,73.92759704589844
test_03537,59.801124572753906
test_03538,51.19889831542969
test_03539,105.42364501953125
test_03540,86.33966827392578
test_03541,62.647125244140625
test_03542,23.55388641357422
test_03543,43.97766876220703
test_03544,36.08445739746094
test_03545,44.65814971923828
test_03546,77.04684448242188
test_03547,145.1468505859375
test_03548,62.12202453613281
test_03549,18.96932601928711
test_03550,29.574626922607422
test_03551,59.142822265625
test_03552,166.90853881835938
test_03553,178.13845825195312
test_03554,34.770118713378906
test_03555,36.46166229248047
test_03556,12.47509765625
test_03557,88.73714447021484
test_03558,118.929443359375
test_03559,48.507102966308594
test_03560,60.01035690307617
test_03561,90.58612060546875
test_03562,37.009605407714844
test_03563,49.529869079589844
test_03564,59.128726959228516
test_03565,98.19107818603516
test_03566,17.087860107421875
test_03567,45.90795135498047
test_03568,54.02435302734375
test_03569,81.0768051147461
test_03570,104.9083023071289
test_03571,58.864295959472656
test_03572,21.576820373535156
test_03573,13.541496276855469
test_03574,10.590789794921875
test_03575,23.072887420654297
test_03576,67.8441162109375
test_03577,60.44501495361328
test_03578,16.252338409423828
test_03579,60.67891311645508
test_03580,57.73175811767578
test_03581,36.101924896240234
test_03582,111.46156311035156
test_03583,81.11217498779297
test_03584,3.94189453125
test_03585,19.15314483642578
test_03586,9.552314758300781
test_03587,20.170841217041016
test_03588,27.941123962402344
test_03589,18.105667114257812
test_03590,8.388671875
test_03591,20.80689239501953
test_03592,15.830398559570312
test_03593,141.63333129882812
test_03594,13.96710205078125
test_03595,54.249542236328125
test_03596,1.3265762329101562
test_03597,10.4537353515625
test_03598,12.445083618164062
test_03599,34.2226448059082
test_03600,37.149078369140625
test_03601,75.32632446289062
test_03602,48.57886505126953
test_03603,142.14822387695312
test_03604,67.27261352539062
test_03605,25.123348236083984
test_03606,11.484550476074219
test_03607,23.24169921875
test_03608,33.03962707519531
test_03609,98.45172119140625
test_03610,61.66017150878906
test_03611,31.116962432861328
test_03612,188.17251586914062
test_03613,29.962692260742188
test_03614,5.297119140625
test_03615,8.680137634277344
test_03616,28.23748779296875
test_03617,106.34403228759766
test_03618,200.607421875
test_03619,163.13958740234375
test_03620,106.45164489746094
test_03621,30.765666961669922
test_03622,53.22012710571289
test_03623,61.37330627441406
test_03624,47.093379974365234
test_03625,25.67719268798828
test_03626,42.51420593261719
test_03627,132.3029022216797
test_03628,57.40673065185547
test_03629,102.96155548095703
test_03630,172.68507385253906
test_03631,238.65460205078125
test_03632,141.8605194091797
test_03633,104.95077514648438
test_03634,85.2264175415039
test_03635,169.20787048339844
test_03636,105.71859741210938
test_03637,41.221744537353516
test_03638,12.300033569335938
test_03639,19.985416412353516
test_03640,42.60914611816406
test_03641,92.19679260253906
test_03642,12.426506042480469
test_03643,50.393409729003906
test_03644,4.558616638183594
test_03645,26.747188568115234
test_03646,12.837043762207031
test_03647,9.552986145019531
test_03648,77.81114959716797
test_03649,138.53045654296875
test_03650,267.9729919433594
test_03651,253.96676635742188
test_03652,108.26930236816406
test_03653,115.458740234375
test_03654,14.975433349609375
test_03655,82.62364959716797
test_03656,204.82290649414062
test_03657,51.12051010131836
test_03658,65.50089263916016
test_03659,42.201904296875
test_03660,9.764152526855469
test_03661,21.727664947509766
test_03662,83.07759094238281
test_03663,57.69374084472656
test_03664,159.66366577148438
test_03665,27.42977523803711
test_03666,66.01779174804688
test_03667,7.7939300537109375
test_03668,7.7035980224609375
test_03669,9.752784729003906
test_03670,74.84876251220703
test_03671,189.32235717773438
test_03672,314.6236267089844
test_03673,22.775882720947266
test_03674,98.66919708251953
test_03675,146.9715576171875
test_03676,7.437767028808594
test_03677,119.9459228515625
test_03678,114.88459777832031
test_03679,365.7447509765625
test_03680,72.92693328857422
test_03681,45.5770263671875
test_03682,95.84273529052734
test_03683,176.62435913085938
test_03684,7.519706726074219
test_03685,45.2236328125
test_03686,91.93994140625
test_03687,223.70068359375
test_03688,10.872917175292969
test_03689,16.43374252319336
test_03690,4.40283203125
test_03691,64.84156036376953
test_03692,223.55758666992188
test_03693,229.23226928710938
test_03694,162.47817993164062
test_03695,255.90377807617188
test_03696,351.7290954589844
test_03697,12.514442443847656
test_03698,89.27302551269531
test_03699,162.29653930664062
test_03700,167.84420776367188
test_03701,10.7379150390625
test_03702,158.5147705078125
test_03703,19.379993438720703
test_03704,154.59707641601562
test_03705,397.2963562011719
test_03706,59.76839828491211
test_03707,188.40597534179688
test_03708,414.1966857910156
test_03709,241.63845825195312
test_03710,225.8968505859375
test_03711,158.858154296875
test_03712,20.44027328491211
test_03713,12.53118896484375
test_03714,6.2766876220703125
test_03715,32.2760009765625
test_03716,92.2732925415039
test_03717,11.125679016113281
test_03718,27.66478729248047
test_03719,88.47230529785156
test_03720,120.04651641845703
test_03721,167.7152099609375
test_03722,57.460330963134766
test_03723,7.1951751708984375
test_03724,92.1636734008789
test_03725,15.26763916015625
test_03726,28.27898406982422
test_03727,65.50044250488281
test_03728,153.392822265625
test_03729,214.86260986328125
test_03730,7.954780578613281
test_03731,567.6912841796875
test_03732,10.620590209960938
test_03733,12.556167602539062
test_03734,103.17007446289062
test_03735,5.583305358886719
test_03736,58.66443634033203
test_03737,87.55459594726562
test_03738,253.22030639648438
test_03739,6.699272155761719
test_03740,9.146759033203125
test_03741,80.83748626708984
test_03742,9.686859130859375
test_03743,6.520652770996094
test_03744,7.483299255371094
test_03745,153.2447509765625
test_03746,157.47976684570312
test_03747,149.1119384765625
test_03748,178.384765625
test_03749,274.2518005371094
test_03750,5.506538391113281
test_03751,81.8062515258789
test_03752,131.13197326660156
test_03753,4.957489013671875
test_03754,77.25495147705078
test_03755,87.85281372070312
test_03756,14.300575256347656
test_03757,41.9196662902832
test_03758,12.394577026367188
test_03759,27.575908660888672
test_03760,59.51636505126953
test_03761,4.811180114746094
test_03762,222.41256713867188
test_03763,147.33396911621094
test_03764,387.402587890625
test_03765,114.1116943359375
test_03766,62.268768310546875
test_03767,123.1988525390625
test_03768,10.717308044433594
test_03769,10.1802978515625
test_03770,9.0228271484375
test_03771,16.634899139404297
test_03772,102.87950897216797
test_03773,12.332206726074219
test_03774,92.10304260253906
test_03775,290.8992004394531
test_03776,74.1655044555664
test_03777,49.654720306396484
test_03778,54.770362854003906
test_03779,115.72837829589844
test_03780,56.691680908203125
test_03781,12.249107360839844
test_03782,52.19123840332031
test_03783,48.86005401611328
test_03784,13.122055053710938
test_03785,60.222816467285156
test_03786,9.268669128417969
test_03787,10.490005493164062
test_03788,116.99178314208984
test_03789,58.678070068359375
test_03790,7.3189849853515625
test_03791,63.73041534423828
test_03792,110.62017059326172
test_03793,108.5217514038086
test_03794,27.0098876953125
test_03795,17.28130340576172
test_03796,47.11455154418945
test_03797,67.27227783203125
test_03798,33.58125686645508
test_03799,89.29014587402344
test_03800,63.35576248168945
test_03801,84.19216918945312
test_03802,12.365165710449219
test_03803,16.143619537353516
test_03804,31.704998016357422
test_03805,68.07235717773438
test_03806,96.83786010742188
test_03807,40.98312759399414
test_03808,26.41884994506836
test_03809,55.70946502685547
test_03810,59.425601959228516
test_03811,63.79729461669922
test_03812,77.26873016357422
test_03813,111.7745132446289
test_03814,54.135196685791016
test_03815,169.55694580078125
test_03816,203.0913543701172
test_03817,26.306175231933594
test_03818,11.129623413085938
test_03819,28.366474151611328
test_03820,47.00579833984375
test_03821,12.844970703125
test_03822,38.526763916015625
test_03823,84.09881591796875
test_03824,27.69219207763672
test_03825,41.68042755126953
test_03826,145.71766662597656
test_03827,16.723419189453125
test_03828,36.735809326171875
test_03829,59.886871337890625
test_03830,91.25127410888672
test_03831,43.01560974121094
test_03832,48.06186294555664
test_03833,79.01024627685547
test_03834,102.93247985839844
test_03835,80.4211654663086
test_03836,69.55265808105469
test_03837,88.30561828613281
test_03838,62.74360656738281
test_03839,14.234779357910156
test_03840,15.10260009765625
test_03841,73.26449584960938
test_03842,39.46051025390625
test_03843,16.79821014404297
test_03844,87.3539810180664
test_03845,25.038990020751953
test_03846,31.110614776611328
test_03847,35.463199615478516
test_03848,72.59693908691406
test_03849,68.59619903564453
test_03850,85.9245834350586
test_03851,110.18819427490234
test_03852,95.66705322265625
test_03853,213.58505249023438
test_03854,49.602867126464844
test_03855,24.66409683227539
test_03856,64.72927856445312
test_03857,66.66462707519531
test_03858,70.50777435302734
test_03859,15.374053955078125
test_03860,32.17694091796875
test_03861,22.264793395996094
test_03862,32.50716018676758
test_03863,103.61433410644531
test_03864,113.90777587890625
test_03865,70.95536041259766
test_03866,118.83057403564453
test_03867,8.579521179199219
test_03868,16.090431213378906
test_03869,62.221214294433594
test_03870,104.33951568603516
test_03871,119.96720886230469
test_03872,79.06322479248047
test_03873,31.070972442626953
test_03874,40.35309982299805
test_03875,111.32479095458984
test_03876,54.31301498413086
test_03877,86.56330108642578
test_03878,86.73726654052734
test_03879,69.50647735595703
test_03880,61.02137756347656
test_03881,118.69932556152344
test_03882,99.891357421875
test_03883,65.8004150390625
test_03884,28.89379119873047
test_03885,40.18526077270508
test_03886,30.508602142333984
test_03887,36.67577362060547
test_03888,101.7329330444336
test_03889,103.61561584472656
test_03890,89.08820343017578
test_03891,21.92019271850586
test_03892,30.989940643310547
test_03893,59.74578094482422
test_03894,154.81703186035156
test_03895,140.30661010742188
test_03896,30.182861328125
test_03897,54.88558578491211
test_03898,6.8951873779296875
test_03899,116.22074890136719
test_03900,121.38154602050781
test_03901,34.24549865722656
test_03902,69.8753433227539
test_03903,182.06338500976562
test_03904,94.8626708984375
test_03905,87.55148315429688
test_03906,85.68257904052734
test_03907,127.12661743164062
test_03908,24.466495513916016
test_03909,56.828941345214844
test_03910,39.070735931396484
test_03911,71.51753234863281
test_03912,81.8566665649414
test_03913,51.36832809448242
test_03914,30.353424072265625
test_03915,24.68475341796875
test_03916,11.859169006347656
test_03917,28.61699676513672
test_03918,104.27168273925781
test_03919,51.31227493286133
test_03920,40.79240036010742
test_03921,76.51634216308594
test_03922,69.68495178222656
test_03923,44.298736572265625
test_03924,86.04688262939453
test_03925,124.56336975097656
test_03926,5.658454895019531
test_03927,32.537315368652344
test_03928,8.263252258300781
test_03929,27.306533813476562
test_03930,44.2320442199707
test_03931,22.18191146850586
test_03932,6.7814788818359375
test_03933,14.456367492675781
test_03934,23.14258575439453
test_03935,133.4051513671875
test_03936,42.92563247680664
test_03937,14.8819580078125
test_03938,50.611961364746094
test_03939,7.360221862792969
test_03940,9.647880554199219
test_03941,16.880168914794922
test_03942,33.109474182128906
test_03943,43.593414306640625
test_03944,83.151123046875
test_03945,74.16168975830078
test_03946,164.98678588867188
test_03947,34.18329620361328
test_03948,32.507686614990234
test_03949,15.578201293945312
test_03950,33.53059005737305
test_03951,56.52159118652344
test_03952,97.84107971191406
test_03953,78.37773895263672
test_03954,175.93008422851562
test_03955,32.044342041015625
test_03956,11.194869995117188
test_03957,8.364547729492188
test_03958,51.14177703857422
test_03959,90.0402603149414
test_03960,200.73001098632812
test_03961,187.15834045410156
test_03962,100.48336029052734
test_03963,41.36159896850586
test_03964,56.16053771972656
test_03965,45.517494201660156
test_03966,42.743919372558594
test_03967,21.144935607910156
test_03968,55.81315612792969
test_03969,153.11944580078125
test_03970,50.82136154174805
test_03971,120.31427001953125
test_03972,248.39144897460938
test_03973,108.50128173828125
test_03974,134.16741943359375
test_03975,106.6951904296875
test_03976,62.35969543457031
test_03977,232.10183715820312
test_03978,44.88797378540039
test_03979,43.38884353637695
test_03980,11.844596862792969
test_03981,24.154979705810547
test_03982,71.1972885131836
test_03983,113.15132141113281
test_03984,13.576629638671875
test_03985,59.59682846069336
test_03986,4.892723083496094
test_03987,27.41855239868164
test_03988,10.931015014648438
test_03989,7.456703186035156
test_03990,76.85449981689453
test_03991,161.33079528808594
test_03992,270.37158203125
test_03993,231.8734130859375
test_03994,115.69367980957031
test_03995,145.85543823242188
test_03996,15.795616149902344
test_03997,102.85781860351562
test_03998,185.69256591796875
test_03999,147.46591186523438
test_04000,56.499488830566406
test_04001,53.55890655517578
test_04002,12.858184814453125
test_04003,19.718082427978516
test_04004,66.97589874267578
test_04005,57.13111114501953
test_04006,186.45526123046875
test_04007,25.69302749633789
test_04008,67.874755859375
test_04009,9.506950378417969
test_04010,12.442253112792969
test_04011,38.89990234375
test_04012,88.35099792480469
test_04013,216.67788696289062
test_04014,320.46905517578125
test_04015,15.606742858886719
test_04016,132.20950317382812
test_04017,138.67529296875
test_04018,11.099266052246094
test_04019,147.24099731445312
test_04020,280.7763977050781
test_04021,463.64984130859375
test_04022,102.48501586914062
test_04023,42.558372497558594
test_04024,131.1166229248047
test_04025,234.7264404296875
test_04026,11.177803039550781
test_04027,19.347537994384766
test_04028,196.884765625
test_04029,233.72882080078125
test_04030,12.557266235351562
test_04031,16.962955474853516
test_04032,6.732002258300781
test_04033,258.4743957519531
test_04034,270.4986572265625
test_04035,260.7585144042969
test_04036,244.89962768554688
test_04037,424.3693542480469
test_04038,452.8560485839844
test_04039,12.564262390136719
test_04040,94.74807739257812
test_04041,131.62782287597656
test_04042,163.20700073242188
test_04043,9.207931518554688
test_04044,175.0180206298828
test_04045,11.101089477539062
test_04046,379.59930419921875
test_04047,345.29345703125
test_04048,359.1932067871094
test_04049,64.03144836425781
test_04050,327.8770446777344
test_04051,412.6387023925781
test_04052,259.70806884765625
test_04053,221.64788818359375
test_04054,180.54669189453125
test_04055,18.545372009277344
test_04056,15.570220947265625
test_04057,9.459190368652344
test_04058,73.01152038574219
test_04059,89.59837341308594
test_04060,11.158622741699219
test_04061,30.57229995727539
test_04062,82.70606231689453
test_04063,133.2377166748047
test_04064,169.29055786132812
test_04065,60.325740814208984
test_04066,8.331520080566406
test_04067,80.5727767944336
test_04068,9.857002258300781
test_04069,25.789447784423828
test_04070,103.0193862915039
test_04071,193.25006103515625
test_04072,356.7625732421875
test_04073,8.418632507324219
test_04074,500.3183288574219
test_04075,11.788841247558594
test_04076,9.214370727539062
test_04077,124.82669830322266
test_04078,9.321914672851562
test_04079,58.404136657714844
test_04080,102.41387939453125
test_04081,404.0120544433594
test_04082,7.475547790527344
test_04083,15.617973327636719
test_04084,40.28146743774414
test_04085,9.931900024414062
test_04086,8.241798400878906
test_04087,10.018203735351562
test_04088,127.80615234375
test_04089,154.96722412109375
test_04090,198.12216186523438
test_04091,243.77520751953125
test_04092,273.0366516113281
test_04093,5.1360931396484375
test_04094,103.3148193359375
test_04095,145.35711669921875
test_04096,6.679740905761719
test_04097,93.96621704101562
test_04098,98.67750549316406
test_04099,15.766838073730469
test_04100,30.183712005615234
test_04101,6.3168487548828125
test_04102,29.21157455444336
test_04103,6.109710693359375
