id,PM2.5
test_00001,179.57061767578125
test_00002,152.35989379882812
test_00003,402.1806945800781
test_00004,79.64533996582031
test_00005,46.885982513427734
test_00006,117.69454956054688
test_00007,5.793144226074219
test_00008,6.272239685058594
test_00009,50.570899963378906
test_00010,122.79190063476562
test_00011,6.6453857421875
test_00012,118.20533752441406
test_00013,271.26416015625
test_00014,322.91998291015625
test_00015,66.0581283569336
test_00016,46.060665130615234
test_00017,42.78160095214844
test_00018,123.67616271972656
test_00019,50.85845947265625
test_00020,13.354049682617188
test_00021,25.521095275878906
test_00022,34.02076721191406
test_00023,9.686698913574219
test_00024,49.698890686035156
test_00025,6.777374267578125
test_00026,9.108291625976562
test_00027,106.85271453857422
test_00028,63.56402587890625
test_00029,6.382453918457031
test_00030,6.982109069824219
test_00031,60.86366271972656
test_00032,103.6201171875
test_00033,104.7064208984375
test_00034,17.601287841796875
test_00035,11.860275268554688
test_00036,80.17229461669922
test_00037,93.2565689086914
test_00038,14.441246032714844
test_00039,30.190921783447266
test_00040,82.56665802001953
test_00041,7.059783935546875
test_00042,10.751060485839844
test_00043,25.618614196777344
test_00044,64.78522491455078
test_00045,65.28402709960938
test_00046,42.48819351196289
test_00047,19.395191192626953
test_00048,56.16799545288086
test_00049,54.20752716064453
test_00050,69.70084381103516
test_00051,93.52810668945312
test_00052,111.48393249511719
test_00053,59.1732292175293
test_00054,156.04776000976562
test_00055,180.98165893554688
test_00056,26.330059051513672
test_00057,7.321044921875
test_00058,23.34967803955078
test_00059,54.68608093261719
test_00060,27.09222412109375
test_00061,26.338680267333984
test_00062,55.57529067993164
test_00063,25.66714096069336
test_00064,47.602508544921875
test_00065,137.84909057617188
test_00066,19.77552032470703
test_00067,30.35317611694336
test_00068,62.97905731201172
test_00069,60.43914031982422
test_00070,35.63216018676758
test_00071,43.27317428588867
test_00072,76.8122329711914
test_00073,121.76162719726562
test_00074,85.33002471923828
test_00075,64.80406951904297
test_00076,78.3335952758789
test_00077,52.492618560791016
test_00078,10.290740966796875
test_00079,17.236526489257812
test_00080,54.8914794921875
test_00081,37.1966552734375
test_00082,7.480003356933594
test_00083,87.49053955078125
test_00084,30.28546905517578
test_00085,35.07261657714844
test_00086,37.36339569091797
test_00087,68.97721862792969
test_00088,67.17179107666016
test_00089,74.24980926513672
test_00090,122.55132293701172
test_00091,82.17372131347656
test_00092,200.59811401367188
test_00093,38.501426696777344
test_00094,2.1505584716796875
test_00095,67.994140625
test_00096,43.25686264038086
test_00097,60.125892639160156
test_00098,14.436767578125
test_00099,104.2680435180664
test_00100,16.802139282226562
test_00101,15.030799865722656
test_00102,121.51638793945312
test_00103,80.43736267089844
test_00104,153.80178833007812
test_00105,56.88799285888672
test_00106,101.46902465820312
test_00107,5.488914489746094
test_00108,14.185066223144531
test_00109,29.399898529052734
test_00110,62.005035400390625
test_00111,98.94111633300781
test_00112,118.53791809082031
test_00113,58.498634338378906
test_00114,26.212955474853516
test_00115,33.48814392089844
test_00116,110.68489074707031
test_00117,52.14881896972656
test_00118,85.76622772216797
test_00119,87.22486114501953
test_00120,79.218994140625
test_00121,64.76386260986328
test_00122,105.55548095703125
test_00123,76.88117980957031
test_00124,51.509193420410156
test_00125,26.087718963623047
test_00126,68.61495971679688
test_00127,34.78839874267578
test_00128,38.45591354370117
test_00129,85.26518249511719
test_00130,106.8968734741211
test_00131,74.8732681274414
test_00132,0.0
test_00133,28.113872528076172
test_00134,67.03780364990234
test_00135,148.505615234375
test_00136,121.2684097290039
test_00137,47.87548828125
test_00138,9.159896850585938
test_00139,122.09690856933594
test_00140,102.04759979248047
test_00141,47.937042236328125
test_00142,81.20783233642578
test_00143,101.37062072753906
test_00144,56.186546325683594
test_00145,86.83991241455078
test_00146,81.28987884521484
test_00147,115.30183410644531
test_00148,13.471420288085938
test_00149,43.79676818847656
test_00150,51.63888931274414
test_00151,66.1209945678711
test_00152,93.9106216430664
test_00153,58.885887145996094
test_00154,37.78935623168945
test_00155,12.218711853027344
test_00156,7.1816558837890625
test_00157,24.033203125
test_00158,77.25019836425781
test_00159,66.29645538330078
test_00160,23.5919189453125
test_00161,59.28075408935547
test_00162,62.67283630371094
test_00163,30.712539672851562
test_00164,80.57697296142578
test_00165,105.44866943359375
test_00166,5.7743682861328125
test_00167,21.528350830078125
test_00168,9.165084838867188
test_00169,19.190414428710938
test_00170,23.92047882080078
test_00171,19.99347686767578
test_00172,1.151947021484375
test_00173,12.385765075683594
test_00174,12.716476440429688
test_00175,140.51669311523438
test_00176,36.0833625793457
test_00177,10.646369934082031
test_00178,10.986129760742188
test_00179,12.586677551269531
test_00180,10.889923095703125
test_00181,26.88616180419922
test_00182,40.579002380371094
test_00183,67.1368179321289
test_00184,81.34538269042969
test_00185,149.6914520263672
test_00186,31.051517486572266
test_00187,25.581424713134766
test_00188,12.66839599609375
test_00189,17.969253540039062
test_00190,41.27919006347656
test_00191,87.74420928955078
test_00192,102.7135238647461
test_00193,26.582027435302734
test_00194,173.18984985351562
test_00195,23.731582641601562
test_00196,6.949493408203125
test_00197,33.82054138183594
test_00198,85.61259460449219
test_00199,199.79879760742188
test_00200,164.70242309570312
test_00201,108.9177474975586
test_00202,41.350624084472656
test_00203,60.17695617675781
test_00204,53.04817199707031
test_00205,55.089569091796875
test_00206,21.002155303955078
test_00207,50.83546829223633
test_00208,139.169677734375
test_00209,47.049827575683594
test_00210,121.40977478027344
test_00211,218.82177734375
test_00212,265.6481628417969
test_00213,119.61599731445312
test_00214,99.98136138916016
test_00215,61.827552795410156
test_00216,179.92843627929688
test_00217,59.93505859375
test_00218,34.62905502319336
test_00219,13.3121337890625
test_00220,24.550457000732422
test_00221,49.33449172973633
test_00222,115.80299377441406
test_00223,3.3101348876953125
test_00224,66.80824279785156
test_00225,0.5752334594726562
test_00226,23.738117218017578
test_00227,11.452720642089844
test_00228,6.7123260498046875
test_00229,70.04793548583984
test_00230,114.21068572998047
test_00231,290.5281677246094
test_00232,224.67892456054688
test_00233,106.81343078613281
test_00234,105.98152160644531
test_00235,11.872367858886719
test_00236,96.07807159423828
test_00237,211.48110961914062
test_00238,22.358089447021484
test_00239,67.84697723388672
test_00240,55.471229553222656
test_00241,10.028251647949219
test_00242,28.792217254638672
test_00243,88.04528045654297
test_00244,62.78233337402344
test_00245,197.32290649414062
test_00246,27.7767333984375
test_00247,74.25361633300781
test_00248,5.654914855957031
test_00249,8.910812377929688
test_00250,9.117851257324219
test_00251,74.7277603149414
test_00252,183.337890625
test_00253,244.16592407226562
test_00254,17.29055404663086
test_00255,65.64415740966797
test_00256,151.5655517578125
test_00257,7.976844787597656
test_00258,133.44602966308594
test_00259,132.04794311523438
test_00260,497.77008056640625
test_00261,74.96870422363281
test_00262,30.298377990722656
test_00263,115.17800903320312
test_00264,179.480224609375
test_00265,6.486724853515625
test_00266,15.488166809082031
test_00267,109.12401580810547
test_00268,227.56710815429688
test_00269,9.334129333496094
test_00270,16.044105529785156
test_00271,8.359710693359375
test_00272,54.2708740234375
test_00273,268.48565673828125
test_00274,205.466796875
test_00275,194.67068481445312
test_00276,401.1719055175781
test_00277,388.49853515625
test_00278,17.56045913696289
test_00279,84.76861572265625
test_00280,166.46011352539062
test_00281,179.81112670898438
test_00282,13.967994689941406
test_00283,138.38848876953125
test_00284,13.840011596679688
test_00285,335.8463439941406
test_00286,280.1136474609375
test_00287,427.03338623046875
test_00288,91.01793670654297
test_00289,288.08612060546875
test_00290,332.2723083496094
test_00291,253.704345703125
test_00292,185.70584106445312
test_00293,107.65455627441406
test_00294,20.93178939819336
test_00295,15.545478820800781
test_00296,1.9366455078125
test_00297,39.07476043701172
test_00298,74.97123718261719
test_00299,10.807853698730469
test_00300,31.044841766357422
test_00301,87.23571014404297
test_00302,124.32014465332031
test_00303,163.4832763671875
test_00304,69.42866516113281
test_00305,7.1283416748046875
test_00306,81.38497924804688
test_00307,10.892341613769531
test_00308,27.615917205810547
test_00309,83.09217834472656
test_00310,200.04701232910156
test_00311,252.507568359375
test_00312,10.607673645019531
test_00313,631.211181640625
test_00314,3.5669097900390625
test_00315,7.8923492431640625
test_00316,93.88844299316406
test_00317,6.810455322265625
test_00318,48.40534973144531
test_00319,78.74181365966797
test_00320,273.77154541015625
test_00321,5.221839904785156
test_00322,7.683685302734375
test_00323,88.69795227050781
test_00324,3.8167953491210938
test_00325,5.277473449707031
test_00326,8.2239990234375
test_00327,109.02816772460938
test_00328,135.7540740966797
test_00329,170.25582885742188
test_00330,263.244873046875
test_00331,296.61956787109375
test_00332,2.481109619140625
test_00333,80.7945327758789
test_00334,153.62628173828125
test_00335,0.0
test_00336,79.25804901123047
test_00337,96.0134506225586
test_00338,17.192947387695312
test_00339,29.284934997558594
test_00340,10.863319396972656
test_00341,25.336448669433594
test_00342,4.739158630371094
test_00343,115.0250244140625
test_00344,189.62240600585938
test_00345,241.52816772460938
test_00346,44.63130569458008
test_00347,21.217605590820312
test_00348,78.29798889160156
test_00349,3.836090087890625
test_00350,10.029335021972656
test_00351,15.628005981445312
test_00352,15.692306518554688
test_00353,89.17544555664062
test_00354,11.382057189941406
test_00355,76.83798217773438
test_00356,223.1834716796875
test_00357,273.6305847167969
test_00358,52.25939178466797
test_00359,41.755584716796875
test_00360,21.47867202758789
test_00361,108.80877685546875
test_00362,54.47816467285156
test_00363,8.319808959960938
test_00364,8.182235717773438
test_00365,12.337432861328125
test_00366,5.289283752441406
test_00367,16.246875762939453
test_00368,5.545021057128906
test_00369,4.141532897949219
test_00370,56.9695930480957
test_00371,57.766658782958984
test_00372,4.1909027099609375
test_00373,15.73638916015625
test_00374,36.451751708984375
test_00375,44.18265914916992
test_00376,83.93558502197266
test_00377,12.625785827636719
test_00378,7.0513153076171875
test_00379,9.602943420410156
test_00380,45.520751953125
test_00381,23.223175048828125
test_00382,94.77066040039062
test_00383,10.164749145507812
test_00384,29.730030059814453
test_00385,80.47777557373047
test_00386,6.2998046875
test_00387,15.185493469238281
test_00388,25.120140075683594
test_00389,84.30611419677734
test_00390,67.40359497070312
test_00391,32.0960578918457
test_00392,5.553047180175781
test_00393,41.18962097167969
test_00394,87.33935546875
test_00395,77.13697052001953
test_00396,73.87619018554688
test_00397,77.22190856933594
test_00398,54.92144012451172
test_00399,151.1477508544922
test_00400,37.47577667236328
test_00401,7.8404998779296875
test_00402,8.670425415039062
test_00403,6.546730041503906
test_00404,14.253395080566406
test_00405,76.28887939453125
test_00406,21.216487884521484
test_00407,35.29545593261719
test_00408,185.52127075195312
test_00409,16.10421371459961
test_00410,26.894615173339844
test_00411,58.4859619140625
test_00412,11.048858642578125
test_00413,15.690467834472656
test_00414,44.7635383605957
test_00415,80.7833480834961
test_00416,105.3388671875
test_00417,82.2668228149414
test_00418,44.24397659301758
test_00419,76.8751220703125
test_00420,22.49571990966797
test_00421,14.613555908203125
test_00422,21.064666748046875
test_00423,17.54825210571289
test_00424,84.24308776855469
test_00425,3.0854110717773438
test_00426,67.8836669921875
test_00427,42.607967376708984
test_00428,55.71760940551758
test_00429,81.79163360595703
test_00430,97.14958190917969
test_00431,63.94072723388672
test_00432,70.21845245361328
test_00433,114.74673461914062
test_00434,71.19923400878906
test_00435,130.6322021484375
test_00436,41.21548843383789
test_00437,4.73040771484375
test_00438,39.65497589111328
test_00439,22.680320739746094
test_00440,30.7149658203125
test_00441,8.292411804199219
test_00442,19.483840942382812
test_00443,20.11859893798828
test_00444,23.71210479736328
test_00445,48.11391067504883
test_00446,140.3792724609375
test_00447,92.268310546875
test_00448,61.00986862182617
test_00449,35.092533111572266
test_00450,12.034011840820312
test_00451,24.13742446899414
test_00452,71.97486114501953
test_00453,65.0137939453125
test_00454,117.64429473876953
test_00455,7.5669097900390625
test_00456,16.256866455078125
test_00457,31.595951080322266
test_00458,98.15447235107422
test_00459,45.606388092041016
test_00460,85.4311752319336
test_00461,72.63114166259766
test_00462,63.94416046142578
test_00463,49.04570770263672
test_00464,87.25798034667969
test_00465,52.88905334472656
test_00466,38.45113754272461
test_00467,7.224693298339844
test_00468,41.56121826171875
test_00469,18.887645721435547
test_00470,27.837841033935547
test_00471,58.87516403198242
test_00472,102.67845153808594
test_00473,24.28171157836914
test_00474,0.0
test_00475,17.035037994384766
test_00476,92.26399230957031
test_00477,145.63726806640625
test_00478,68.2716064453125
test_00479,38.364498138427734
test_00480,24.64775848388672
test_00481,10.006370544433594
test_00482,67.03990936279297
test_00483,140.1842803955078
test_00484,33.388851165771484
test_00485,37.33316421508789
test_00486,60.38964080810547
test_00487,22.4473876953125
test_00488,37.677703857421875
test_00489,62.81504821777344
test_00490,92.17945861816406
test_00491,18.805522918701172
test_00492,37.188899993896484
test_00493,43.918663024902344
test_00494,89.01667022705078
test_00495,33.2794189453125
test_00496,26.77593994140625
test_00497,3.116363525390625
test_00498,18.190826416015625
test_00499,20.125049591064453
test_00500,59.16856384277344
test_00501,54.80701446533203
test_00502,14.011550903320312
test_00503,39.591705322265625
test_00504,44.64141845703125
test_00505,38.11467742919922
test_00506,61.648475646972656
test_00507,48.659019470214844
test_00508,2.1038284301757812
test_00509,10.88623046875
test_00510,7.437896728515625
test_00511,16.354812622070312
test_00512,14.886077880859375
test_00513,12.812339782714844
test_00514,7.1437835693359375
test_00515,16.946155548095703
test_00516,14.025100708007812
test_00517,124.19076538085938
test_00518,33.10597229003906
test_00519,9.3831787109375
test_00520,50.99138641357422
test_00521,6.169456481933594
test_00522,9.007942199707031
test_00523,12.886756896972656
test_00524,20.60467529296875
test_00525,24.977951049804688
test_00526,116.09074401855469
test_00527,25.85910415649414
test_00528,48.58999252319336
test_00529,29.582374572753906
test_00530,24.789997100830078
test_00531,7.128303527832031
test_00532,11.84112548828125
test_00533,24.059856414794922
test_00534,77.4902572631836
test_00535,90.52494049072266
test_00536,12.915885925292969
test_00537,116.18865203857422
test_00538,21.48821258544922
test_00539,12.234710693359375
test_00540,8.686973571777344
test_00541,27.02468490600586
test_00542,106.18412780761719
test_00543,163.88015747070312
test_00544,159.50167846679688
test_00545,119.06028747558594
test_00546,42.99802780151367
test_00547,56.638526916503906
test_00548,63.435211181640625
test_00549,38.19755172729492
test_00550,20.211936950683594
test_00551,59.762596130371094
test_00552,99.28163146972656
test_00553,81.04535675048828
test_00554,111.33769989013672
test_00555,153.2586669921875
test_00556,227.53469848632812
test_00557,152.72781372070312
test_00558,17.78969955444336
test_00559,89.12295532226562
test_00560,139.4753875732422
test_00561,139.6170654296875
test_00562,31.25153350830078
test_00563,8.941436767578125
test_00564,31.63205337524414
test_00565,50.59996032714844
test_00566,96.2018051147461
test_00567,12.362007141113281
test_00568,41.60956573486328
test_00569,3.2581939697265625
test_00570,26.440731048583984
test_00571,8.939987182617188
test_00572,2.4096908569335938
test_00573,64.61543273925781
test_00574,25.6072998046875
test_00575,268.41082763671875
test_00576,232.58969116210938
test_00577,171.4466094970703
test_00578,70.95838928222656
test_00579,19.253990173339844
test_00580,49.575050354003906
test_00581,214.18612670898438
test_00582,24.497318267822266
test_00583,45.55807876586914
test_00584,51.93655014038086
test_00585,53.418251037597656
test_00586,16.110347747802734
test_00587,88.1212158203125
test_00588,106.71118927001953
test_00589,185.05718994140625
test_00590,21.333812713623047
test_00591,57.0947380065918
test_00592,8.830398559570312
test_00593,9.368247985839844
test_00594,10.033409118652344
test_00595,56.16936492919922
test_00596,119.24149322509766
test_00597,200.84158325195312
test_00598,17.510421752929688
test_00599,69.07168579101562
test_00600,108.3795394897461
test_00601,15.755233764648438
test_00602,24.725597381591797
test_00603,83.07354736328125
test_00604,160.29116821289062
test_00605,146.45494079589844
test_00606,30.835376739501953
test_00607,100.37287902832031
test_00608,173.4853973388672
test_00609,12.874244689941406
test_00610,79.44114685058594
test_00611,65.3958511352539
test_00612,204.8829803466797
test_00613,49.49518585205078
test_00614,3.8447113037109375
test_00615,12.296897888183594
test_00616,75.07975769042969
test_00617,157.78146362304688
test_00618,235.8385009765625
test_00619,206.89801025390625
test_00620,296.82489013671875
test_00621,407.1163330078125
test_00622,10.692108154296875
test_00623,58.4908561706543
test_00624,231.86795043945312
test_00625,225.49087524414062
test_00626,9.4735107421875
test_00627,80.29407501220703
test_00628,5.3657379150390625
test_00629,50.10543441772461
test_00630,113.27265930175781
test_00631,360.69842529296875
test_00632,14.121383666992188
test_00633,138.4954833984375
test_00634,154.7293243408203
test_00635,183.99365234375
test_00636,163.381591796875
test_00637,255.37155151367188
test_00638,22.12691879272461
test_00639,9.199958801269531
test_00640,5.890632629394531
test_00641,18.815444946289062
test_00642,24.772457122802734
test_00643,5.837516784667969
test_00644,19.659500122070312
test_00645,100.9103012084961
test_00646,113.27861785888672
test_00647,163.35708618164062
test_00648,53.879024505615234
test_00649,6.932151794433594
test_00650,45.9915657043457
test_00651,13.00311279296875
test_00652,34.713809967041016
test_00653,43.33773422241211
test_00654,98.646240234375
test_00655,196.2981719970703
test_00656,5.9525604248046875
test_00657,268.49993896484375
test_00658,5.9571685791015625
test_00659,13.889900207519531
test_00660,66.7504653930664
test_00661,7.5193023681640625
test_00662,95.30268859863281
test_00663,96.03569030761719
test_00664,244.94189453125
test_00665,9.874259948730469
test_00666,11.580345153808594
test_00667,85.22076416015625
test_00668,4.351631164550781
test_00669,5.4625396728515625
test_00670,10.441551208496094
test_00671,59.040870666503906
test_00672,69.37702178955078
test_00673,81.20156860351562
test_00674,230.7745361328125
test_00675,217.24301147460938
test_00676,7.188697814941406
test_00677,60.5670166015625
test_00678,118.85029602050781
test_00679,0.0
test_00680,34.045047760009766
test_00681,107.79590606689453
test_00682,16.156017303466797
test_00683,26.37828826904297
test_00684,13.319923400878906
test_00685,64.25808715820312
test_00686,68.98013305664062
test_00687,5.553001403808594
test_00688,163.12631225585938
test_00689,199.75723266601562
test_00690,344.92352294921875
test_00691,49.05106735229492
test_00692,25.77731704711914
test_00693,42.517723083496094
test_00694,0.7507171630859375
test_00695,7.7984771728515625
test_00696,10.763282775878906
test_00697,14.3179931640625
test_00698,92.35374450683594
test_00699,9.416770935058594
test_00700,99.2573471069336
test_00701,223.37066650390625
test_00702,297.5715637207031
test_00703,54.82927703857422
test_00704,51.22012710571289
test_00705,40.2952880859375
test_00706,148.5094451904297
test_00707,84.80768585205078
test_00708,5.360282897949219
test_00709,7.0808868408203125
test_00710,11.628288269042969
test_00711,5.016181945800781
test_00712,18.858356475830078
test_00713,7.172935485839844
test_00714,1.9965286254882812
test_00715,59.410186767578125
test_00716,98.1647720336914
test_00717,5.985511779785156
test_00718,5.303642272949219
test_00719,36.80275344848633
test_00720,53.83610153198242
test_00721,71.8870620727539
test_00722,16.587291717529297
test_00723,11.349266052246094
test_00724,15.395523071289062
test_00725,60.025794982910156
test_00726,34.59423828125
test_00727,97.96941375732422
test_00728,13.1912841796875
test_00729,36.704627990722656
test_00730,89.64315032958984
test_00731,6.976493835449219
test_00732,8.349517822265625
test_00733,19.10593032836914
test_00734,117.16321563720703
test_00735,62.22294616699219
test_00736,40.748382568359375
test_00737,1.1446380615234375
test_00738,42.324195861816406
test_00739,118.82239532470703
test_00740,93.11195373535156
test_00741,66.93579864501953
test_00742,55.33095169067383
test_00743,54.08943176269531
test_00744,141.41363525390625
test_00745,212.67422485351562
test_00746,31.867691040039062
test_00747,29.27118682861328
test_00748,81.81043243408203
test_00749,5.9757843017578125
test_00750,13.551422119140625
test_00751,60.55921173095703
test_00752,20.880126953125
test_00753,37.620994567871094
test_00754,169.787109375
test_00755,20.555774688720703
test_00756,27.721031188964844
test_00757,49.919551849365234
test_00758,7.58978271484375
test_00759,14.49615478515625
test_00760,48.151817321777344
test_00761,75.18531799316406
test_00762,89.7040023803711
test_00763,67.30718231201172
test_00764,37.40575408935547
test_00765,66.28150177001953
test_00766,22.53036880493164
test_00767,16.233196258544922
test_00768,19.562171936035156
test_00769,16.86365509033203
test_00770,85.0513687133789
test_00771,5.677581787109375
test_00772,76.76676177978516
test_00773,34.34947967529297
test_00774,24.118507385253906
test_00775,44.80500793457031
test_00776,103.89306640625
test_00777,62.93149185180664
test_00778,82.13793182373047
test_00779,90.83467864990234
test_00780,55.632301330566406
test_00781,107.85894775390625
test_00782,48.353004455566406
test_00783,5.839042663574219
test_00784,14.497955322265625
test_00785,26.403419494628906
test_00786,30.62009048461914
test_00787,10.743476867675781
test_00788,20.981468200683594
test_00789,15.993766784667969
test_00790,21.342239379882812
test_00791,41.86231994628906
test_00792,147.53819274902344
test_00793,60.167327880859375
test_00794,50.76182556152344
test_00795,16.022815704345703
test_00796,6.260154724121094
test_00797,18.750465393066406
test_00798,36.397926330566406
test_00799,78.48062133789062
test_00800,76.72850799560547
test_00801,118.40937042236328
test_00802,4.724891662597656
test_00803,7.946250915527344
test_00804,18.007404327392578
test_00805,85.61811065673828
test_00806,63.287681579589844
test_00807,85.71422576904297
test_00808,63.003578186035156
test_00809,90.2995834350586
test_00810,72.9565658569336
test_00811,102.51036834716797
test_00812,65.46244049072266
test_00813,38.558990478515625
test_00814,12.255897521972656
test_00815,46.29707336425781
test_00816,16.011329650878906
test_00817,22.90106964111328
test_00818,68.15436553955078
test_00819,106.58735656738281
test_00820,35.90869140625
test_00821,3.2369461059570312
test_00822,18.392234802246094
test_00823,99.09262084960938
test_00824,151.64938354492188
test_00825,76.46200561523438
test_00826,12.261741638183594
test_00827,30.826297760009766
test_00828,12.98040771484375
test_00829,70.46693420410156
test_00830,139.4166717529297
test_00831,40.74669647216797
test_00832,35.070621490478516
test_00833,55.051544189453125
test_00834,29.44213104248047
test_00835,41.78110122680664
test_00836,63.75492858886719
test_00837,90.63219451904297
test_00838,20.74749755859375
test_00839,35.40578079223633
test_00840,46.31877517700195
test_00841,110.88471984863281
test_00842,107.65357208251953
test_00843,5.1359710693359375
test_00844,23.380874633789062
test_00845,7.709541320800781
test_00846,9.413558959960938
test_00847,26.897544860839844
test_00848,51.30640411376953
test_00849,42.37001037597656
test_00850,15.159439086914062
test_00851,33.51696014404297
test_00852,50.551673889160156
test_00853,36.26097869873047
test_00854,61.018157958984375
test_00855,43.39570617675781
test_00856,2.2194900512695312
test_00857,10.308357238769531
test_00858,5.01959228515625
test_00859,7.3353271484375
test_00860,15.469001770019531
test_00861,12.316398620605469
test_00862,0.03228759765625
test_00863,10.812843322753906
test_00864,12.005630493164062
test_00865,116.0714111328125
test_00866,24.8319091796875
test_00867,10.308403015136719
test_00868,49.08245849609375
test_00869,6.2593841552734375
test_00870,11.882614135742188
test_00871,13.079200744628906
test_00872,20.52947235107422
test_00873,18.517799377441406
test_00874,122.95105743408203
test_00875,24.1234130859375
test_00876,37.8244743347168
test_00877,23.796920776367188
test_00878,21.898357391357422
test_00879,7.369087219238281
test_00880,9.385757446289062
test_00881,73.66313934326172
test_00882,23.396484375
test_00883,114.63229370117188
test_00884,19.389305114746094
test_00885,8.228805541992188
test_00886,4.901702880859375
test_00887,23.269641876220703
test_00888,97.51473236083984
test_00889,162.95913696289062
test_00890,145.41424560546875
test_00891,86.98957061767578
test_00892,39.21900177001953
test_00893,72.07243347167969
test_00894,67.78521728515625
test_00895,35.45401382446289
test_00896,143.4544219970703
test_00897,143.49119567871094
test_00898,10.019950866699219
test_00899,76.08932495117188
test_00900,149.27178955078125
test_00901,136.9801025390625
test_00902,32.35026550292969
test_00903,4.479164123535156
test_00904,17.797138214111328
test_00905,44.26890182495117
test_00906,18.743064880371094
test_00907,34.371822357177734
test_00908,0.7872238159179688
test_00909,32.28449630737305
test_00910,5.447761535644531
test_00911,10.826828002929688
test_00912,61.550872802734375
test_00913,23.998836517333984
test_00914,182.79507446289062
test_00915,250.1781005859375
test_00916,187.0009002685547
test_00917,51.55100631713867
test_00918,6.399024963378906
test_00919,54.30512237548828
test_00920,208.5552978515625
test_00921,15.512901306152344
test_00922,22.314945220947266
test_00923,50.54377746582031
test_00924,30.579505920410156
test_00925,26.055419921875
test_00926,79.6734390258789
test_00927,109.2109375
test_00928,182.01776123046875
test_00929,16.627269744873047
test_00930,58.838111877441406
test_00931,7.057685852050781
test_00932,10.668853759765625
test_00933,4.8921051025390625
test_00934,71.86299896240234
test_00935,114.00743103027344
test_00936,201.12188720703125
test_00937,2.850738525390625
test_00938,70.92493438720703
test_00939,95.45667266845703
test_00940,7.0988311767578125
test_00941,15.578536987304688
test_00942,71.41004943847656
test_00943,166.9262237548828
test_00944,131.51016235351562
test_00945,25.844375610351562
test_00946,52.723472595214844
test_00947,141.34310913085938
test_00948,13.5556640625
test_00949,28.873077392578125
test_00950,64.2513427734375
test_00951,195.23487854003906
test_00952,98.44149780273438
test_00953,9.026123046875
test_00954,8.294281005859375
test_00955,84.0522689819336
test_00956,133.72938537597656
test_00957,231.82342529296875
test_00958,213.03146362304688
test_00959,363.9872131347656
test_00960,391.7373352050781
test_00961,7.433746337890625
test_00962,43.0781364440918
test_00963,205.2088165283203
test_00964,196.2946014404297
test_00965,11.597755432128906
test_00966,73.15072631835938
test_00967,8.119010925292969
test_00968,60.12545394897461
test_00969,128.21226501464844
test_00970,177.51443481445312
test_00971,15.542457580566406
test_00972,127.52336120605469
test_00973,69.37586212158203
test_00974,205.0513916015625
test_00975,165.49037170410156
test_00976,197.36685180664062
test_00977,23.996410369873047
test_00978,12.481369018554688
test_00979,4.469215393066406
test_00980,7.9978485107421875
test_00981,20.11125946044922
test_00982,12.404434204101562
test_00983,26.81375503540039
test_00984,114.22369384765625
test_00985,128.82118225097656
test_00986,126.5103988647461
test_00987,49.818756103515625
test_00988,3.253326416015625
test_00989,62.0106201171875
test_00990,10.179290771484375
test_00991,40.27593231201172
test_00992,47.4286994934082
test_00993,140.2163848876953
test_00994,195.06149291992188
test_00995,10.315597534179688
test_00996,288.2567138671875
test_00997,5.709259033203125
test_00998,8.296112060546875
test_00999,66.45076751708984
test_01000,4.9261016845703125
test_01001,75.8211669921875
test_01002,109.42263793945312
test_01003,226.53695678710938
test_01004,9.936302185058594
test_01005,13.26751708984375
test_01006,87.29896545410156
test_01007,5.2588958740234375
test_01008,6.2404327392578125
test_01009,7.489295959472656
test_01010,56.907958984375
test_01011,87.83311462402344
test_01012,45.92582702636719
test_01013,220.43389892578125
test_01014,235.66464233398438
test_01015,3.5347518920898438
test_01016,56.777618408203125
test_01017,108.43456268310547
test_01018,0.0
test_01019,32.53227996826172
test_01020,93.00411224365234
test_01021,10.697502136230469
test_01022,20.423564910888672
test_01023,16.84215545654297
test_01024,29.46157455444336
test_01025,85.37256622314453
test_01026,5.5602264404296875
test_01027,201.921142578125
test_01028,100.97123718261719
test_01029,352.4374084472656
test_01030,67.05794525146484
test_01031,48.65244674682617
test_01032,102.31719970703125
test_01033,4.493988037109375
test_01034,4.839874267578125
test_01035,11.121467590332031
test_01036,20.371875762939453
test_01037,119.50747680664062
test_01038,6.98577880859375
test_01039,119.29557037353516
test_01040,292.3647155761719
test_01041,293.5245666503906
test_01042,61.426551818847656
test_01043,47.534080505371094
test_01044,58.354434967041016
test_01045,132.17623901367188
test_01046,53.63878631591797
test_01047,17.223434448242188
test_01048,47.19651794433594
test_01049,14.597084045410156
test_01050,54.120304107666016
test_01051,8.393775939941406
test_01052,10.698539733886719
test_01053,125.49321746826172
test_01054,62.37364196777344
test_01055,5.1605072021484375
test_01056,13.710273742675781
test_01057,80.43797302246094
test_01058,104.80081176757812
test_01059,122.458251953125
test_01060,28.597698211669922
test_01061,19.08214569091797
test_01062,56.87789535522461
test_01063,65.38803100585938
test_01064,41.2033576965332
test_01065,96.773193359375
test_01066,67.40611267089844
test_01067,36.79372024536133
test_01068,106.13584899902344
test_01069,5.911231994628906
test_01070,15.656562805175781
test_01071,32.76359939575195
test_01072,70.14987182617188
test_01073,88.13650512695312
test_01074,45.97235107421875
test_01075,24.016521453857422
test_01076,76.31713104248047
test_01077,69.88348388671875
test_01078,103.79428100585938
test_01079,103.9198989868164
test_01080,67.05792999267578
test_01081,213.98831176757812
test_01082,38.48215103149414
test_01083,14.863471984863281
test_01084,60.96710205078125
test_01085,41.81404495239258
test_01086,26.794078826904297
test_01087,72.91696166992188
test_01088,27.505210876464844
test_01089,55.76782989501953
test_01090,169.26345825195312
test_01091,26.29592514038086
test_01092,33.98245620727539
test_01093,65.37544250488281
test_01094,48.42556381225586
test_01095,43.660396575927734
test_01096,49.571067810058594
test_01097,82.72510528564453
test_01098,132.44900512695312
test_01099,85.82980346679688
test_01100,73.98188018798828
test_01101,87.46733093261719
test_01102,58.491119384765625
test_01103,10.798255920410156
test_01104,24.899654388427734
test_01105,77.96792602539062
test_01106,42.283145904541016
test_01107,12.282150268554688
test_01108,99.76001739501953
test_01109,39.44999313354492
test_01110,40.297969818115234
test_01111,41.71897888183594
test_01112,75.23391723632812
test_01113,131.97720336914062
test_01114,92.60595703125
test_01115,181.01309204101562
test_01116,40.56904983520508
test_01117,10.491569519042969
test_01118,59.450950622558594
test_01119,69.98615264892578
test_01120,61.229736328125
test_01121,15.390541076660156
test_01122,32.92576599121094
test_01123,31.23882293701172
test_01124,38.84260559082031
test_01125,109.1014633178711
test_01126,86.27151489257812
test_01127,170.8021240234375
test_01128,60.045265197753906
test_01129,125.08849334716797
test_01130,6.332122802734375
test_01131,16.646541595458984
test_01132,27.80431365966797
test_01133,73.43207550048828
test_01134,105.40361022949219
test_01135,120.90982055664062
test_01136,71.73792266845703
test_01137,38.11184310913086
test_01138,40.95484161376953
test_01139,135.2330780029297
test_01140,48.0172119140625
test_01141,94.84554290771484
test_01142,91.52420043945312
test_01143,92.25355529785156
test_01144,93.58547973632812
test_01145,155.1118621826172
test_01146,133.8568572998047
test_01147,24.242450714111328
test_01148,29.428932189941406
test_01149,32.665565490722656
test_01150,40.687355041503906
test_01151,99.64596557617188
test_01152,103.85490417480469
test_01153,101.56990814208984
test_01154,0.0
test_01155,33.29377365112305
test_01156,73.17144775390625
test_01157,33.3861198425293
test_01158,57.08655548095703
test_01159,114.64784240722656
test_01160,48.37752151489258
test_01161,67.06304168701172
test_01162,182.86529541015625
test_01163,87.07594299316406
test_01164,102.37920379638672
test_01165,76.35633850097656
test_01166,136.6158905029297
test_01167,27.43911361694336
test_01168,54.5072021484375
test_01169,48.56141662597656
test_01170,77.25467681884766
test_01171,88.07946014404297
test_01172,64.97415924072266
test_01173,38.211490631103516
test_01174,16.32257843017578
test_01175,8.789306640625
test_01176,33.08909225463867
test_01177,93.54177856445312
test_01178,66.45500183105469
test_01179,36.957820892333984
test_01180,77.58457946777344
test_01181,71.33125305175781
test_01182,39.57044982910156
test_01183,89.81893157958984
test_01184,124.70561218261719
test_01185,7.631492614746094
test_01186,31.826358795166016
test_01187,12.299697875976562
test_01188,18.69652557373047
test_01189,31.363651275634766
test_01190,19.478485107421875
test_01191,2.1435623168945312
test_01192,11.937942504882812
test_01193,15.700294494628906
test_01194,134.52503967285156
test_01195,35.58723068237305
test_01196,11.374351501464844
test_01197,48.862613677978516
test_01198,15.167259216308594
test_01199,14.166885375976562
test_01200,15.9906005859375
test_01201,33.599613189697266
test_01202,43.25807571411133
test_01203,68.30326843261719
test_01204,78.646240234375
test_01205,157.35153198242188
test_01206,31.910430908203125
test_01207,27.43830108642578
test_01208,16.704612731933594
test_01209,32.410457611083984
test_01210,47.78575134277344
test_01211,84.02698516845703
test_01212,102.85459899902344
test_01213,34.94805908203125
test_01214,185.7694854736328
test_01215,36.68463897705078
test_01216,10.057937622070312
test_01217,10.109352111816406
test_01218,44.71122741699219
test_01219,95.55848693847656
test_01220,226.47052001953125
test_01221,193.34255981445312
test_01222,116.81758880615234
test_01223,65.57319641113281
test_01224,54.42411804199219
test_01225,52.98942565917969
test_01226,24.568950653076172
test_01227,60.930931091308594
test_01228,178.65371704101562
test_01229,47.82807540893555
test_01230,127.35321044921875
test_01231,304.6162414550781
test_01232,128.66433715820312
test_01233,112.50492858886719
test_01234,61.52726745605469
test_01235,209.80828857421875
test_01236,47.13859176635742
test_01237,44.00028991699219
test_01238,8.786209106445312
test_01239,19.102222442626953
test_01240,53.0867919921875
test_01241,129.92080688476562
test_01242,3.2587356567382812
test_01243,2.9458236694335938
test_01244,28.113296508789062
test_01245,12.000846862792969
test_01246,11.791313171386719
test_01247,78.88114166259766
test_01248,164.06829833984375
test_01249,281.9208984375
test_01250,255.31338500976562
test_01251,114.1163558959961
test_01252,124.48041534423828
test_01253,12.440338134765625
test_01254,99.35177612304688
test_01255,189.46400451660156
test_01256,97.31877136230469
test_01257,57.874916076660156
test_01258,53.447113037109375
test_01259,5.1663360595703125
test_01260,17.66024398803711
test_01261,89.75289916992188
test_01262,68.99796295166016
test_01263,198.04006958007812
test_01264,28.244586944580078
test_01265,79.68456268310547
test_01266,8.373115539550781
test_01267,9.382804870605469
test_01268,32.44178771972656
test_01269,102.69490814208984
test_01270,207.0413818359375
test_01271,280.8206787109375
test_01272,18.871849060058594
test_01273,147.1228790283203
test_01274,161.51385498046875
test_01275,8.089485168457031
test_01276,128.3116912841797
test_01277,206.29727172851562
test_01278,528.64794921875
test_01279,73.56542205810547
test_01280,43.69264221191406
test_01281,115.30522155761719
test_01282,223.01480102539062
test_01283,9.142333984375
test_01284,14.416481018066406
test_01285,216.0262451171875
test_01286,236.51754760742188
test_01287,9.327095031738281
test_01288,12.631439208984375
test_01289,8.432518005371094
test_01290,94.79796600341797
test_01291,290.70379638671875
test_01292,219.61965942382812
test_01293,240.80960083007812
test_01294,428.9253845214844
test_01295,479.3406066894531
test_01296,19.319473266601562
test_01297,106.44190979003906
test_01298,146.89736938476562
test_01299,174.26541137695312
test_01300,9.234329223632812
test_01301,155.19351196289062
test_01302,16.31954574584961
test_01303,409.68182373046875
test_01304,369.6145935058594
test_01305,376.23687744140625
test_01306,102.99525451660156
test_01307,345.0084228515625
test_01308,334.1385192871094
test_01309,265.6408386230469
test_01310,163.35211181640625
test_01311,136.02728271484375
test_01312,22.937896728515625
test_01313,16.010425567626953
test_01314,4.0117645263671875
test_01315,54.18681716918945
test_01316,80.92266082763672
test_01317,9.741233825683594
test_01318,37.36748504638672
test_01319,95.2011947631836
test_01320,141.7960205078125
test_01321,185.67446899414062
test_01322,70.02364349365234
test_01323,4.470802307128906
test_01324,83.66780090332031
test_01325,17.77538299560547
test_01326,38.63669967651367
test_01327,111.02007293701172
test_01328,135.68373107910156
test_01329,313.7220153808594
test_01330,12.5455322265625
test_01331,541.6458740234375
test_01332,6.017425537109375
test_01333,12.137847900390625
test_01334,79.00328826904297
test_01335,5.6855010986328125
test_01336,85.64288330078125
test_01337,315.1275939941406
test_01338,5.336082458496094
test_01339,10.766571044921875
test_01340,68.88166809082031
test_01341,8.925788879394531
test_01342,13.82666015625
test_01343,17.633529663085938
test_01344,137.53378295898438
test_01345,161.71823120117188
test_01346,201.46275329589844
test_01347,268.31060791015625
test_01348,249.7684326171875
test_01349,4.299812316894531
test_01350,96.79745483398438
test_01351,157.42672729492188
test_01352,1.3807296752929688
test_01353,77.9816665649414
test_01354,102.23792266845703
test_01355,15.832000732421875
test_01356,22.218894958496094
test_01357,11.023574829101562
test_01358,26.119396209716797
test_01359,114.031982421875
test_01360,4.781105041503906
test_01361,169.31504821777344
test_01362,133.845458984375
test_01363,353.3091125488281
test_01364,80.65151977539062
test_01365,56.14894485473633
test_01366,77.37683868408203
test_01367,2.1095962524414062
test_01368,3.005523681640625
test_01369,7.102386474609375
test_01370,14.973091125488281
test_01371,111.42704010009766
test_01372,5.423774719238281
test_01373,103.79791259765625
test_01374,281.0201110839844
test_01375,311.8883361816406
test_01376,67.21985626220703
test_01377,45.596771240234375
test_01378,48.265602111816406
test_01379,127.12085723876953
test_01380,57.300601959228516
test_01381,13.485542297363281
test_01382,34.01130294799805
test_01383,41.88735580444336
test_01384,14.627021789550781
test_01385,44.5863151550293
test_01386,6.179054260253906
test_01387,7.651115417480469
test_01388,123.02651977539062
test_01389,63.720367431640625
test_01390,4.836463928222656
test_01391,9.549858093261719
test_01392,63.532833099365234
test_01393,110.61128234863281
test_01394,128.8157501220703
test_01395,29.987823486328125
test_01396,16.975276947021484
test_01397,56.048362731933594
test_01398,61.48249816894531
test_01399,83.40099334716797
test_01400,98.37006378173828
test_01401,39.45657730102539
test_01402,92.77664947509766
test_01403,11.983978271484375
test_01404,17.39026641845703
test_01405,35.990230560302734
test_01406,72.15679168701172
test_01407,78.26655578613281
test_01408,37.56161117553711
test_01409,17.709369659423828
test_01410,53.849082946777344
test_01411,59.10663604736328
test_01412,74.56683349609375
test_01413,93.0321044921875
test_01414,131.13328552246094
test_01415,58.691917419433594
test_01416,185.58370971679688
test_01417,202.12527465820312
test_01418,31.90304946899414
test_01419,23.283615112304688
test_01420,58.877464294433594
test_01421,14.255050659179688
test_01422,17.81153106689453
test_01423,61.20461654663086
test_01424,26.78585433959961
test_01425,40.95774841308594
test_01426,183.48406982421875
test_01427,17.93001937866211
test_01428,24.636981964111328
test_01429,63.14999008178711
test_01430,38.38485336303711
test_01431,37.278663635253906
test_01432,47.43511962890625
test_01433,84.22151184082031
test_01434,91.45571899414062
test_01435,86.22537994384766
test_01436,69.97842407226562
test_01437,89.23187255859375
test_01438,58.73821258544922
test_01439,15.69287109375
test_01440,16.540794372558594
test_01441,52.88224411010742
test_01442,36.38260269165039
test_01443,4.670097351074219
test_01444,97.69709014892578
test_01445,40.97174072265625
test_01446,43.05647659301758
test_01447,42.39725875854492
test_01448,72.64569854736328
test_01449,68.27670288085938
test_01450,95.9781723022461
test_01451,130.88119506835938
test_01452,98.87730407714844
test_01453,202.23419189453125
test_01454,36.06707000732422
test_01455,6.288459777832031
test_01456,69.54928588867188
test_01457,37.99153137207031
test_01458,66.52523803710938
test_01459,16.63039779663086
test_01460,30.23218536376953
test_01461,31.364227294921875
test_01462,37.25405502319336
test_01463,112.8876953125
test_01464,94.86568450927734
test_01465,172.99923706054688
test_01466,68.11018371582031
test_01467,82.42192840576172
test_01468,5.974555969238281
test_01469,13.533416748046875
test_01470,27.394184112548828
test_01471,74.51423645019531
test_01472,109.48477935791016
test_01473,126.26031494140625
test_01474,81.03695678710938
test_01475,31.219772338867188
test_01476,28.843433380126953
test_01477,117.89226531982422
test_01478,48.57597351074219
test_01479,87.68578338623047
test_01480,106.69245147705078
test_01481,67.19678497314453
test_01482,66.66087341308594
test_01483,127.38935852050781
test_01484,101.07658386230469
test_01485,83.2340087890625
test_01486,19.036376953125
test_01487,50.46983337402344
test_01488,44.543209075927734
test_01489,40.02531051635742
test_01490,109.87218475341797
test_01491,133.8746337890625
test_01492,84.2397232055664
test_01493,0.0
test_01494,55.74150848388672
test_01495,126.36968231201172
test_01496,34.746551513671875
test_01497,48.76885986328125
test_01498,9.972496032714844
test_01499,122.51997375488281
test_01500,135.37222290039062
test_01501,59.09499740600586
test_01502,70.71100616455078
test_01503,154.55715942382812
test_01504,69.99796295166016
test_01505,92.90827941894531
test_01506,74.6316146850586
test_01507,111.84735870361328
test_01508,26.785213470458984
test_01509,48.527992248535156
test_01510,52.73741912841797
test_01511,76.69388580322266
test_01512,91.50814056396484
test_01513,83.95111083984375
test_01514,32.34342575073242
test_01515,15.122734069824219
test_01516,6.7750091552734375
test_01517,26.36144256591797
test_01518,86.60543060302734
test_01519,63.68559265136719
test_01520,31.74115753173828
test_01521,69.6472396850586
test_01522,70.96294403076172
test_01523,34.30638885498047
test_01524,111.79081726074219
test_01525,128.4727783203125
test_01526,3.3530349731445312
test_01527,31.953594207763672
test_01528,7.3459014892578125
test_01529,19.749427795410156
test_01530,22.459880828857422
test_01531,19.470165252685547
test_01532,4.899009704589844
test_01533,20.91425323486328
test_01534,21.90192413330078
test_01535,139.32644653320312
test_01536,29.031909942626953
test_01537,22.09314727783203
test_01538,57.455406188964844
test_01539,17.47762680053711
test_01540,10.784912109375
test_01541,8.108367919921875
test_01542,37.16077423095703
test_01543,38.76220703125
test_01544,76.07275390625
test_01545,55.027523040771484
test_01546,148.66041564941406
test_01547,37.08290481567383
test_01548,23.939830780029297
test_01549,11.111663818359375
test_01550,26.076812744140625
test_01551,48.20153045654297
test_01552,95.26557922363281
test_01553,77.8738021850586
test_01554,32.68207931518555
test_01555,175.65667724609375
test_01556,23.93386459350586
test_01557,8.075599670410156
test_01558,14.636337280273438
test_01559,40.000247955322266
test_01560,98.65815734863281
test_01561,200.76052856445312
test_01562,174.4608612060547
test_01563,107.08987426757812
test_01564,41.58680725097656
test_01565,64.2454605102539
test_01566,52.65561294555664
test_01567,53.762062072753906
test_01568,17.439754486083984
test_01569,49.85218048095703
test_01570,168.0857391357422
test_01571,51.89888381958008
test_01572,120.53055572509766
test_01573,251.77606201171875
test_01574,262.4669494628906
test_01575,125.86707305908203
test_01576,124.31520080566406
test_01577,84.8581771850586
test_01578,236.50588989257812
test_01579,67.30569458007812
test_01580,37.746612548828125
test_01581,6.003517150878906
test_01582,21.860767364501953
test_01583,79.83800506591797
test_01584,111.1535873413086
test_01585,9.383544921875
test_01586,53.756919860839844
test_01587,0.9709014892578125
test_01588,25.790836334228516
test_01589,13.151565551757812
test_01590,8.11834716796875
test_01591,72.45547485351562
test_01592,145.77139282226562
test_01593,256.43780517578125
test_01594,225.77053833007812
test_01595,112.11984252929688
test_01596,122.17477416992188
test_01597,11.339927673339844
test_01598,98.85714721679688
test_01599,210.30917358398438
test_01600,127.26689910888672
test_01601,76.42512512207031
test_01602,60.09974670410156
test_01603,22.78388214111328
test_01604,14.609886169433594
test_01605,80.50891876220703
test_01606,64.43724822998047
test_01607,197.6246795654297
test_01608,41.28938293457031
test_01609,71.28042602539062
test_01610,7.7514801025390625
test_01611,6.957611083984375
test_01612,18.419357299804688
test_01613,101.90995788574219
test_01614,202.495361328125
test_01615,293.35693359375
test_01616,18.463241577148438
test_01617,105.07762145996094
test_01618,139.04739379882812
test_01619,4.563728332519531
test_01620,139.60215759277344
test_01621,178.8192138671875
test_01622,456.7825012207031
test_01623,93.96124267578125
test_01624,35.123836517333984
test_01625,122.25981140136719
test_01626,190.38063049316406
test_01627,8.56671142578125
test_01628,19.316593170166016
test_01629,155.26852416992188
test_01630,225.63998413085938
test_01631,7.465797424316406
test_01632,15.380653381347656
test_01633,12.264350891113281
test_01634,79.53295135498047
test_01635,267.5948791503906
test_01636,236.03436279296875
test_01637,199.94395446777344
test_01638,395.44586181640625
test_01639,485.843017578125
test_01640,18.119895935058594
test_01641,92.64996337890625
test_01642,174.18585205078125
test_01643,174.480224609375
test_01644,11.584724426269531
test_01645,155.01800537109375
test_01646,9.133758544921875
test_01647,353.8819580078125
test_01648,248.37387084960938
test_01649,410.99346923828125
test_01650,171.42788696289062
test_01651,279.46002197265625
test_01652,256.2104187011719
test_01653,174.98049926757812
test_01654,143.6136932373047
test_01655,29.53490447998047
test_01656,10.007987976074219
test_01657,4.1295928955078125
test_01658,69.02381896972656
test_01659,88.40471649169922
test_01660,9.30572509765625
test_01661,32.63982391357422
test_01662,89.77224731445312
test_01663,120.24691772460938
test_01664,177.18527221679688
test_01665,54.571937561035156
test_01666,1.9052658081054688
test_01667,75.26348876953125
test_01668,8.118919372558594
test_01669,23.17974853515625
test_01670,79.7839126586914
test_01671,175.25201416015625
test_01672,277.03076171875
test_01673,6.367927551269531
test_01674,550.7542724609375
test_01675,5.471763610839844
test_01676,9.061126708984375
test_01677,63.00033950805664
test_01678,1.5839385986328125
test_01679,53.9157600402832
test_01680,82.1847915649414
test_01681,5.864952087402344
test_01682,6.569999694824219
test_01683,59.660465240478516
test_01684,4.78363037109375
test_01685,8.092292785644531
test_01686,11.037155151367188
test_01687,121.42422485351562
test_01688,146.2107696533203
test_01689,162.84803771972656
test_01690,248.890625
test_01691,269.2681884765625
test_01692,1.4235763549804688
test_01693,87.4986572265625
test_01694,138.60720825195312
test_01695,0.0
test_01696,80.1539077758789
test_01697,90.4837646484375
test_01698,20.67306900024414
test_01699,36.384395599365234
test_01700,7.560638427734375
test_01701,23.635162353515625
test_01702,68.31761932373047
test_01703,8.348442077636719
test_01704,152.72830200195312
test_01705,176.65716552734375
test_01706,332.4557189941406
test_01707,83.78668975830078
test_01708,55.72214126586914
test_01709,52.633705139160156
test_01710,1.1243743896484375
test_01711,5.536476135253906
test_01712,5.860664367675781
test_01713,12.879074096679688
test_01714,94.84001159667969
test_01715,1.3227157592773438
test_01716,114.72105407714844
test_01717,259.2693176269531
test_01718,348.2937927246094
test_01719,84.21206665039062
test_01720,49.57823944091797
test_01721,50.841915130615234
test_01722,115.29920959472656
test_01723,54.40669250488281
test_01724,3.5409927368164062
test_01725,37.3342170715332
test_01726,55.18910217285156
test_01727,9.9912109375
test_01728,64.62063598632812
test_01729,2.1104278564453125
test_01730,6.765419006347656
test_01731,89.56879425048828
test_01732,66.36589050292969
test_01733,2.2581863403320312
test_01734,9.641555786132812
test_01735,63.72782516479492
test_01736,125.7787094116211
test_01737,80.11812591552734
test_01738,14.544830322265625
test_01739,12.476333618164062
test_01740,51.37677764892578
test_01741,53.040611267089844
test_01742,38.97426986694336
test_01743,123.54269409179688
test_01744,128.09201049804688
test_01745,64.91670227050781
test_01746,90.83103942871094
test_01747,13.544563293457031
test_01748,31.03082275390625
test_01749,37.88865280151367
test_01750,70.96776580810547
test_01751,78.43435668945312
test_01752,15.490287780761719
test_01753,6.2974395751953125
test_01754,53.67396545410156
test_01755,55.55961608886719
test_01756,75.64990997314453
test_01757,74.9180908203125
test_01758,69.52810668945312
test_01759,46.36866760253906
test_01760,228.300048828125
test_01761,203.01589965820312
test_01762,19.036949157714844
test_01763,9.040550231933594
test_01764,17.84278106689453
test_01765,49.89575958251953
test_01766,8.505699157714844
test_01767,16.87442398071289
test_01768,60.55379867553711
test_01769,28.30298614501953
test_01770,48.31557083129883
test_01771,189.60671997070312
test_01772,20.275310516357422
test_01773,33.5617561340332
test_01774,58.912601470947266
test_01775,51.57469940185547
test_01776,40.57160186767578
test_01777,54.12214660644531
test_01778,87.70735168457031
test_01779,97.51461029052734
test_01780,85.14501190185547
test_01781,41.216251373291016
test_01782,77.74687194824219
test_01783,28.547893524169922
test_01784,7.285774230957031
test_01785,13.317924499511719
test_01786,54.82191467285156
test_01787,16.574947357177734
test_01788,93.3515396118164
test_01789,35.033485412597656
test_01790,37.301795959472656
test_01791,63.81919860839844
test_01792,50.886802673339844
test_01793,65.68917083740234
test_01794,115.47892761230469
test_01795,88.7183837890625
test_01796,244.54342651367188
test_01797,39.982975006103516
test_01798,4.4547576904296875
test_01799,37.9824333190918
test_01800,25.324951171875
test_01801,53.118751525878906
test_01802,7.867462158203125
test_01803,30.791725158691406
test_01804,27.18030548095703
test_01805,36.59707260131836
test_01806,72.84915161132812
test_01807,101.72871398925781
test_01808,115.66357421875
test_01809,78.70092010498047
test_01810,22.365840911865234
test_01811,5.748085021972656
test_01812,11.198677062988281
test_01813,35.396461486816406
test_01814,88.22522735595703
test_01815,94.01309204101562
test_01816,106.26172637939453
test_01817,53.565338134765625
test_01818,28.29074478149414
test_01819,36.12327575683594
test_01820,101.66529846191406
test_01821,52.61035919189453
test_01822,99.47795104980469
test_01823,86.54631805419922
test_01824,61.379432678222656
test_01825,100.14933013916016
test_01826,111.5406265258789
test_01827,81.38916015625
test_01828,70.36368560791016
test_01829,15.894027709960938
test_01830,43.81310272216797
test_01831,25.62511444091797
test_01832,29.93649673461914
test_01833,77.12315368652344
test_01834,107.35072326660156
test_01835,61.84144973754883
test_01836,0.0
test_01837,26.466243743896484
test_01838,55.674774169921875
test_01839,139.66650390625
test_01840,143.20314025878906
test_01841,34.659568786621094
test_01842,33.658626556396484
test_01843,6.571678161621094
test_01844,84.08108520507812
test_01845,116.41966247558594
test_01846,50.42267990112305
test_01847,75.84420776367188
test_01848,65.75746154785156
test_01849,22.918865203857422
test_01850,35.175045013427734
test_01851,76.87592315673828
test_01852,88.79409790039062
test_01853,23.107593536376953
test_01854,39.781166076660156
test_01855,43.86789321899414
test_01856,65.44811248779297
test_01857,108.23184967041016
test_01858,30.801483154296875
test_01859,39.05712890625
test_01860,14.949378967285156
test_01861,8.749298095703125
test_01862,24.356739044189453
test_01863,71.8403091430664
test_01864,63.69917297363281
test_01865,26.15705108642578
test_01866,65.01127624511719
test_01867,75.4538345336914
test_01868,46.969268798828125
test_01869,98.51226806640625
test_01870,83.59344482421875
test_01871,2.3613662719726562
test_01872,4.7485504150390625
test_01873,6.73565673828125
test_01874,9.312858581542969
test_01875,25.407215118408203
test_01876,10.578437805175781
test_01877,0.0
test_01878,21.628032684326172
test_01879,14.093482971191406
test_01880,140.278564453125
test_01881,13.955726623535156
test_01882,56.11840057373047
test_01883,6.950965881347656
test_01884,7.461372375488281
test_01885,10.294090270996094
test_01886,29.942890167236328
test_01887,37.57721710205078
test_01888,94.26698303222656
test_01889,45.53807830810547
test_01890,165.03160095214844
test_01891,70.64368438720703
test_01892,20.41716766357422
test_01893,14.336532592773438
test_01894,21.85116958618164
test_01895,90.02120208740234
test_01896,81.34541320800781
test_01897,91.4752426147461
test_01898,207.29238891601562
test_01899,27.51834487915039
test_01900,9.113372802734375
test_01901,11.164772033691406
test_01902,195.98519897460938
test_01903,201.42547607421875
test_01904,98.8899917602539
test_01905,34.709354400634766
test_01906,58.98503112792969
test_01907,62.43632888793945
test_01908,45.55812072753906
test_01909,36.79126739501953
test_01910,84.07196044921875
test_01911,154.70700073242188
test_01912,76.01201629638672
test_01913,121.33888244628906
test_01914,193.32589721679688
test_01915,255.46014404296875
test_01916,138.71148681640625
test_01917,102.53512573242188
test_01918,81.71516418457031
test_01919,193.30699157714844
test_01920,83.18925476074219
test_01921,51.142539978027344
test_01922,17.05111312866211
test_01923,17.03839874267578
test_01924,33.29131317138672
test_01925,93.63262176513672
test_01926,9.820465087890625
test_01927,36.79375076293945
test_01928,2.8458480834960938
test_01929,23.877777099609375
test_01930,11.520858764648438
test_01931,8.789840698242188
test_01932,73.77239990234375
test_01933,143.84567260742188
test_01934,303.9035949707031
test_01935,224.61373901367188
test_01936,87.82415008544922
test_01937,113.58908081054688
test_01938,8.271316528320312
test_01939,98.63584899902344
test_01940,210.15911865234375
test_01941,45.64348220825195
test_01942,72.99281311035156
test_01943,49.68214416503906
test_01944,13.345748901367188
test_01945,20.157577514648438
test_01946,75.97016906738281
test_01947,72.22776794433594
test_01948,168.2024688720703
test_01949,14.023727416992188
test_01950,62.767066955566406
test_01951,2.6285552978515625
test_01952,5.4451141357421875
test_01953,0.0
test_01954,84.81120300292969
test_01955,172.29718017578125
test_01956,422.3505554199219
test_01957,16.89441680908203
test_01958,120.81869506835938
test_01959,141.3362579345703
test_01960,5.755500793457031
test_01961,65.47614288330078
test_01962,92.03176879882812
test_01963,351.9727783203125
test_01964,145.919677734375
test_01965,42.29192352294922
test_01966,65.68510437011719
test_01967,188.13528442382812
test_01968,5.406150817871094
test_01969,20.895160675048828
test_01970,110.16854858398438
test_01971,241.465576171875
test_01972,8.526824951171875
test_01973,1.0325927734375
test_01974,89.91136932373047
test_01975,163.48342895507812
test_01976,260.2431640625
test_01977,206.96722412109375
test_01978,522.0248413085938
test_01979,444.9983825683594
test_01980,6.028022766113281
test_01981,97.48590850830078
test_01982,156.718505859375
test_01983,158.29800415039062
test_01984,13.494102478027344
test_01985,166.75689697265625
test_01986,8.502738952636719
test_01987,65.79656982421875
test_01988,190.4238739013672
test_01989,389.65277099609375
test_01990,9.117424011230469
test_01991,188.5323944091797
test_01992,354.9415588378906
test_01993,256.59063720703125
test_01994,165.06671142578125
test_01995,243.64016723632812
test_01996,18.378421783447266
test_01997,15.352218627929688
test_01998,3.160369873046875
test_01999,56.564483642578125
test_02000,101.31201171875
test_02001,0.0
test_02002,25.51049041748047
test_02003,95.04466247558594
test_02004,126.6549301147461
test_02005,170.30384826660156
test_02006,69.56456756591797
test_02007,0.0
test_02008,71.48130798339844
test_02009,13.401863098144531
test_02010,23.164642333984375
test_02011,44.8448600769043
test_02012,94.03192901611328
test_02013,218.14474487304688
test_02014,1.3643035888671875
test_02015,499.1809997558594
test_02016,0.0
test_02017,11.201629638671875
test_02018,77.95635986328125
test_02019,5.592430114746094
test_02020,56.51612854003906
test_02021,100.36035919189453
test_02022,263.791259765625
test_02023,1.0871047973632812
test_02024,11.285820007324219
test_02025,70.5871353149414
test_02026,6.712982177734375
test_02027,4.543212890625
test_02028,8.354072570800781
test_02029,164.86993408203125
test_02030,166.94741821289062
test_02031,113.1497802734375
test_02032,213.57061767578125
test_02033,270.45263671875
test_02034,4.289131164550781
test_02035,77.25666809082031
test_02036,131.37518310546875
test_02037,2.55914306640625
test_02038,80.60700988769531
test_02039,100.50233459472656
test_02040,21.218219757080078
test_02041,27.828197479248047
test_02042,8.13311767578125
test_02043,28.108966827392578
test_02044,71.64745330810547
test_02045,1.724395751953125
test_02046,120.52874755859375
test_02047,129.22857666015625
test_02048,312.9822692871094
test_02049,57.9100227355957
test_02050,30.86898422241211
test_02051,99.13093566894531
test_02052,7.435272216796875
test_02053,11.681922912597656
test_02054,10.497138977050781
test_02055,19.882171630859375
test_02056,80.92704010009766
test_02057,7.826469421386719
test_02058,72.27910614013672
test_02059,202.86036682128906
test_02060,269.52203369140625
test_02061,25.351390838623047
test_02062,56.01775360107422
test_02063,32.840145111083984
test_02064,126.94895935058594
test_02065,60.38409423828125
test_02066,8.622200012207031
test_02067,20.873001098632812
test_02068,13.42755126953125
test_02069,11.260963439941406
test_02070,25.342960357666016
test_02071,8.095222473144531
test_02072,4.350074768066406
test_02073,53.65351486206055
test_02074,73.53524017333984
test_02075,6.223114013671875
test_02076,10.7449951171875
test_02077,85.25173950195312
test_02078,90.32958221435547
test_02079,0.7807464599609375
test_02080,4.8551788330078125
test_02081,49.87166976928711
test_02082,52.622230529785156
test_02083,34.241172790527344
test_02084,69.2807846069336
test_02085,53.97418975830078
test_02086,41.9195556640625
test_02087,80.2154541015625
test_02088,10.508766174316406
test_02089,15.535804748535156
test_02090,24.802631378173828
test_02091,44.896080017089844
test_02092,67.6543960571289
test_02093,29.30466079711914
test_02094,10.185432434082031
test_02095,30.974788665771484
test_02096,61.07746887207031
test_02097,67.2368392944336
test_02098,57.32011413574219
test_02099,68.2400131225586
test_02100,39.423912048339844
test_02101,132.32070922851562
test_02102,174.91033935546875
test_02103,41.39856719970703
test_02104,0.3399200439453125
test_02105,55.50849914550781
test_02106,50.15113067626953
test_02107,20.058761596679688
test_02108,25.139820098876953
test_02109,51.79496765136719
test_02110,26.28929901123047
test_02111,77.85345458984375
test_02112,115.34808349609375
test_02113,16.356014251708984
test_02114,30.675121307373047
test_02115,66.84272003173828
test_02116,12.522232055664062
test_02117,21.187255859375
test_02118,68.65848541259766
test_02119,103.72673797607422
test_02120,73.51085662841797
test_02121,51.52297592163086
test_02122,35.520565032958984
test_02123,55.27127456665039
test_02124,17.251319885253906
test_02125,10.702323913574219
test_02126,16.06792449951172
test_02127,68.227783203125
test_02128,58.271644592285156
test_02129,11.054695129394531
test_02130,72.14590454101562
test_02131,30.377403259277344
test_02132,31.913169860839844
test_02133,47.432899475097656
test_02134,50.585472106933594
test_02135,84.70587158203125
test_02136,51.61244201660156
test_02137,46.94587707519531
test_02138,72.21428680419922
test_02139,80.41301727294922
test_02140,35.218746185302734
test_02141,7.928215026855469
test_02142,54.76750946044922
test_02143,10.829421997070312
test_02144,36.94435501098633
test_02145,14.445259094238281
test_02146,16.292266845703125
test_02147,20.133037567138672
test_02148,20.10106658935547
test_02149,59.45643615722656
test_02150,80.99542236328125
test_02151,105.85711669921875
test_02152,44.589988708496094
test_02153,38.889984130859375
test_02154,3.1893539428710938
test_02155,15.878280639648438
test_02156,72.01282501220703
test_02157,63.122474670410156
test_02158,41.13340377807617
test_02159,114.22576141357422
test_02160,34.252166748046875
test_02161,13.748802185058594
test_02162,49.663597106933594
test_02163,66.8000717163086
test_02164,38.8536262512207
test_02165,92.03913879394531
test_02166,105.81758117675781
test_02167,63.86424255371094
test_02168,44.914520263671875
test_02169,122.48377227783203
test_02170,100.60942840576172
test_02171,83.94219207763672
test_02172,11.282554626464844
test_02173,39.247291564941406
test_02174,33.312747955322266
test_02175,21.013713836669922
test_02176,43.485267639160156
test_02177,85.14647674560547
test_02178,67.45135498046875
test_02179,1.7967605590820312
test_02180,15.050529479980469
test_02181,77.75726318359375
test_02182,118.37245178222656
test_02183,104.78872680664062
test_02184,38.08677673339844
test_02185,31.476654052734375
test_02186,24.100746154785156
test_02187,179.56802368164062
test_02188,46.58845138549805
test_02189,36.52802276611328
test_02190,49.0572509765625
test_02191,34.55821990966797
test_02192,57.894309997558594
test_02193,64.46434020996094
test_02194,99.21739196777344
test_02195,18.602188110351562
test_02196,19.958824157714844
test_02197,29.46886444091797
test_02198,125.9706802368164
test_02199,113.06291198730469
test_02200,0.0
test_02201,16.314624786376953
test_02202,10.253395080566406
test_02203,12.994186401367188
test_02204,27.097000122070312
test_02205,55.12909698486328
test_02206,52.547027587890625
test_02207,19.949108123779297
test_02208,47.10760498046875
test_02209,66.04954528808594
test_02210,45.388465881347656
test_02211,62.3572883605957
test_02212,91.44656372070312
test_02213,3.7110748291015625
test_02214,12.876106262207031
test_02215,10.335098266601562
test_02216,10.617713928222656
test_02217,17.493423461914062
test_02218,20.269851684570312
test_02219,3.3567428588867188
test_02220,15.32476806640625
test_02221,13.681884765625
test_02222,106.50668334960938
test_02223,30.904521942138672
test_02224,12.613670349121094
test_02225,39.19660186767578
test_02226,11.630409240722656
test_02227,6.168937683105469
test_02228,9.922401428222656
test_02229,22.202022552490234
test_02230,31.913909912109375
test_02231,110.2784423828125
test_02232,90.51731872558594
test_02233,50.01599884033203
test_02234,26.3660888671875
test_02235,16.669452667236328
test_02236,10.554344177246094
test_02237,18.26498794555664
test_02238,74.00312042236328
test_02239,129.43228149414062
test_02240,18.36233139038086
test_02241,135.27005004882812
test_02242,21.674091339111328
test_02243,8.48004150390625
test_02244,9.309120178222656
test_02245,17.131370544433594
test_02246,194.99923706054688
test_02247,150.01947021484375
test_02248,55.509742736816406
test_02249,36.79124069213867
test_02250,76.3207015991211
test_02251,80.96723937988281
test_02252,41.55213928222656
test_02253,16.268878936767578
test_02254,62.71852111816406
test_02255,118.66403198242188
test_02256,75.3760757446289
test_02257,103.08413696289062
test_02258,143.93487548828125
test_02259,245.09429931640625
test_02260,95.30648803710938
test_02261,66.81793975830078
test_02262,52.86562728881836
test_02263,172.9669189453125
test_02264,136.52349853515625
test_02265,34.16861343383789
test_02266,7.501457214355469
test_02267,18.443984985351562
test_02268,23.364063262939453
test_02269,4.444023132324219
test_02270,33.6512336730957
test_02271,1.6402206420898438
test_02272,31.183738708496094
test_02273,8.413536071777344
test_02274,11.107231140136719
test_02275,71.35832214355469
test_02276,131.0792999267578
test_02277,288.7991027832031
test_02278,205.1729736328125
test_02279,160.2456817626953
test_02280,69.217529296875
test_02281,17.721336364746094
test_02282,43.76759719848633
test_02283,164.4081268310547
test_02284,74.40238189697266
test_02285,59.21521759033203
test_02286,53.097373962402344
test_02287,65.15473175048828
test_02288,17.448226928710938
test_02289,65.78595733642578
test_02290,129.0542755126953
test_02291,178.4871063232422
test_02292,20.669147491455078
test_02293,45.102699279785156
test_02294,9.8841552734375
test_02295,7.576751708984375
test_02296,9.075172424316406
test_02297,78.54360961914062
test_02298,94.52910614013672
test_02299,202.77658081054688
test_02300,39.38093566894531
test_02301,54.78602600097656
test_02302,81.1150131225586
test_02303,5.621978759765625
test_02304,35.40036392211914
test_02305,64.3017578125
test_02306,276.1651306152344
test_02307,103.66426086425781
test_02308,14.592262268066406
test_02309,43.98823547363281
test_02310,130.00927734375
test_02311,14.561332702636719
test_02312,16.975540161132812
test_02313,43.97277069091797
test_02314,202.0200958251953
test_02315,8.826286315917969
test_02316,10.52203369140625
test_02317,7.860809326171875
test_02318,23.555850982666016
test_02319,65.13896179199219
test_02320,100.28980255126953
test_02321,73.9822769165039
test_02322,374.6109924316406
test_02323,387.27459716796875
test_02324,6.168296813964844
test_02325,42.153350830078125
test_02326,136.9940948486328
test_02327,151.71591186523438
test_02328,20.885696411132812
test_02329,56.97447967529297
test_02330,29.195575714111328
test_02331,42.64207077026367
test_02332,122.10238647460938
test_02333,305.97125244140625
test_02334,277.30377197265625
test_02335,143.1400604248047
test_02336,87.13170623779297
test_02337,244.43414306640625
test_02338,131.50189208984375
test_02339,145.455810546875
test_02340,33.028465270996094
test_02341,13.363639831542969
test_02342,1.4383468627929688
test_02343,50.465843200683594
test_02344,19.89080810546875
test_02345,14.316429138183594
test_02346,10.548233032226562
test_02347,86.7685317993164
test_02348,138.03939819335938
test_02349,153.85617065429688
test_02350,46.51802062988281
test_02351,6.467437744140625
test_02352,45.185646057128906
test_02353,12.933120727539062
test_02354,15.419181823730469
test_02355,28.15829849243164
test_02356,84.40133666992188
test_02357,186.46722412109375
test_02358,3.8201522827148438
test_02359,203.53013610839844
test_02360,5.811851501464844
test_02361,15.352851867675781
test_02362,68.01504516601562
test_02363,5.2885589599609375
test_02364,32.46569061279297
test_02365,52.24945831298828
test_02366,230.1826171875
test_02367,5.133186340332031
test_02368,5.1455230712890625
test_02369,88.21337127685547
test_02370,4.3059844970703125
test_02371,8.354209899902344
test_02372,12.696029663085938
test_02373,142.3516845703125
test_02374,81.1435546875
test_02375,135.487548828125
test_02376,213.63763427734375
test_02377,227.10855102539062
test_02378,2.7591400146484375
test_02379,33.27430725097656
test_02380,102.74562072753906
test_02381,0.49973297119140625
test_02382,27.672000885009766
test_02383,94.01319885253906
test_02384,18.817485809326172
test_02385,28.170684814453125
test_02386,33.2377815246582
test_02387,20.568008422851562
test_02388,55.130516052246094
test_02389,7.21417236328125
test_02390,205.54083251953125
test_02391,118.94233703613281
test_02392,390.40618896484375
test_02393,76.2283935546875
test_02394,54.12065124511719
test_02395,122.93721008300781
test_02396,7.223365783691406
test_02397,5.21246337890625
test_02398,12.60711669921875
test_02399,19.512287139892578
test_02400,104.30364227294922
test_02401,4.870246887207031
test_02402,127.17442321777344
test_02403,271.5443420410156
test_02404,276.59405517578125
test_02405,56.68738555908203
test_02406,45.540130615234375
test_02407,52.28208923339844
test_02408,126.38218688964844
test_02409,51.750518798828125
test_02410,14.83416748046875
test_02411,34.73771667480469
test_02412,36.3514518737793
test_02413,12.535942077636719
test_02414,49.97319793701172
test_02415,7.5572662353515625
test_02416,7.7354888916015625
test_02417,121.2180404663086
test_02418,82.44281005859375
test_02419,4.2247161865234375
test_02420,18.704044342041016
test_02421,70.3648681640625
test_02422,93.29908752441406
test_02423,109.61119079589844
test_02424,22.46225357055664
test_02425,12.954193115234375
test_02426,53.47218322753906
test_02427,63.25652313232422
test_02428,36.17223358154297
test_02429,86.21229553222656
test_02430,66.06671142578125
test_02431,38.46891784667969
test_02432,89.90556335449219
test_02433,4.987144470214844
test_02434,13.861381530761719
test_02435,30.231449127197266
test_02436,60.67298126220703
test_02437,77.3888931274414
test_02438,46.07426834106445
test_02439,28.114704132080078
test_02440,71.37454986572266
test_02441,61.78913497924805
test_02442,79.45257568359375
test_02443,90.71202087402344
test_02444,105.44610595703125
test_02445,66.21664428710938
test_02446,125.52974700927734
test_02447,193.53201293945312
test_02448,47.20693588256836
test_02449,6.3440704345703125
test_02450,26.322872161865234
test_02451,42.44749450683594
test_02452,13.838600158691406
test_02453,27.566360473632812
test_02454,91.66902160644531
test_02455,26.247516632080078
test_02456,37.35152816772461
test_02457,141.6771240234375
test_02458,14.926429748535156
test_02459,31.260196685791016
test_02460,59.248233795166016
test_02461,36.55170440673828
test_02462,40.047584533691406
test_02463,46.50519943237305
test_02464,76.9623794555664
test_02465,124.88617706298828
test_02466,90.74638366699219
test_02467,78.21331787109375
test_02468,81.09334564208984
test_02469,48.73622131347656
test_02470,12.949783325195312
test_02471,21.864513397216797
test_02472,85.25166320800781
test_02473,34.809078216552734
test_02474,4.8339691162109375
test_02475,102.67565155029297
test_02476,41.39805221557617
test_02477,32.125762939453125
test_02478,40.99501419067383
test_02479,83.98731994628906
test_02480,68.65471649169922
test_02481,64.48786163330078
test_02482,129.41456604003906
test_02483,92.1843490600586
test_02484,177.72164916992188
test_02485,35.99867630004883
test_02486,6.42352294921875
test_02487,64.42268371582031
test_02488,73.11740112304688
test_02489,66.44879913330078
test_02490,15.207855224609375
test_02491,31.875686645507812
test_02492,35.606693267822266
test_02493,49.08036804199219
test_02494,116.2601318359375
test_02495,79.4196548461914
test_02496,177.63958740234375
test_02497,63.07264709472656
test_02498,133.16183471679688
test_02499,11.06329345703125
test_02500,17.161251068115234
test_02501,31.13614273071289
test_02502,73.16685485839844
test_02503,99.857177734375
test_02504,113.56698608398438
test_02505,49.92549514770508
test_02506,38.9754753112793
test_02507,41.81584930419922
test_02508,134.14715576171875
test_02509,61.38580322265625
test_02510,93.90628051757812
test_02511,80.8278579711914
test_02512,65.56582641601562
test_02513,73.26527404785156
test_02514,116.3282470703125
test_02515,85.21839141845703
test_02516,66.72688293457031
test_02517,23.17859649658203
test_02518,63.017112731933594
test_02519,37.95127868652344
test_02520,36.86375045776367
test_02521,98.98725891113281
test_02522,93.94268798828125
test_02523,97.4312973022461
test_02524,0.0
test_02525,42.32181167602539
test_02526,72.1545181274414
test_02527,142.93069458007812
test_02528,127.4745864868164
test_02529,27.399444580078125
test_02530,48.64805603027344
test_02531,11.701591491699219
test_02532,128.96743774414062
test_02533,117.19384765625
test_02534,36.95240020751953
test_02535,59.59056091308594
test_02536,172.90924072265625
test_02537,91.2227554321289
test_02538,103.61628723144531
test_02539,70.33233642578125
test_02540,134.74302673339844
test_02541,26.20651626586914
test_02542,50.00480270385742
test_02543,65.72437286376953
test_02544,78.12386322021484
test_02545,91.09547424316406
test_02546,64.057861328125
test_02547,33.108280181884766
test_02548,16.93936538696289
test_02549,15.260574340820312
test_02550,31.006053924560547
test_02551,93.16032409667969
test_02552,61.40233612060547
test_02553,34.175872802734375
test_02554,72.05424499511719
test_02555,65.06857299804688
test_02556,41.611656188964844
test_02557,92.94947052001953
test_02558,100.92255401611328
test_02559,5.991111755371094
test_02560,38.57412338256836
test_02561,14.790023803710938
test_02562,24.930755615234375
test_02563,44.850669860839844
test_02564,24.875167846679688
test_02565,6.2963104248046875
test_02566,10.402168273925781
test_02567,17.12952423095703
test_02568,136.8917236328125
test_02569,40.40739822387695
test_02570,13.386436462402344
test_02571,41.5322265625
test_02572,12.401420593261719
test_02573,8.595191955566406
test_02574,9.946937561035156
test_02575,34.732662200927734
test_02576,47.44096374511719
test_02577,68.04051971435547
test_02578,58.07855987548828
test_02579,157.4630584716797
test_02580,34.9578971862793
test_02581,23.961727142333984
test_02582,11.73211669921875
test_02583,45.267181396484375
test_02584,63.09611511230469
test_02585,90.60331726074219
test_02586,122.98422241210938
test_02587,30.158397674560547
test_02588,190.20266723632812
test_02589,33.05849838256836
test_02590,9.551986694335938
test_02591,8.889671325683594
test_02592,49.16474151611328
test_02593,89.38569641113281
test_02594,221.05279541015625
test_02595,185.62075805664062
test_02596,107.0045166015625
test_02597,48.74639129638672
test_02598,63.77635955810547
test_02599,59.787635803222656
test_02600,49.810333251953125
test_02601,15.905105590820312
test_02602,56.775352478027344
test_02603,160.46148681640625
test_02604,53.70191192626953
test_02605,136.92356872558594
test_02606,262.8121643066406
test_02607,118.48001098632812
test_02608,107.40629577636719
test_02609,48.403472900390625
test_02610,153.6214599609375
test_02611,50.422935485839844
test_02612,44.827579498291016
test_02613,9.579048156738281
test_02614,28.99468231201172
test_02615,58.78416442871094
test_02616,115.39533233642578
test_02617,3.20166015625
test_02618,71.03280639648438
test_02619,3.3719100952148438
test_02620,28.98602294921875
test_02621,12.00677490234375
test_02622,15.554161071777344
test_02623,76.32711029052734
test_02624,159.2503662109375
test_02625,297.3276062011719
test_02626,249.92333984375
test_02627,119.70672607421875
test_02628,113.17930603027344
test_02629,10.196624755859375
test_02630,95.76387786865234
test_02631,231.68527221679688
test_02632,34.66883087158203
test_02633,70.00169372558594
test_02634,59.90008544921875
test_02635,12.173126220703125
test_02636,20.340457916259766
test_02637,93.61883544921875
test_02638,65.08702850341797
test_02639,188.65792846679688
test_02640,24.310718536376953
test_02641,77.6252670288086
test_02642,7.75299072265625
test_02643,9.423332214355469
test_02644,5.88494873046875
test_02645,91.23991394042969
test_02646,203.08009338378906
test_02647,242.19332885742188
test_02648,20.644344329833984
test_02649,152.37091064453125
test_02650,108.43863677978516
test_02651,9.816314697265625
test_02652,132.44168090820312
test_02653,233.28338623046875
test_02654,499.5255432128906
test_02655,73.82837677001953
test_02656,45.9326286315918
test_02657,137.26177978515625
test_02658,219.33880615234375
test_02659,10.860321044921875
test_02660,18.873737335205078
test_02661,191.9221954345703
test_02662,227.7554931640625
test_02663,9.259063720703125
test_02664,11.849884033203125
test_02665,8.078865051269531
test_02666,85.42742156982422
test_02667,269.77056884765625
test_02668,204.84368896484375
test_02669,256.0989074707031
test_02670,371.7200622558594
test_02671,396.0064697265625
test_02672,12.115318298339844
test_02673,98.52062225341797
test_02674,143.3441619873047
test_02675,197.27435302734375
test_02676,17.9156494140625
test_02677,139.5298614501953
test_02678,14.698272705078125
test_02679,382.882080078125
test_02680,351.2987365722656
test_02681,155.16452026367188
test_02682,343.0735168457031
test_02683,488.5191345214844
test_02684,265.0828552246094
test_02685,247.83697509765625
test_02686,164.88168334960938
test_02687,20.499710083007812
test_02688,13.012489318847656
test_02689,7.998008728027344
test_02690,11.933998107910156
test_02691,58.75692367553711
test_02692,5.256996154785156
test_02693,35.105838775634766
test_02694,77.67855072021484
test_02695,140.76654052734375
test_02696,184.17510986328125
test_02697,70.21009826660156
test_02698,4.092582702636719
test_02699,79.2783203125
test_02700,12.38116455078125
test_02701,28.292278289794922
test_02702,144.85641479492188
test_02703,200.88143920898438
test_02704,324.1380310058594
test_02705,11.18255615234375
test_02706,395.4537353515625
test_02707,7.331504821777344
test_02708,7.4025421142578125
test_02709,100.71806335449219
test_02710,5.322242736816406
test_02711,42.30026626586914
test_02712,73.21994018554688
test_02713,271.552978515625
test_02714,3.133758544921875
test_02715,9.114631652832031
test_02716,53.41527557373047
test_02717,0.9524917602539062
test_02718,7.834831237792969
test_02719,10.090553283691406
test_02720,91.93962097167969
test_02721,133.96603393554688
test_02722,190.35081481933594
test_02723,259.12158203125
test_02724,283.70660400390625
test_02725,3.5634689331054688
test_02726,90.42123413085938
test_02727,176.09222412109375
test_02728,3.5048751831054688
test_02729,76.5767593383789
test_02730,18.413528442382812
test_02731,39.56483459472656
test_02732,22.078372955322266
test_02733,26.620849609375
test_02734,98.01881408691406
test_02735,3.824859619140625
test_02736,208.373046875
test_02737,402.1470642089844
test_02738,46.90817642211914
test_02739,36.30314254760742
test_02740,119.11793518066406
test_02741,4.612754821777344
test_02742,6.2546539306640625
test_02743,12.60394287109375
test_02744,7.871147155761719
test_02745,225.80142211914062
test_02746,71.9630126953125
test_02747,323.9413146972656
test_02748,257.6063537597656
test_02749,44.28974914550781
test_02750,43.65848922729492
test_02751,38.58834457397461
test_02752,129.32962036132812
test_02753,60.32052993774414
test_02754,12.493988037109375
test_02755,45.58146667480469
test_02756,70.04712677001953
test_02757,16.49181365966797
test_02758,57.52063751220703
test_02759,6.3812255859375
test_02760,3.0408859252929688
test_02761,110.64009857177734
test_02762,115.8653564453125
test_02763,15.050346374511719
test_02764,16.703628540039062
test_02765,74.82583618164062
test_02766,90.9002685546875
test_02767,43.33979797363281
test_02768,3.6750259399414062
test_02769,78.63402557373047
test_02770,58.51634216308594
test_02771,39.861785888671875
test_02772,99.97183227539062
test_02773,3.1598739624023438
test_02774,27.39069366455078
test_02775,105.04592895507812
test_02776,18.414371490478516
test_02777,27.861461639404297
test_02778,50.757347106933594
test_02779,68.07275390625
test_02780,27.332534790039062
test_02781,7.05438232421875
test_02782,44.63865661621094
test_02783,52.43840789794922
test_02784,71.00666809082031
test_02785,87.35810852050781
test_02786,73.82732391357422
test_02787,54.96513748168945
test_02788,158.98861694335938
test_02789,201.45779418945312
test_02790,7.445068359375
test_02791,42.67891311645508
test_02792,7.863105773925781
test_02793,14.130844116210938
test_02794,43.89802169799805
test_02795,19.426963806152344
test_02796,30.649246215820312
test_02797,125.17242431640625
test_02798,21.110275268554688
test_02799,32.29383850097656
test_02800,69.80374145507812
test_02801,28.868701934814453
test_02802,41.5228157043457
test_02803,45.52892303466797
test_02804,84.88297271728516
test_02805,102.20940399169922
test_02806,58.605857849121094
test_02807,39.51336669921875
test_02808,62.80192184448242
test_02809,25.061553955078125
test_02810,14.634757995605469
test_02811,17.502403259277344
test_02812,100.20238494873047
test_02813,43.603858947753906
test_02814,7.986457824707031
test_02815,81.7685317993164
test_02816,32.302860260009766
test_02817,25.182579040527344
test_02818,37.239013671875
test_02819,69.1490249633789
test_02820,89.86341857910156
test_02821,44.11501693725586
test_02822,144.05490112304688
test_02823,81.01821899414062
test_02824,165.6424560546875
test_02825,30.646041870117188
test_02826,3.7410202026367188
test_02827,68.8643798828125
test_02828,27.69695281982422
test_02829,58.15028762817383
test_02830,17.55820083618164
test_02831,16.236244201660156
test_02832,22.38214111328125
test_02833,24.613231658935547
test_02834,75.37567138671875
test_02835,74.10018157958984
test_02836,136.94580078125
test_02837,50.75967788696289
test_02838,159.95553588867188
test_02839,11.025741577148438
test_02840,21.75589370727539
test_02841,68.28295135498047
test_02842,87.1290512084961
test_02843,67.85542297363281
test_02844,96.3920669555664
test_02845,42.7788200378418
test_02846,10.6685791015625
test_02847,91.81809997558594
test_02848,118.83584594726562
test_02849,111.5562973022461
test_02850,40.65810775756836
test_02851,55.52954864501953
test_02852,129.23184204101562
test_02853,89.55406951904297
test_02854,85.75477600097656
test_02855,18.935962677001953
test_02856,35.282928466796875
test_02857,35.2846794128418
test_02858,26.41358184814453
test_02859,72.11986541748047
test_02860,79.02159881591797
test_02861,0.0
test_02862,29.97342300415039
test_02863,75.972412109375
test_02864,84.0548095703125
test_02865,114.102783203125
test_02866,39.53622055053711
test_02867,51.700469970703125
test_02868,11.297630310058594
test_02869,97.6439437866211
test_02870,177.01995849609375
test_02871,43.937496185302734
test_02872,50.00017547607422
test_02873,70.7939224243164
test_02874,98.50904083251953
test_02875,160.2525634765625
test_02876,68.99736785888672
test_02877,103.01324462890625
test_02878,18.878204345703125
test_02879,17.815567016601562
test_02880,39.554927825927734
test_02881,89.79817199707031
test_02882,98.53915405273438
test_02883,60.01280975341797
test_02884,24.443084716796875
test_02885,8.868431091308594
test_02886,18.809959411621094
test_02887,40.329776763916016
test_02888,68.17765808105469
test_02889,37.970272064208984
test_02890,24.951034545898438
test_02891,25.98996353149414
test_02892,53.78941345214844
test_02893,82.53816223144531
test_02894,75.67179870605469
test_02895,144.63955688476562
test_02896,8.795890808105469
test_02897,19.746532440185547
test_02898,7.4691925048828125
test_02899,8.669387817382812
test_02900,17.483795166015625
test_02901,26.392234802246094
test_02902,7.695167541503906
test_02903,12.537094116210938
test_02904,13.840011596679688
test_02905,29.55071258544922
test_02906,15.444305419921875
test_02907,34.9981689453125
test_02908,12.902877807617188
test_02909,9.465538024902344
test_02910,10.632789611816406
test_02911,22.83529281616211
test_02912,34.35908508300781
test_02913,91.17863464355469
test_02914,152.38284301757812
test_02915,26.089862823486328
test_02916,15.779731750488281
test_02917,12.705986022949219
test_02918,26.486797332763672
test_02919,36.173912048339844
test_02920,57.6636962890625
test_02921,115.05838012695312
test_02922,18.024967193603516
test_02923,174.722900390625
test_02924,28.805194854736328
test_02925,11.477584838867188
test_02926,7.9225006103515625
test_02927,32.619747161865234
test_02928,74.13127136230469
test_02929,203.05067443847656
test_02930,165.8035430908203
test_02931,48.44105529785156
test_02932,55.61600112915039
test_02933,82.91429901123047
test_02934,89.23613739013672
test_02935,81.51271057128906
test_02936,18.3287353515625
test_02937,42.57566452026367
test_02938,149.5222930908203
test_02939,83.98030853271484
test_02940,117.22616577148438
test_02941,196.3436279296875
test_02942,167.051513671875
test_02943,135.1773223876953
test_02944,79.68421936035156
test_02945,47.45471954345703
test_02946,158.31008911132812
test_02947,99.91360473632812
test_02948,30.954757690429688
test_02949,4.412452697753906
test_02950,19.445514678955078
test_02951,39.183414459228516
test_02952,61.71427917480469
test_02953,1.0464248657226562
test_02954,0.6401824951171875
test_02955,22.49245834350586
test_02956,23.263778686523438
test_02957,6.593902587890625
test_02958,73.94155883789062
test_02959,127.39325714111328
test_02960,276.0703125
test_02961,136.43768310546875
test_02962,111.46794891357422
test_02963,91.55748748779297
test_02964,7.261222839355469
test_02965,76.43147277832031
test_02966,153.4302520751953
test_02967,93.07523345947266
test_02968,50.15131759643555
test_02969,56.936134338378906
test_02970,65.87509155273438
test_02971,12.703781127929688
test_02972,78.31610107421875
test_02973,129.3375244140625
test_02974,158.32382202148438
test_02975,47.3695068359375
test_02976,65.57233428955078
test_02977,9.432960510253906
test_02978,7.325538635253906
test_02979,8.383796691894531
test_02980,84.09387969970703
test_02981,135.961181640625
test_02982,203.04180908203125
test_02983,15.628929138183594
test_02984,68.7103042602539
test_02985,109.7911376953125
test_02986,5.6037445068359375
test_02987,65.43360900878906
test_02988,127.3953857421875
test_02989,461.69158935546875
test_02990,260.00543212890625
test_02991,53.50304412841797
test_02992,38.34027862548828
test_02993,130.54434204101562
test_02994,11.377769470214844
test_02995,13.078346252441406
test_02996,56.295555114746094
test_02997,185.89700317382812
test_02998,6.85943603515625
test_02999,5.741249084472656
test_03000,6.055854797363281
test_03001,41.190399169921875
test_03002,213.48275756835938
test_03003,95.79722595214844
test_03004,79.59041595458984
test_03005,361.9307556152344
test_03006,415.9810485839844
test_03007,18.087730407714844
test_03008,54.608062744140625
test_03009,129.09332275390625
test_03010,191.37371826171875
test_03011,10.062339782714844
test_03012,118.56069946289062
test_03013,8.4189453125
test_03014,152.40701293945312
test_03015,205.60101318359375
test_03016,364.9171142578125
test_03017,335.8391418457031
test_03018,187.2110595703125
test_03019,396.8406677246094
test_03020,281.88427734375
test_03021,242.06021118164062
test_03022,172.02952575683594
test_03023,26.009048461914062
test_03024,11.469276428222656
test_03025,9.720390319824219
test_03026,35.896728515625
test_03027,25.246292114257812
test_03028,3.5300140380859375
test_03029,32.802032470703125
test_03030,63.553611755371094
test_03031,122.73866271972656
test_03032,199.4639892578125
test_03033,89.61048889160156
test_03034,5.0253143310546875
test_03035,99.13695526123047
test_03036,17.029556274414062
test_03037,16.541961669921875
test_03038,93.62947082519531
test_03039,135.05836486816406
test_03040,250.55435180664062
test_03041,9.638298034667969
test_03042,525.7030029296875
test_03043,3.1735382080078125
test_03044,9.22808837890625
test_03045,92.00167083740234
test_03046,5.541435241699219
test_03047,25.1982421875
test_03048,73.09225463867188
test_03049,276.8366394042969
test_03050,4.0892333984375
test_03051,13.254104614257812
test_03052,102.55343627929688
test_03053,5.2197418212890625
test_03054,6.696418762207031
test_03055,10.178031921386719
test_03056,71.8834228515625
test_03057,164.27816772460938
test_03058,196.29714965820312
test_03059,273.4139404296875
test_03060,252.36404418945312
test_03061,7.457725524902344
test_03062,71.02315521240234
test_03063,149.94296264648438
test_03064,0.075927734375
test_03065,72.85047149658203
test_03066,87.13980865478516
test_03067,19.259811401367188
test_03068,21.898452758789062
test_03069,14.500740051269531
test_03070,19.777408599853516
test_03071,102.32414245605469
test_03072,1.88623046875
test_03073,181.05029296875
test_03074,129.70208740234375
test_03075,85.4196548461914
test_03076,44.279170989990234
test_03077,117.6925048828125
test_03078,4.866905212402344
test_03079,2.8853683471679688
test_03080,12.329132080078125
test_03081,13.656448364257812
test_03082,101.4578628540039
test_03083,3.36993408203125
test_03084,97.251953125
test_03085,292.333984375
test_03086,266.5203857421875
test_03087,59.223976135253906
test_03088,38.50682830810547
test_03089,47.591880798339844
test_03090,117.93228149414062
test_03091,54.80027770996094
test_03092,8.519195556640625
test_03093,39.385108947753906
test_03094,38.8853645324707
test_03095,17.161331176757812
test_03096,52.06816101074219
test_03097,6.573356628417969
test_03098,8.149566650390625
test_03099,123.6529541015625
test_03100,63.816558837890625
test_03101,5.8649139404296875
test_03102,7.6052703857421875
test_03103,106.47975158691406
test_03104,143.319091796875
test_03105,119.36962890625
test_03106,34.5604362487793
test_03107,20.830562591552734
test_03108,77.40716552734375
test_03109,80.7983169555664
test_03110,42.648319244384766
test_03111,73.93799591064453
test_03112,74.1535415649414
test_03113,33.923030853271484
test_03114,104.56507873535156
test_03115,12.304893493652344
test_03116,27.69048309326172
test_03117,65.3565444946289
test_03118,85.26825714111328
test_03119,8.453285217285156
test_03120,44.48564147949219
test_03121,46.855987548828125
test_03122,63.13269805908203
test_03123,65.44567108154297
test_03124,104.38613891601562
test_03125,60.026939392089844
test_03126,163.2818603515625
test_03127,27.336502075195312
test_03128,8.34814453125
test_03129,9.101783752441406
test_03130,46.188472747802734
test_03131,17.404464721679688
test_03132,17.816333770751953
test_03133,56.387351989746094
test_03134,21.293933868408203
test_03135,36.55205535888672
test_03136,104.89144897460938
test_03137,20.47374725341797
test_03138,33.47377014160156
test_03139,52.10987091064453
test_03140,44.5435676574707
test_03141,42.421051025390625
test_03142,40.0269889831543
test_03143,71.4458236694336
test_03144,105.93677520751953
test_03145,77.99439239501953
test_03146,81.07809448242188
test_03147,80.13980865478516
test_03148,50.12188720703125
test_03149,12.860427856445312
test_03150,23.609661102294922
test_03151,80.66638946533203
test_03152,35.99021530151367
test_03153,11.679794311523438
test_03154,97.57711791992188
test_03155,36.64323425292969
test_03156,29.108135223388672
test_03157,42.6375617980957
test_03158,79.9002914428711
test_03159,61.4362678527832
test_03160,80.87037658691406
test_03161,116.661865234375
test_03162,87.72233581542969
test_03163,192.159912109375
test_03164,34.303592681884766
test_03165,0.0
test_03166,77.81031036376953
test_03167,90.16571807861328
test_03168,51.71282196044922
test_03169,15.571693420410156
test_03170,30.38375473022461
test_03171,41.288578033447266
test_03172,47.942893981933594
test_03173,101.48876190185547
test_03174,94.99119567871094
test_03175,176.6650390625
test_03176,66.26460266113281
test_03177,130.36619567871094
test_03178,5.753929138183594
test_03179,26.743183135986328
test_03180,65.66651153564453
test_03181,104.3712387084961
test_03182,112.4664306640625
test_03183,65.44196319580078
test_03184,28.046566009521484
test_03185,33.92116165161133
test_03186,102.25958251953125
test_03187,58.936885833740234
test_03188,86.38304901123047
test_03189,82.04635620117188
test_03190,73.92367553710938
test_03191,68.72242736816406
test_03192,111.15296936035156
test_03193,84.98568725585938
test_03194,57.83052062988281
test_03195,34.15653991699219
test_03196,42.705387115478516
test_03197,32.549930572509766
test_03198,38.126678466796875
test_03199,101.46768951416016
test_03200,96.58650207519531
test_03201,103.87530517578125
test_03202,0.0
test_03203,38.773860931396484
test_03204,63.33045196533203
test_03205,159.72540283203125
test_03206,119.69654846191406
test_03207,28.60675811767578
test_03208,43.21757888793945
test_03209,8.104927062988281
test_03210,94.57337951660156
test_03211,120.98220825195312
test_03212,49.86620330810547
test_03213,65.74535369873047
test_03214,150.30618286132812
test_03215,88.70707702636719
test_03216,89.10200500488281
test_03217,80.95315551757812
test_03218,126.33793640136719
test_03219,22.443126678466797
test_03220,61.648193359375
test_03221,70.68773651123047
test_03222,79.85067749023438
test_03223,65.10334014892578
test_03224,34.00173568725586
test_03225,20.851722717285156
test_03226,12.743484497070312
test_03227,31.996734619140625
test_03228,97.12496948242188
test_03229,61.45849609375
test_03230,36.26171112060547
test_03231,65.91848754882812
test_03232,69.91930389404297
test_03233,31.960861206054688
test_03234,90.25727844238281
test_03235,113.3074722290039
test_03236,3.2075881958007812
test_03237,32.634891510009766
test_03238,6.3725128173828125
test_03239,25.644649505615234
test_03240,49.114952087402344
test_03241,31.803619384765625
test_03242,1.882537841796875
test_03243,18.484619140625
test_03244,19.158493041992188
test_03245,125.46333312988281
test_03246,36.89707946777344
test_03247,22.13497543334961
test_03248,39.84894561767578
test_03249,7.414833068847656
test_03250,10.539329528808594
test_03251,11.864120483398438
test_03252,30.998916625976562
test_03253,33.915252685546875
test_03254,58.93376159667969
test_03255,76.62379455566406
test_03256,134.95404052734375
test_03257,30.634613037109375
test_03258,30.213687896728516
test_03259,15.257698059082031
test_03260,18.248275756835938
test_03261,53.39811706542969
test_03262,85.19998931884766
test_03263,85.53679656982422
test_03264,40.84684753417969
test_03265,190.56149291992188
test_03266,35.37239074707031
test_03267,13.660560607910156
test_03268,7.978630065917969
test_03269,51.757568359375
test_03270,90.25236511230469
test_03271,213.70547485351562
test_03272,194.7191162109375
test_03273,107.36463928222656
test_03274,48.281455993652344
test_03275,57.32715606689453
test_03276,53.474571228027344
test_03277,48.652915954589844
test_03278,17.30483627319336
test_03279,47.98332214355469
test_03280,128.3101043701172
test_03281,55.48015594482422
test_03282,121.1166000366211
test_03283,205.97268676757812
test_03284,139.69790649414062
test_03285,120.2403564453125
test_03286,103.74977111816406
test_03287,53.227622985839844
test_03288,159.1077880859375
test_03289,53.397457122802734
test_03290,43.928550720214844
test_03291,7.193687438964844
test_03292,20.99944305419922
test_03293,56.13355255126953
test_03294,123.50727081298828
test_03295,7.347038269042969
test_03296,66.20143127441406
test_03297,4.709037780761719
test_03298,24.28087615966797
test_03299,16.963150024414062
test_03300,12.616539001464844
test_03301,68.46324157714844
test_03302,135.35626220703125
test_03303,247.34152221679688
test_03304,209.3370361328125
test_03305,112.59487915039062
test_03306,106.66166687011719
test_03307,9.596572875976562
test_03308,85.69596862792969
test_03309,189.36251831054688
test_03310,100.66978454589844
test_03311,61.01325607299805
test_03312,55.189476013183594
test_03313,36.81245040893555
test_03314,18.333358764648438
test_03315,82.78123474121094
test_03316,66.78411865234375
test_03317,199.99969482421875
test_03318,29.432636260986328
test_03319,67.03658294677734
test_03320,7.697029113769531
test_03321,8.634246826171875
test_03322,35.940818786621094
test_03323,93.11963653564453
test_03324,195.99710083007812
test_03325,272.94256591796875
test_03326,17.934001922607422
test_03327,108.96627807617188
test_03328,148.06475830078125
test_03329,5.660377502441406
test_03330,117.58354187011719
test_03331,239.98031616210938
test_03332,403.7706604003906
test_03333,85.41094970703125
test_03334,39.92415237426758
test_03335,129.2971954345703
test_03336,222.59072875976562
test_03337,10.149955749511719
test_03338,31.867748260498047
test_03339,169.77743530273438
test_03340,226.86605834960938
test_03341,9.868072509765625
test_03342,14.295677185058594
test_03343,5.77447509765625
test_03344,213.2503662109375
test_03345,270.0417175292969
test_03346,211.35284423828125
test_03347,210.4176025390625
test_03348,354.90582275390625
test_03349,386.924560546875
test_03350,14.496055603027344
test_03351,84.34005737304688
test_03352,122.45741271972656
test_03353,178.83261108398438
test_03354,16.44843292236328
test_03355,146.32266235351562
test_03356,14.373764038085938
test_03357,292.6802062988281
test_03358,289.0402526855469
test_03359,336.4710998535156
test_03360,138.54403686523438
test_03361,338.27496337890625
test_03362,474.3468322753906
test_03363,249.1302490234375
test_03364,151.556396484375
test_03365,201.1199951171875
test_03366,23.390254974365234
test_03367,11.357025146484375
test_03368,2.8042449951171875
test_03369,64.09867095947266
test_03370,80.0572738647461
test_03371,10.005043029785156
test_03372,27.681739807128906
test_03373,72.29341888427734
test_03374,33.29391860961914
test_03375,158.06842041015625
test_03376,65.0056381225586
test_03377,1.0462570190429688
test_03378,70.30955505371094
test_03379,6.1912078857421875
test_03380,25.992816925048828
test_03381,103.14361572265625
test_03382,177.16770935058594
test_03383,307.8799133300781
test_03384,7.61083984375
test_03385,322.1915283203125
test_03386,5.961830139160156
test_03387,8.619316101074219
test_03388,97.62935638427734
test_03389,3.6035690307617188
test_03390,52.598514556884766
test_03391,104.8226547241211
test_03392,314.3924560546875
test_03393,5.041954040527344
test_03394,18.146957397460938
test_03395,50.23756408691406
test_03396,8.253929138183594
test_03397,9.415748596191406
test_03398,10.926956176757812
test_03399,70.251220703125
test_03400,116.79380798339844
test_03401,192.43447875976562
test_03402,202.19508361816406
test_03403,246.3280029296875
test_03404,3.68035888671875
test_03405,87.84840393066406
test_03406,130.1792449951172
test_03407,0.0188446044921875
test_03408,72.89680480957031
test_03409,86.72279357910156
test_03410,19.269977569580078
test_03411,34.81418991088867
test_03412,20.429901123046875
test_03413,21.714065551757812
test_03414,106.57933044433594
test_03415,5.2464447021484375
test_03416,182.9876251220703
test_03417,199.28158569335938
test_03418,337.6072082519531
test_03419,85.78668975830078
test_03420,55.35885238647461
test_03421,100.75169372558594
test_03422,0.0
test_03423,6.269783020019531
test_03424,6.00665283203125
test_03425,14.974136352539062
test_03426,102.59904479980469
test_03427,3.1534805297851562
test_03428,94.95049285888672
test_03429,243.87640380859375
test_03430,333.9654235839844
test_03431,76.37003326416016
test_03432,47.87703323364258
test_03433,50.071937561035156
test_03434,111.11546325683594
test_03435,51.16986083984375
test_03436,15.381393432617188
test_03437,29.888988494873047
test_03438,53.76604461669922
test_03439,13.870872497558594
test_03440,53.94072723388672
test_03441,2.7926864624023438
test_03442,36.94654846191406
test_03443,92.23595428466797
test_03444,61.53291320800781
test_03445,5.5735931396484375
test_03446,25.66339874267578
test_03447,54.883544921875
test_03448,103.80465698242188
test_03449,88.42879486083984
test_03450,19.43111801147461
test_03451,4.991157531738281
test_03452,36.948387145996094
test_03453,49.49745178222656
test_03454,30.848567962646484
test_03455,77.93312072753906
test_03456,56.8271484375
test_03457,24.42554473876953
test_03458,78.06048583984375
test_03459,9.665374755859375
test_03460,13.851799011230469
test_03461,39.730804443359375
test_03462,75.87020111083984
test_03463,57.64990997314453
test_03464,21.632732391357422
test_03465,7.2567596435546875
test_03466,35.87063217163086
test_03467,53.84227752685547
test_03468,69.79737854003906
test_03469,80.53314971923828
test_03470,70.2376480102539
test_03471,52.510562896728516
test_03472,160.16143798828125
test_03473,184.07681274414062
test_03474,29.44023895263672
test_03475,3.1664962768554688
test_03476,24.955245971679688
test_03477,49.149559020996094
test_03478,11.017341613769531
test_03479,27.499408721923828
test_03480,51.42475891113281
test_03481,20.929718017578125
test_03482,35.61060333251953
test_03483,167.67784118652344
test_03484,21.278282165527344
test_03485,27.83212661743164
test_03486,52.92469024658203
test_03487,61.2252311706543
test_03488,31.988475799560547
test_03489,43.53789520263672
test_03490,82.44046020507812
test_03491,82.5953598022461
test_03492,76.3814697265625
test_03493,50.78114318847656
test_03494,91.69127655029297
test_03495,56.335792541503906
test_03496,7.767646789550781
test_03497,13.1241455078125
test_03498,50.564083099365234
test_03499,37.79562759399414
test_03500,3.4088592529296875
test_03501,85.86449432373047
test_03502,26.204376220703125
test_03503,39.96916580200195
test_03504,34.4281120300293
test_03505,58.23561477661133
test_03506,55.855194091796875
test_03507,70.7659912109375
test_03508,112.12611389160156
test_03509,81.39178466796875
test_03510,175.33621215820312
test_03511,45.16008758544922
test_03512,7.0330963134765625
test_03513,42.725669860839844
test_03514,55.13982391357422
test_03515,62.893043518066406
test_03516,15.175315856933594
test_03517,34.47019577026367
test_03518,24.289165496826172
test_03519,30.77447509765625
test_03520,86.57178497314453
test_03521,136.17784118652344
test_03522,60.334991455078125
test_03523,39.20317077636719
test_03524,2.6067962646484375
test_03525,10.773529052734375
test_03526,24.256973266601562
test_03527,73.1533432006836
test_03528,91.41024017333984
test_03529,115.44619750976562
test_03530,30.62778091430664
test_03531,19.733905792236328
test_03532,27.133102416992188
test_03533,115.82747650146484
test_03534,47.08382034301758
test_03535,85.33434295654297
test_03536,78.81366729736328
test_03537,59.59636306762695
test_03538,55.148704528808594
test_03539,106.28855895996094
test_03540,87.49032592773438
test_03541,65.00566864013672
test_03542,26.38228988647461
test_03543,47.3072509765625
test_03544,36.366825103759766
test_03545,47.68965148925781
test_03546,77.86140441894531
test_03547,140.18402099609375
test_03548,58.06582260131836
test_03549,0.0
test_03550,30.303600311279297
test_03551,60.59027099609375
test_03552,165.46017456054688
test_03553,172.0079345703125
test_03554,36.533958435058594
test_03555,33.4962158203125
test_03556,2.3507537841796875
test_03557,90.48072814941406
test_03558,119.04460144042969
test_03559,49.367130279541016
test_03560,61.803043365478516
test_03561,95.32349395751953
test_03562,42.85209274291992
test_03563,57.771392822265625
test_03564,62.600807189941406
test_03565,99.50216674804688
test_03566,18.894527435302734
test_03567,48.37364196777344
test_03568,55.943397521972656
test_03569,81.55485534667969
test_03570,106.77787017822266
test_03571,66.660888671875
test_03572,23.396907806396484
test_03573,12.606376647949219
test_03574,10.517593383789062
test_03575,19.15406036376953
test_03576,70.47798156738281
test_03577,63.04399108886719
test_03578,16.36774444580078
test_03579,60.74604034423828
test_03580,58.95185089111328
test_03581,36.58113098144531
test_03582,110.01587677001953
test_03583,85.751953125
test_03584,1.0055313110351562
test_03585,20.964881896972656
test_03586,7.671943664550781
test_03587,22.561416625976562
test_03588,28.443099975585938
test_03589,16.25802993774414
test_03590,2.8375778198242188
test_03591,20.649250030517578
test_03592,14.43817138671875
test_03593,139.919677734375
test_03594,14.390235900878906
test_03595,51.12834167480469
test_03596,1.1485366821289062
test_03597,8.51806640625
test_03598,9.417755126953125
test_03599,35.690799713134766
test_03600,37.830963134765625
test_03601,74.60955047607422
test_03602,45.12895202636719
test_03603,140.22874450683594
test_03604,63.75214767456055
test_03605,25.180179595947266
test_03606,10.667251586914062
test_03607,24.92359161376953
test_03608,34.881507873535156
test_03609,93.48941040039062
test_03610,56.84468078613281
test_03611,27.31882095336914
test_03612,176.1614990234375
test_03613,26.061954498291016
test_03614,3.6275634765625
test_03615,9.773963928222656
test_03616,26.369068145751953
test_03617,105.50570678710938
test_03618,198.5302276611328
test_03619,166.1868438720703
test_03620,108.6763916015625
test_03621,31.509380340576172
test_03622,53.075592041015625
test_03623,64.27653503417969
test_03624,47.13915252685547
test_03625,23.383426666259766
test_03626,44.490257263183594
test_03627,129.511474609375
test_03628,54.12702941894531
test_03629,104.37415313720703
test_03630,170.89163208007812
test_03631,240.7545166015625
test_03632,139.29754638671875
test_03633,100.2545166015625
test_03634,82.49552154541016
test_03635,172.262939453125
test_03636,100.40623474121094
test_03637,40.88595199584961
test_03638,10.894813537597656
test_03639,19.658611297607422
test_03640,42.14522933959961
test_03641,89.7984390258789
test_03642,7.055442810058594
test_03643,49.23603057861328
test_03644,0.5005569458007812
test_03645,26.350521087646484
test_03646,14.522979736328125
test_03647,9.783660888671875
test_03648,76.64527130126953
test_03649,136.3775634765625
test_03650,259.7248229980469
test_03651,240.04611206054688
test_03652,105.59369659423828
test_03653,114.90779876708984
test_03654,14.916648864746094
test_03655,85.50338745117188
test_03656,203.79693603515625
test_03657,51.10936737060547
test_03658,64.52056884765625
test_03659,44.11272430419922
test_03660,7.57781982421875
test_03661,20.729999542236328
test_03662,82.7158432006836
test_03663,56.95641326904297
test_03664,162.76898193359375
test_03665,30.473297119140625
test_03666,64.00009155273438
test_03667,3.8432693481445312
test_03668,7.08343505859375
test_03669,7.2682952880859375
test_03670,73.6766586303711
test_03671,188.800048828125
test_03672,306.37908935546875
test_03673,21.636531829833984
test_03674,99.26790618896484
test_03675,148.99981689453125
test_03676,4.155059814453125
test_03677,122.781005859375
test_03678,117.98297119140625
test_03679,359.73834228515625
test_03680,74.02230072021484
test_03681,45.53611373901367
test_03682,102.90798950195312
test_03683,169.68138122558594
test_03684,5.970062255859375
test_03685,43.47807693481445
test_03686,93.21702575683594
test_03687,219.53152465820312
test_03688,6.075065612792969
test_03689,15.5830078125
test_03690,2.8455963134765625
test_03691,62.19736099243164
test_03692,220.48056030273438
test_03693,227.88504028320312
test_03694,162.6578369140625
test_03695,241.45169067382812
test_03696,344.4111022949219
test_03697,12.286399841308594
test_03698,89.41790008544922
test_03699,160.9456787109375
test_03700,169.4404296875
test_03701,8.014198303222656
test_03702,147.23785400390625
test_03703,22.210525512695312
test_03704,157.11679077148438
test_03705,402.3829345703125
test_03706,135.2808837890625
test_03707,193.52264404296875
test_03708,411.3700256347656
test_03709,252.2174072265625
test_03710,201.90313720703125
test_03711,154.50735473632812
test_03712,18.551925659179688
test_03713,12.393417358398438
test_03714,3.908447265625
test_03715,30.888195037841797
test_03716,88.00930786132812
test_03717,10.93353271484375
test_03718,27.03044891357422
test_03719,90.71189880371094
test_03720,117.83758544921875
test_03721,166.67636108398438
test_03722,60.42640686035156
test_03723,2.969757080078125
test_03724,93.34846496582031
test_03725,14.496788024902344
test_03726,26.692352294921875
test_03727,67.82793426513672
test_03728,152.013671875
test_03729,208.11520385742188
test_03730,6.1011505126953125
test_03731,591.3128051757812
test_03732,3.58270263671875
test_03733,11.020614624023438
test_03734,98.1151351928711
test_03735,1.6656570434570312
test_03736,54.78827667236328
test_03737,88.3169174194336
test_03738,243.23028564453125
test_03739,0.75360107421875
test_03740,4.912467956542969
test_03741,80.67466735839844
test_03742,6.87115478515625
test_03743,5.079437255859375
test_03744,6.60198974609375
test_03745,152.56442260742188
test_03746,148.71054077148438
test_03747,143.71734619140625
test_03748,178.51153564453125
test_03749,255.23757934570312
test_03750,3.0708999633789062
test_03751,88.55561065673828
test_03752,131.56715393066406
test_03753,0.0
test_03754,78.43296813964844
test_03755,90.2424545288086
test_03756,14.9114990234375
test_03757,40.39535140991211
test_03758,12.343116760253906
test_03759,29.879779815673828
test_03760,61.110435485839844
test_03761,1.4226150512695312
test_03762,219.04183959960938
test_03763,141.70834350585938
test_03764,374.3323974609375
test_03765,93.00557708740234
test_03766,61.062782287597656
test_03767,127.50112915039062
test_03768,6.1462860107421875
test_03769,8.487480163574219
test_03770,7.719047546386719
test_03771,13.647239685058594
test_03772,105.60575866699219
test_03773,5.977561950683594
test_03774,91.10308837890625
test_03775,288.59735107421875
test_03776,59.83080291748047
test_03777,44.93714141845703
test_03778,48.49571990966797
test_03779,115.42865753173828
test_03780,52.35401916503906
test_03781,9.152008056640625
test_03782,50.90028381347656
test_03783,47.8925666809082
test_03784,11.301078796386719
test_03785,56.00322723388672
test_03786,5.118560791015625
test_03787,8.578628540039062
test_03788,115.19505310058594
test_03789,58.88774871826172
test_03790,3.3023605346679688
test_03791,64.50978088378906
test_03792,115.18772888183594
test_03793,114.90830993652344
test_03794,22.501018524169922
test_03795,12.451454162597656
test_03796,44.10725784301758
test_03797,66.76897430419922
test_03798,28.759300231933594
test_03799,82.50141143798828
test_03800,70.63072204589844
test_03801,82.00515747070312
test_03802,8.026786804199219
test_03803,11.776359558105469
test_03804,27.331417083740234
test_03805,67.33780670166016
test_03806,90.67631530761719
test_03807,29.795684814453125
test_03808,23.76262664794922
test_03809,52.60693359375
test_03810,58.97760772705078
test_03811,60.14864730834961
test_03812,76.97559356689453
test_03813,115.48796081542969
test_03814,54.19691467285156
test_03815,161.364501953125
test_03816,201.4318389892578
test_03817,23.952800750732422
test_03818,6.1163177490234375
test_03819,28.736892700195312
test_03820,45.71027374267578
test_03821,6.45989990234375
test_03822,36.84686279296875
test_03823,79.5191421508789
test_03824,27.40424346923828
test_03825,34.012779235839844
test_03826,143.328125
test_03827,7.1019439697265625
test_03828,29.17003631591797
test_03829,57.792579650878906
test_03830,95.7818603515625
test_03831,39.0473747253418
test_03832,44.87904739379883
test_03833,76.39197540283203
test_03834,100.02995300292969
test_03835,79.68480682373047
test_03836,69.76940155029297
test_03837,88.63006591796875
test_03838,63.87432861328125
test_03839,12.5047607421875
test_03840,12.22723388671875
test_03841,73.69577026367188
test_03842,40.70000076293945
test_03843,10.991065979003906
test_03844,87.50181579589844
test_03845,26.17218780517578
test_03846,29.188217163085938
test_03847,31.048484802246094
test_03848,66.47130584716797
test_03849,64.02986145019531
test_03850,80.60218811035156
test_03851,108.99174499511719
test_03852,95.54119873046875
test_03853,207.65818786621094
test_03854,40.63044357299805
test_03855,19.689388275146484
test_03856,63.93360137939453
test_03857,73.08226013183594
test_03858,70.98811340332031
test_03859,15.184913635253906
test_03860,32.525352478027344
test_03861,18.439971923828125
test_03862,31.350223541259766
test_03863,96.96221923828125
test_03864,104.79463195800781
test_03865,69.77853393554688
test_03866,109.83126831054688
test_03867,3.9132919311523438
test_03868,13.544822692871094
test_03869,66.24664306640625
test_03870,102.6850357055664
test_03871,120.06596374511719
test_03872,72.81061553955078
test_03873,28.706829071044922
test_03874,34.78874588012695
test_03875,109.47587585449219
test_03876,50.86301803588867
test_03877,88.52635192871094
test_03878,89.6016845703125
test_03879,68.1047134399414
test_03880,62.18614959716797
test_03881,118.21510314941406
test_03882,96.2213363647461
test_03883,65.37353515625
test_03884,29.62752914428711
test_03885,38.69039535522461
test_03886,29.66124725341797
test_03887,37.371826171875
test_03888,102.15541076660156
test_03889,98.84042358398438
test_03890,88.25227355957031
test_03891,0.0
test_03892,35.501644134521484
test_03893,59.82938003540039
test_03894,153.6231689453125
test_03895,134.00570678710938
test_03896,30.612537384033203
test_03897,48.315067291259766
test_03898,9.787239074707031
test_03899,115.70489501953125
test_03900,118.77508544921875
test_03901,35.526363372802734
test_03902,69.11080932617188
test_03903,183.18687438964844
test_03904,94.02046966552734
test_03905,86.67863464355469
test_03906,83.70087432861328
test_03907,122.98101806640625
test_03908,24.309890747070312
test_03909,57.95772933959961
test_03910,38.28104019165039
test_03911,74.03868103027344
test_03912,87.81328582763672
test_03913,65.429443359375
test_03914,31.29489517211914
test_03915,23.752540588378906
test_03916,10.887351989746094
test_03917,27.12948226928711
test_03918,98.65772247314453
test_03919,57.00022506713867
test_03920,39.635128021240234
test_03921,75.57797241210938
test_03922,69.62271118164062
test_03923,44.11965560913086
test_03924,82.98175048828125
test_03925,121.24617004394531
test_03926,2.0357513427734375
test_03927,33.27967071533203
test_03928,4.914299011230469
test_03929,26.858890533447266
test_03930,45.46171569824219
test_03931,19.10696792602539
test_03932,2.0812301635742188
test_03933,13.235458374023438
test_03934,23.321834564208984
test_03935,130.44874572753906
test_03936,40.878639221191406
test_03937,17.348281860351562
test_03938,48.006324768066406
test_03939,8.42633056640625
test_03940,10.693252563476562
test_03941,14.532127380371094
test_03942,28.877323150634766
test_03943,40.90779495239258
test_03944,85.07610321044922
test_03945,72.82749938964844
test_03946,156.79373168945312
test_03947,28.908004760742188
test_03948,29.684280395507812
test_03949,13.874320983886719
test_03950,34.79725646972656
test_03951,53.32023620605469
test_03952,93.41352844238281
test_03953,70.75113677978516
test_03954,171.07119750976562
test_03955,26.131065368652344
test_03956,9.095130920410156
test_03957,5.875007629394531
test_03958,45.7125244140625
test_03959,85.50079345703125
test_03960,193.46188354492188
test_03961,177.29013061523438
test_03962,106.17788696289062
test_03963,40.51068878173828
test_03964,54.21013259887695
test_03965,44.062320709228516
test_03966,45.80197525024414
test_03967,17.40215301513672
test_03968,51.30175018310547
test_03969,148.34393310546875
test_03970,46.417510986328125
test_03971,114.67671966552734
test_03972,238.5572509765625
test_03973,120.26022338867188
test_03974,130.25357055664062
test_03975,101.8193359375
test_03976,62.637939453125
test_03977,217.89300537109375
test_03978,51.96919250488281
test_03979,39.13404083251953
test_03980,9.618598937988281
test_03981,21.27124786376953
test_03982,67.36903381347656
test_03983,107.87127685546875
test_03984,9.29388427734375
test_03985,56.39405822753906
test_03986,0.30242156982421875
test_03987,24.738040924072266
test_03988,16.265270233154297
test_03989,6.590110778808594
test_03990,71.58329772949219
test_03991,156.19879150390625
test_03992,256.6274719238281
test_03993,219.15484619140625
test_03994,113.56057739257812
test_03995,131.95677185058594
test_03996,13.568580627441406
test_03997,99.22735595703125
test_03998,182.0079345703125
test_03999,132.65689086914062
test_04000,57.62879943847656
test_04001,50.718536376953125
test_04002,8.748016357421875
test_04003,18.463836669921875
test_04004,66.08277893066406
test_04005,54.68601608276367
test_04006,184.81893920898438
test_04007,25.380210876464844
test_04008,63.84957504272461
test_04009,6.9595184326171875
test_04010,11.127418518066406
test_04011,39.09889221191406
test_04012,86.18489074707031
test_04013,205.42318725585938
test_04014,310.3094177246094
test_04015,11.203147888183594
test_04016,126.21479034423828
test_04017,142.67318725585938
test_04018,7.058082580566406
test_04019,143.31446838378906
test_04020,278.4413757324219
test_04021,461.0612487792969
test_04022,106.65152740478516
test_04023,41.892757415771484
test_04024,131.9578857421875
test_04025,227.56365966796875
test_04026,10.155067443847656
test_04027,15.745903015136719
test_04028,190.26129150390625
test_04029,225.45794677734375
test_04030,5.352813720703125
test_04031,12.868759155273438
test_04032,6.821197509765625
test_04033,253.70236206054688
test_04034,263.4190673828125
test_04035,259.5303649902344
test_04036,230.31793212890625
test_04037,380.85906982421875
test_04038,438.8182067871094
test_04039,12.462089538574219
test_04040,95.20016479492188
test_04041,126.86083221435547
test_04042,164.554931640625
test_04043,5.6644744873046875
test_04044,166.02655029296875
test_04045,9.091720581054688
test_04046,384.24810791015625
test_04047,342.50390625
test_04048,354.685302734375
test_04049,88.26079559326172
test_04050,313.66448974609375
test_04051,449.59454345703125
test_04052,257.458984375
test_04053,212.56997680664062
test_04054,186.39219665527344
test_04055,16.993621826171875
test_04056,13.917495727539062
test_04057,6.875953674316406
test_04058,67.90559387207031
test_04059,82.33968353271484
test_04060,9.010063171386719
test_04061,26.903430938720703
test_04062,83.43849182128906
test_04063,127.84051513671875
test_04064,169.73886108398438
test_04065,60.529205322265625
test_04066,3.689971923828125
test_04067,83.97943878173828
test_04068,6.9750518798828125
test_04069,25.56558609008789
test_04070,106.88821411132812
test_04071,191.1473388671875
test_04072,347.65423583984375
test_04073,7.002288818359375
test_04074,508.75384521484375
test_04075,5.0319671630859375
test_04076,6.653953552246094
test_04077,122.95912170410156
test_04078,7.308555603027344
test_04079,53.76506805419922
test_04080,94.8305435180664
test_04081,393.3330383300781
test_04082,3.9770584106445312
test_04083,9.801353454589844
test_04084,40.774818420410156
test_04085,5.7785186767578125
test_04086,6.4764862060546875
test_04087,8.380775451660156
test_04088,126.96849060058594
test_04089,151.44842529296875
test_04090,195.52023315429688
test_04091,231.76058959960938
test_04092,259.0753173828125
test_04093,0.9513168334960938
test_04094,105.94941711425781
test_04095,142.24551391601562
test_04096,1.2459182739257812
test_04097,90.6524429321289
test_04098,97.82378387451172
test_04099,13.674301147460938
test_04100,28.51700210571289
test_04101,4.821693420410156
test_04102,27.857372283935547
test_04103,3.5344161987304688
