id,PM2.5
test_00001,181.82335510253904
test_00002,156.00399475097657
test_00003,414.8881591796875
test_00004,81.88357086181641
test_00005,47.38251876831055
test_00006,116.45568084716797
test_00007,8.295802307128906
test_00008,7.5452392578125
test_00009,48.85932846069336
test_00010,120.8534912109375
test_00011,9.695657348632812
test_00012,116.77827301025391
test_00013,273.088330078125
test_00014,329.6587951660156
test_00015,74.61690368652344
test_00016,47.95360717773437
test_00017,45.346595001220706
test_00018,123.52369995117189
test_00019,52.66617050170898
test_00020,14.635330200195312
test_00021,26.778011322021484
test_00022,34.83140487670899
test_00023,10.206256103515626
test_00024,51.68929748535157
test_00025,9.448731994628906
test_00026,10.526091003417969
test_00027,107.81173400878907
test_00028,62.3457748413086
test_00029,8.424368286132813
test_00030,8.86468048095703
test_00031,60.000398254394526
test_00032,102.0877899169922
test_00033,101.37678985595703
test_00034,23.27442855834961
test_00035,14.009434509277343
test_00036,82.8613265991211
test_00037,96.97113342285155
test_00038,14.427801513671874
test_00039,32.3814811706543
test_00040,81.7396255493164
test_00041,9.165460205078123
test_00042,13.28734130859375
test_00043,27.66000442504883
test_00044,66.08626251220703
test_00045,68.43533630371094
test_00046,49.257975769042964
test_00047,21.574977111816406
test_00048,58.18196105957031
test_00049,55.5148910522461
test_00050,72.60080413818359
test_00051,95.60883941650391
test_00052,109.89467773437501
test_00053,59.87598342895508
test_00054,164.68328857421875
test_00055,185.38556518554688
test_00056,27.99817733764648
test_00057,9.277751159667968
test_00058,24.288668060302733
test_00059,54.50557327270508
test_00060,30.244181060791014
test_00061,27.32904739379883
test_00062,57.8235580444336
test_00063,25.378445434570313
test_00064,52.48188018798828
test_00065,142.55076293945314
test_00066,22.64192657470703
test_00067,33.00774993896484
test_00068,64.69603271484375
test_00069,60.001733398437494
test_00070,38.113809204101564
test_00071,46.30622253417968
test_00072,78.59846343994141
test_00073,126.66475219726563
test_00074,86.37199554443359
test_00075,63.44149475097656
test_00076,78.14039611816406
test_00077,51.70977630615234
test_00078,10.908108520507813
test_00079,17.57810745239258
test_00080,54.04924011230469
test_00081,36.24899520874023
test_00082,10.95404510498047
test_00083,87.07006530761718
test_00084,31.09661026000977
test_00085,34.70274124145508
test_00086,39.75454254150391
test_00087,71.92942352294922
test_00088,69.67747497558594
test_00089,76.21126708984374
test_00090,123.99243164062501
test_00091,81.34488067626953
test_00092,203.53262634277343
test_00093,44.984197998046874
test_00094,6.390676879882813
test_00095,67.7744873046875
test_00096,41.974694061279294
test_00097,61.662628173828125
test_00098,14.686065673828125
test_00099,103.95069885253906
test_00100,17.855242919921874
test_00101,15.705472564697265
test_00102,123.70742797851562
test_00103,83.5736801147461
test_00104,150.84212646484374
test_00105,56.977197265625
test_00106,107.54859313964843
test_00107,7.365081787109375
test_00108,14.951234436035156
test_00109,30.279399871826172
test_00110,59.71768646240235
test_00111,100.21324157714844
test_00112,118.94691162109375
test_00113,59.67872161865235
test_00114,25.170673370361328
test_00115,36.716416931152345
test_00116,112.34490203857422
test_00117,55.212370300292974
test_00118,85.12181091308594
test_00119,84.30817413330078
test_00120,80.98949584960937
test_00121,64.65364227294921
test_00122,105.0855728149414
test_00123,78.71316375732422
test_00124,52.46533126831055
test_00125,25.277834320068358
test_00126,67.77204742431641
test_00127,35.31286544799805
test_00128,38.322706604003905
test_00129,86.0501922607422
test_00130,110.49999084472657
test_00131,73.15154571533203
test_00132,14.5691162109375
test_00133,26.628875732421875
test_00134,67.39362335205078
test_00135,147.62396240234375
test_00136,121.22510528564453
test_00137,47.24574279785156
test_00138,8.974479675292969
test_00139,123.3162353515625
test_00140,102.7464859008789
test_00141,46.91979064941406
test_00142,81.80462799072265
test_00143,95.79304504394531
test_00144,54.03477325439454
test_00145,88.08283691406251
test_00146,81.90879364013671
test_00147,114.66372070312501
test_00148,14.050912475585939
test_00149,42.136260223388675
test_00150,50.43170928955078
test_00151,64.6209716796875
test_00152,91.75433502197265
test_00153,52.24857025146484
test_00154,36.07505645751953
test_00155,13.22540283203125
test_00156,8.310688781738282
test_00157,24.43717727661133
test_00158,77.78563995361328
test_00159,63.590266418457034
test_00160,24.330998992919923
test_00161,59.38182144165039
test_00162,64.7051788330078
test_00163,32.23137664794922
test_00164,80.48443603515625
test_00165,106.70500640869142
test_00166,6.522692871093749
test_00167,20.719649505615237
test_00168,9.966532897949218
test_00169,19.042371368408205
test_00170,24.467323303222653
test_00171,20.7337287902832
test_00172,4.021873474121094
test_00173,13.06700897216797
test_00174,13.108917236328125
test_00175,142.27044982910155
test_00176,37.05258560180665
test_00177,9.491853332519531
test_00178,9.24274139404297
test_00179,10.505908203125
test_00180,11.791909790039062
test_00181,28.50068054199219
test_00182,40.67521743774414
test_00183,67.52387084960938
test_00184,83.61766204833984
test_00185,155.35180053710937
test_00186,33.629145812988284
test_00187,27.492482757568364
test_00188,13.270826721191407
test_00189,16.797962188720703
test_00190,42.266510772705075
test_00191,90.448388671875
test_00192,109.79739837646484
test_00193,26.15766220092773
test_00194,177.99913330078124
test_00195,25.890345764160156
test_00196,8.133348083496093
test_00197,35.921333312988274
test_00198,87.35855102539062
test_00199,203.20045776367186
test_00200,167.34461669921876
test_00201,107.689453125
test_00202,40.109038543701175
test_00203,60.27736434936524
test_00204,53.650570678710935
test_00205,53.7377426147461
test_00206,23.019187927246097
test_00207,50.03016128540039
test_00208,139.8652587890625
test_00209,50.69392395019531
test_00210,123.03861694335937
test_00211,224.9138610839844
test_00212,269.1579650878906
test_00213,120.21702270507814
test_00214,101.06638488769532
test_00215,61.69898300170899
test_00216,183.16685791015624
test_00217,54.14600296020508
test_00218,36.247265625
test_00219,13.740074157714844
test_00220,24.90762710571289
test_00221,49.77408447265625
test_00222,119.63887481689453
test_00223,5.127250671386719
test_00224,68.11673736572266
test_00225,3.2706787109375
test_00226,25.28655319213867
test_00227,8.925210571289062
test_00228,6.991960144042969
test_00229,71.04545288085937
test_00230,115.07528228759766
test_00231,300.8198669433594
test_00232,234.2551208496094
test_00233,108.25171508789062
test_00234,112.12837677001954
test_00235,13.40924530029297
test_00236,98.13695983886718
test_00237,212.30523071289065
test_00238,23.98247528076172
test_00239,67.34567565917969
test_00240,56.558509826660156
test_00241,7.504788208007813
test_00242,28.582891082763673
test_00243,88.07373504638673
test_00244,63.78459777832031
test_00245,196.9386413574219
test_00246,28.23885040283203
test_00247,76.26546478271484
test_00248,7.332298278808594
test_00249,9.3716796875
test_00250,8.460905456542969
test_00251,75.00416259765625
test_00252,190.51469116210933
test_00253,242.05687866210937
test_00254,19.09055862426758
test_00255,66.53435668945312
test_00256,148.78925170898435
test_00257,9.477586364746095
test_00258,133.6698760986328
test_00259,131.9198974609375
test_00260,499.7283752441407
test_00261,74.30939636230468
test_00262,28.908364868164064
test_00263,111.32733764648438
test_00264,182.99317626953126
test_00265,7.2026214599609375
test_00266,16.704779052734374
test_00267,106.53177795410157
test_00268,231.94671630859375
test_00269,11.390000915527343
test_00270,16.578105163574218
test_00271,8.060227966308593
test_00272,55.63616790771485
test_00273,269.165966796875
test_00274,205.20523071289065
test_00275,198.18914794921875
test_00276,412.5046325683594
test_00277,400.4215576171875
test_00278,16.45471954345703
test_00279,82.96732025146484
test_00280,166.57548828125
test_00281,179.23978271484373
test_00282,14.34044952392578
test_00283,142.83216552734376
test_00284,13.943955993652342
test_00285,331.233935546875
test_00286,279.20775146484374
test_00287,435.24443969726565
test_00288,77.76618652343748
test_00289,291.5755798339844
test_00290,302.7310974121094
test_00291,252.73247680664065
test_00292,187.8739562988281
test_00293,109.35120239257813
test_00294,20.900622558593753
test_00295,15.651043701171876
test_00296,3.876556396484375
test_00297,37.93028259277344
test_00298,77.28546600341797
test_00299,11.224702453613283
test_00300,31.043610382080082
test_00301,85.08468322753907
test_00302,126.68267211914062
test_00303,164.87234191894532
test_00304,69.05385284423828
test_00305,9.024407958984375
test_00306,81.72478637695312
test_00307,11.433949279785157
test_00308,27.476523590087893
test_00309,77.1707763671875
test_00310,200.16021728515625
test_00311,255.50678100585938
test_00312,11.407446289062499
test_00313,603.9583862304687
test_00314,6.9924789428710925
test_00315,8.210545349121094
test_00316,91.26942596435546
test_00317,7.074813842773437
test_00318,49.52037506103515
test_00319,81.84773101806641
test_00320,277.4786254882813
test_00321,7.259835815429687
test_00322,9.548811340332032
test_00323,86.05713195800782
test_00324,6.690301513671875
test_00325,6.401049804687499
test_00326,9.142703247070312
test_00327,109.66424865722655
test_00328,137.33467712402344
test_00329,173.12637329101562
test_00330,269.3925476074219
test_00331,306.67275390624997
test_00332,4.506723022460937
test_00333,79.8414321899414
test_00334,157.99752197265624
test_00335,3.3132980346679686
test_00336,80.32832336425781
test_00337,95.68682250976563
test_00338,17.154490661621097
test_00339,29.26920852661133
test_00340,11.294015502929689
test_00341,24.986199951171876
test_00342,6.318287658691406
test_00343,114.80256958007813
test_00344,194.9684539794922
test_00345,246.00070190429688
test_00346,44.33813552856445
test_00347,22.315998077392578
test_00348,82.58983001708984
test_00349,6.598020935058593
test_00350,10.759848022460936
test_00351,16.989825439453128
test_00352,16.774654388427734
test_00353,90.79147491455078
test_00354,13.749148559570312
test_00355,77.6782440185547
test_00356,224.75098266601566
test_00357,276.5135070800781
test_00358,57.853675842285156
test_00359,42.15492630004883
test_00360,24.230719757080077
test_00361,106.63760375976562
test_00362,55.653079223632815
test_00363,9.123893737792969
test_00364,9.033067321777342
test_00365,12.755924987792968
test_00366,7.23970947265625
test_00367,18.08313751220703
test_00368,6.032022094726562
test_00369,6.305335998535156
test_00370,55.98080749511719
test_00371,58.01618576049804
test_00372,6.363298034667968
test_00373,16.496688842773438
test_00374,36.67534866333008
test_00375,45.19428253173828
test_00376,83.20762176513671
test_00377,16.412102508544923
test_00378,10.815625
test_00379,10.036807250976562
test_00380,48.98138580322265
test_00381,27.507691955566408
test_00382,99.38277130126954
test_00383,13.363249206542967
test_00384,33.19117431640625
test_00385,82.16730346679688
test_00386,8.421351623535156
test_00387,17.322123718261718
test_00388,26.75969161987305
test_00389,83.47720947265626
test_00390,69.02984161376953
test_00391,35.96088790893555
test_00392,9.580085754394531
test_00393,43.22706985473633
test_00394,87.13681335449219
test_00395,78.30599365234374
test_00396,72.62861480712891
test_00397,75.7563507080078
test_00398,53.30832214355469
test_00399,151.18648681640624
test_00400,40.41755828857423
test_00401,8.809741210937501
test_00402,10.900283813476562
test_00403,11.353761291503906
test_00404,16.597973632812497
test_00405,74.22135314941406
test_00406,21.46256790161133
test_00407,39.660012817382814
test_00408,187.9798828125
test_00409,18.2698616027832
test_00410,29.683039093017577
test_00411,59.82912292480469
test_00412,11.828517150878906
test_00413,17.330589294433594
test_00414,45.2528076171875
test_00415,78.7878646850586
test_00416,103.7319290161133
test_00417,79.90396118164062
test_00418,43.484528350830075
test_00419,75.22449035644532
test_00420,23.170117950439455
test_00421,15.116299438476561
test_00422,19.16191711425781
test_00423,19.127392578125
test_00424,85.64235229492186
test_00425,8.4814697265625
test_00426,67.7587387084961
test_00427,43.06878204345703
test_00428,56.725300598144536
test_00429,85.13632507324219
test_00430,98.8667999267578
test_00431,67.64042816162109
test_00432,72.13345642089844
test_00433,112.8149169921875
test_00434,70.68490447998047
test_00435,129.9758056640625
test_00436,43.97366790771484
test_00437,6.628982543945312
test_00438,41.219808959960936
test_00439,25.428607940673828
test_00440,32.23211822509766
test_00441,9.196920776367188
test_00442,18.66932601928711
test_00443,20.048851776123044
test_00444,23.255673217773435
test_00445,48.21616821289063
test_00446,140.54296875
test_00447,93.51038818359373
test_00448,61.412940979003906
test_00449,36.913427734375006
test_00450,12.603474426269532
test_00451,25.556228637695312
test_00452,70.09109039306641
test_00453,64.54374389648437
test_00454,119.88094177246093
test_00455,7.568818664550781
test_00456,18.770233917236332
test_00457,33.45476455688477
test_00458,97.58497314453125
test_00459,44.31278457641602
test_00460,83.48456726074218
test_00461,72.09158935546876
test_00462,62.4060562133789
test_00463,48.30920944213867
test_00464,84.33770446777343
test_00465,50.284602355957034
test_00466,38.673441314697264
test_00467,6.832225036621093
test_00468,39.033051300048825
test_00469,19.660236358642578
test_00470,27.168050384521486
test_00471,59.087483978271486
test_00472,104.82075805664063
test_00473,28.773666381835938
test_00474,7.366937255859374
test_00475,16.352784729003908
test_00476,91.94468383789064
test_00477,150.14006958007812
test_00478,67.322900390625
test_00479,35.31909484863281
test_00480,24.658250427246095
test_00481,12.50306854248047
test_00482,64.68190460205078
test_00483,139.54926147460938
test_00484,32.95341491699219
test_00485,39.53828048706055
test_00486,60.12101593017578
test_00487,20.699050903320312
test_00488,36.6188346862793
test_00489,63.0067138671875
test_00490,90.60233917236329
test_00491,17.265070343017577
test_00492,34.99457778930664
test_00493,43.09245452880859
test_00494,90.24228210449219
test_00495,29.856818389892577
test_00496,25.171993255615234
test_00497,5.274920654296874
test_00498,19.038540649414063
test_00499,22.544550323486327
test_00500,58.219791412353516
test_00501,52.47737045288086
test_00502,15.106507873535158
test_00503,39.35226745605469
test_00504,44.26596298217773
test_00505,37.221326446533205
test_00506,60.809504699707034
test_00507,46.716487884521484
test_00508,4.041079711914063
test_00509,10.637797546386718
test_00510,6.901480102539063
test_00511,17.038306427001952
test_00512,15.610383605957033
test_00513,14.286228942871094
test_00514,8.60832061767578
test_00515,16.801840972900393
test_00516,14.244580078125
test_00517,128.70127563476564
test_00518,34.9195198059082
test_00519,8.481713867187501
test_00520,52.08121871948242
test_00521,7.311453247070313
test_00522,10.160774230957031
test_00523,13.779267883300783
test_00524,21.179825592041016
test_00525,26.344380187988282
test_00526,115.52131347656248
test_00527,24.32730560302734
test_00528,48.59411468505859
test_00529,28.809259796142577
test_00530,24.333567810058597
test_00531,8.011430358886718
test_00532,13.243836975097656
test_00533,24.960609436035156
test_00534,79.83578796386719
test_00535,93.3768310546875
test_00536,13.377366638183595
test_00537,114.17622222900391
test_00538,20.948193359374997
test_00539,12.269340515136719
test_00540,10.161572265625
test_00541,29.579862213134767
test_00542,108.86205444335937
test_00543,169.633203125
test_00544,159.75828247070314
test_00545,127.324267578125
test_00546,44.16342544555664
test_00547,57.421199798583984
test_00548,63.09210815429688
test_00549,37.48870010375977
test_00550,21.3839584350586
test_00551,61.8367919921875
test_00552,101.07526855468751
test_00553,80.03875732421875
test_00554,113.45881652832031
test_00555,155.9061798095703
test_00556,234.73312377929682
test_00557,156.64225158691406
test_00558,18.384835815429685
test_00559,92.79034729003905
test_00560,139.18999938964845
test_00561,133.0869110107422
test_00562,32.662841796875
test_00563,10.872608947753907
test_00564,32.626494598388675
test_00565,52.57394256591797
test_00566,100.37857360839843
test_00567,16.19799118041992
test_00568,42.71483612060547
test_00569,4.8797119140625
test_00570,28.757285308837893
test_00571,8.70252685546875
test_00572,2.1921112060546877
test_00573,68.07182312011719
test_00574,28.20890121459961
test_00575,277.7651550292969
test_00576,244.21066284179685
test_00577,170.97775878906248
test_00578,71.28546142578125
test_00579,20.9239143371582
test_00580,49.75328063964844
test_00581,215.45927734375
test_00582,26.56573944091797
test_00583,47.49776763916016
test_00584,54.00537414550781
test_00585,55.25370254516602
test_00586,18.156427764892577
test_00587,93.09353179931641
test_00588,108.19581298828125
test_00589,185.785400390625
test_00590,19.88579864501953
test_00591,59.0767333984375
test_00592,9.699142456054688
test_00593,10.003912353515624
test_00594,11.762858581542968
test_00595,60.2781967163086
test_00596,121.11642456054686
test_00597,207.01044311523438
test_00598,18.804297637939452
test_00599,69.90955810546875
test_00600,109.49762725830078
test_00601,19.486779022216794
test_00602,26.158848571777344
test_00603,83.07110748291015
test_00604,161.37083129882814
test_00605,147.70325317382813
test_00606,32.527461242675784
test_00607,103.51349029541016
test_00608,174.75051879882812
test_00609,14.528460693359374
test_00610,79.84083404541016
test_00611,67.74740600585938
test_00612,202.31068725585936
test_00613,50.69615173339844
test_00614,6.025479125976561
test_00615,11.913768005371093
test_00616,76.62241668701172
test_00617,157.86827392578124
test_00618,234.14981079101565
test_00619,205.69388122558593
test_00620,304.8584228515625
test_00621,415.7642578125
test_00622,10.74427947998047
test_00623,59.38086090087891
test_00624,234.27884521484373
test_00625,231.19309082031248
test_00626,11.330827331542967
test_00627,82.57785339355468
test_00628,6.398347473144532
test_00629,49.18851089477539
test_00630,114.92570343017577
test_00631,370.76506958007815
test_00632,15.131210327148438
test_00633,142.14137878417966
test_00634,148.89243469238284
test_00635,171.84081420898437
test_00636,164.6171142578125
test_00637,257.86061401367186
test_00638,24.155027008056642
test_00639,9.79381103515625
test_00640,7.712628173828124
test_00641,18.358104705810547
test_00642,23.98422698974609
test_00643,8.183885192871093
test_00644,22.096299743652345
test_00645,98.91300048828124
test_00646,114.23823242187501
test_00647,167.9569610595703
test_00648,51.55480041503906
test_00649,8.996125793457031
test_00650,45.113792419433594
test_00651,13.079801940917967
test_00652,33.69377746582031
test_00653,43.74913330078125
test_00654,98.63605041503905
test_00655,193.93101196289064
test_00656,8.485293579101562
test_00657,254.78057861328122
test_00658,8.181890869140625
test_00659,15.140414428710939
test_00660,63.76567916870117
test_00661,9.482270812988281
test_00662,94.38682708740234
test_00663,98.3403564453125
test_00664,245.5957275390625
test_00665,12.06665496826172
test_00666,13.716600036621092
test_00667,84.77431182861329
test_00668,6.243838500976563
test_00669,6.93193359375
test_00670,11.535670471191406
test_00671,55.73773956298828
test_00672,67.46830291748046
test_00673,78.07783050537108
test_00674,231.47930908203122
test_00675,232.61978759765623
test_00676,8.556546020507813
test_00677,58.3051513671875
test_00678,119.62472686767578
test_00679,2.3400375366210935
test_00680,33.47615280151367
test_00681,111.58687133789061
test_00682,17.282131958007817
test_00683,24.619384002685546
test_00684,15.584038543701173
test_00685,67.93091735839843
test_00686,69.67129669189453
test_00687,7.7455703735351555
test_00688,162.78590087890626
test_00689,201.31632080078123
test_00690,350.91925659179685
test_00691,52.44129943847656
test_00692,27.52260055541992
test_00693,42.952735900878906
test_00694,3.813069152832031
test_00695,7.735479736328125
test_00696,11.415412902832031
test_00697,15.036077880859374
test_00698,92.77291870117188
test_00699,12.57623291015625
test_00700,99.24779357910157
test_00701,225.9896240234375
test_00702,304.2701477050781
test_00703,60.32548294067383
test_00704,51.42515258789062
test_00705,41.37224807739258
test_00706,145.46254272460936
test_00707,84.62772521972656
test_00708,6.138430786132812
test_00709,7.454051208496094
test_00710,11.464898681640626
test_00711,5.4805236816406255
test_00712,19.129792022705082
test_00713,6.596995544433594
test_00714,3.9771713256835937
test_00715,58.74257507324219
test_00716,97.11334838867188
test_00717,8.035258483886718
test_00718,6.609513854980468
test_00719,35.599622344970705
test_00720,52.857924652099605
test_00721,73.55920867919923
test_00722,19.438818359375
test_00723,14.673598480224609
test_00724,15.806771087646485
test_00725,62.56990356445313
test_00726,34.02840576171875
test_00727,100.77951049804689
test_00728,15.740631866455079
test_00729,39.51504974365234
test_00730,89.28543090820312
test_00731,8.14700927734375
test_00732,9.950596618652344
test_00733,20.8022834777832
test_00734,118.24075927734376
test_00735,62.54668350219727
test_00736,44.22895889282226
test_00737,5.587678527832031
test_00738,44.6237075805664
test_00739,117.86735382080079
test_00740,93.02652587890626
test_00741,66.762548828125
test_00742,52.09305877685547
test_00743,49.77674865722656
test_00744,143.4850341796875
test_00745,213.47064208984372
test_00746,32.39266815185547
test_00747,30.122565460205077
test_00748,82.28412628173828
test_00749,9.279730224609375
test_00750,14.751596069335935
test_00751,60.0798828125
test_00752,19.63039321899414
test_00753,41.17317657470703
test_00754,170.463134765625
test_00755,22.225385284423826
test_00756,28.93661117553711
test_00757,49.66358871459961
test_00758,8.102908325195312
test_00759,15.511030578613282
test_00760,48.222921752929686
test_00761,72.21634521484376
test_00762,89.35152893066406
test_00763,62.811025238037104
test_00764,35.552408599853514
test_00765,64.10470275878906
test_00766,22.372291564941406
test_00767,16.216812896728513
test_00768,17.115919494628905
test_00769,17.481258392333984
test_00770,85.37664642333985
test_00771,10.139509582519532
test_00772,76.77575225830078
test_00773,36.21171722412109
test_00774,25.081262207031244
test_00775,46.74969329833985
test_00776,103.9580047607422
test_00777,67.30977478027344
test_00778,83.85350646972657
test_00779,89.71663665771484
test_00780,54.19264144897461
test_00781,105.9088882446289
test_00782,49.41895751953125
test_00783,6.813433837890624
test_00784,14.793363952636717
test_00785,28.625649261474607
test_00786,30.11288375854492
test_00787,11.315365600585938
test_00788,18.73704605102539
test_00789,14.862641906738281
test_00790,19.99897766113281
test_00791,41.19735183715821
test_00792,149.76131286621094
test_00793,58.45056991577148
test_00794,50.04314575195312
test_00795,15.80833740234375
test_00796,6.4612548828125
test_00797,17.849151611328125
test_00798,36.81490783691406
test_00799,75.30277099609376
test_00800,75.67913513183593
test_00801,120.06612243652344
test_00802,5.036399841308594
test_00803,9.65379638671875
test_00804,21.124980926513672
test_00805,83.84423065185547
test_00806,61.153564453125
test_00807,84.04898681640626
test_00808,60.90224151611328
test_00809,91.53003845214843
test_00810,71.95381164550781
test_00811,100.76851806640624
test_00812,62.069322204589845
test_00813,37.905015563964845
test_00814,11.01277618408203
test_00815,41.821685028076175
test_00816,16.09053192138672
test_00817,21.0881950378418
test_00818,65.97788696289062
test_00819,106.94955749511718
test_00820,38.778734588623045
test_00821,10.600285339355468
test_00822,16.482669067382812
test_00823,97.8837905883789
test_00824,156.12406005859376
test_00825,74.64784240722656
test_00826,10.799552917480469
test_00827,28.925608062744143
test_00828,14.0487548828125
test_00829,68.9778839111328
test_00830,142.41194763183594
test_00831,39.34212188720703
test_00832,33.973661804199224
test_00833,53.95317459106445
test_00834,27.02150192260742
test_00835,39.173024749755854
test_00836,61.34576416015625
test_00837,89.73175964355468
test_00838,18.43604736328125
test_00839,32.55616302490235
test_00840,44.63871841430664
test_00841,111.58490142822265
test_00842,109.65108795166014
test_00843,10.63780517578125
test_00844,21.695116424560545
test_00845,8.83557586669922
test_00846,10.394033813476563
test_00847,27.4551513671875
test_00848,49.550830078125
test_00849,40.82184219360352
test_00850,14.934617614746092
test_00851,32.32003173828125
test_00852,49.93843078613281
test_00853,34.363687896728514
test_00854,59.46533203125
test_00855,44.79293594360352
test_00856,3.1596496582031253
test_00857,10.030361938476563
test_00858,4.631614685058594
test_00859,7.581361389160156
test_00860,14.813172912597658
test_00861,13.215446472167969
test_00862,1.566120910644531
test_00863,10.348126220703126
test_00864,11.504017639160157
test_00865,118.59099731445313
test_00866,25.858455657958984
test_00867,8.671229553222656
test_00868,49.51062774658203
test_00869,6.374951171875
test_00870,11.215570068359376
test_00871,13.3210693359375
test_00872,19.991746520996095
test_00873,19.239873504638673
test_00874,121.98987731933593
test_00875,22.83797607421875
test_00876,36.393830108642575
test_00877,21.837319183349607
test_00878,21.089482116699223
test_00879,7.4719970703125
test_00880,9.071163940429688
test_00881,74.11978607177734
test_00882,23.7270149230957
test_00883,111.64582977294921
test_00884,17.19542236328125
test_00885,7.751033020019531
test_00886,6.26446533203125
test_00887,25.149070739746094
test_00888,98.50108032226561
test_00889,164.90205078125
test_00890,144.26634826660157
test_00891,92.32955780029297
test_00892,39.68621139526367
test_00893,71.80492553710937
test_00894,65.98919982910157
test_00895,33.511532592773435
test_00896,145.11898803710938
test_00897,150.75835876464845
test_00898,10.737596130371095
test_00899,77.46776123046874
test_00900,146.47805786132812
test_00901,125.41774291992188
test_00902,32.254293060302736
test_00903,5.912619018554688
test_00904,17.887796020507814
test_00905,44.2996109008789
test_00906,20.692982482910157
test_00907,33.58551712036133
test_00908,2.6914611816406255
test_00909,31.553209686279303
test_00910,4.80810546875
test_00911,10.462274169921875
test_00912,61.265132141113284
test_00913,22.890945434570312
test_00914,185.75549621582033
test_00915,263.65935058593755
test_00916,188.08460998535156
test_00917,51.199292755126955
test_00918,7.1070297241210945
test_00919,54.782368469238286
test_00920,215.09804077148436
test_00921,16.665447235107422
test_00922,23.212464141845704
test_00923,49.271080017089844
test_00924,30.553633117675783
test_00925,26.27704620361328
test_00926,80.70470733642578
test_00927,109.6015655517578
test_00928,178.47177734375
test_00929,15.505517578125
test_00930,58.93736419677734
test_00931,6.716098022460937
test_00932,10.45123291015625
test_00933,6.013021850585939
test_00934,73.63816986083984
test_00935,113.59773254394531
test_00936,213.23982543945317
test_00937,4.462620544433594
test_00938,70.4333511352539
test_00939,96.07215423583985
test_00940,9.649815368652344
test_00941,16.843511962890624
test_00942,71.52515411376953
test_00943,170.16641235351562
test_00944,136.0166259765625
test_00945,25.46774597167969
test_00946,55.565049743652345
test_00947,141.2636962890625
test_00948,14.561453247070311
test_00949,29.494239807128906
test_00950,63.748972320556646
test_00951,193.53804931640624
test_00952,96.68846893310547
test_00953,9.850042724609374
test_00954,8.38702850341797
test_00955,85.39385986328125
test_00956,132.89331665039063
test_00957,228.5710693359375
test_00958,209.1164489746094
test_00959,368.8715515136719
test_00960,396.0533874511719
test_00961,7.426797485351562
test_00962,44.1921272277832
test_00963,209.26213989257812
test_00964,197.01073608398437
test_00965,12.996571350097657
test_00966,73.8039321899414
test_00967,7.757853698730469
test_00968,59.91677551269532
test_00969,126.58550109863282
test_00970,180.4160705566406
test_00971,15.9141845703125
test_00972,130.48892822265626
test_00973,70.51838073730468
test_00974,197.95985412597656
test_00975,164.66106872558595
test_00976,203.33988952636722
test_00977,24.6964111328125
test_00978,12.003866577148438
test_00979,6.3177749633789055
test_00980,9.823098754882812
test_00981,19.353818511962892
test_00982,12.071282958984376
test_00983,27.50614318847656
test_00984,110.95078887939452
test_00985,126.92015380859375
test_00986,128.11983642578124
test_00987,47.64895172119141
test_00988,5.406019592285156
test_00989,60.07563934326172
test_00990,11.495507812500001
test_00991,38.25486221313477
test_00992,46.436222076416016
test_00993,140.42105102539062
test_00994,193.3557189941406
test_00995,12.230619812011717
test_00996,287.17380981445314
test_00997,7.748605346679687
test_00998,8.343829345703124
test_00999,63.6553466796875
test_01000,7.059587097167968
test_01001,77.40438385009766
test_01002,108.5888442993164
test_01003,230.23314208984374
test_01004,11.269515991210938
test_01005,14.530821228027344
test_01006,85.30183410644531
test_01007,6.842190551757813
test_01008,6.529684448242188
test_01009,7.813864135742188
test_01010,52.81244583129883
test_01011,84.90958862304687
test_01012,44.238695526123045
test_01013,219.53056640625
test_01014,242.78273925781252
test_01015,5.149870300292969
test_01016,55.032524871826176
test_01017,109.85242614746093
test_01018,3.2924423217773438
test_01019,30.49502105712891
test_01020,92.23719329833983
test_01021,11.584025573730468
test_01022,19.80478286743164
test_01023,16.247048950195314
test_01024,29.34097442626953
test_01025,86.37543487548828
test_01026,7.783502197265625
test_01027,203.33160400390625
test_01028,108.68852844238282
test_01029,355.70661010742185
test_01030,69.85267028808593
test_01031,46.097924041748044
test_01032,97.66517639160156
test_01033,5.835894775390625
test_01034,4.941323852539063
test_01035,9.928947448730469
test_01036,19.90445556640625
test_01037,115.7023712158203
test_01038,8.79259033203125
test_01039,116.98774108886718
test_01040,295.16143188476565
test_01041,301.650732421875
test_01042,68.37309265136719
test_01043,48.09019241333007
test_01044,58.51708984375
test_01045,130.83079833984374
test_01046,53.946739959716794
test_01047,16.17327880859375
test_01048,45.53110275268555
test_01049,13.117829895019531
test_01050,55.409217834472656
test_01051,9.821165466308594
test_01052,10.878518676757814
test_01053,124.94480743408204
test_01054,59.97315444946289
test_01055,6.081340026855468
test_01056,13.708607482910155
test_01057,78.25019683837891
test_01058,103.2024932861328
test_01059,117.35445709228514
test_01060,31.152342224121092
test_01061,21.105717468261716
test_01062,58.73261184692383
test_01063,65.14660186767577
test_01064,43.68216171264648
test_01065,97.84181060791016
test_01066,62.083763122558594
test_01067,38.1282341003418
test_01068,103.22423858642577
test_01069,8.111564636230469
test_01070,16.93804473876953
test_01071,33.248680114746094
test_01072,71.19757843017578
test_01073,89.46770935058592
test_01074,50.7705337524414
test_01075,24.177606201171876
test_01076,76.07076263427734
test_01077,70.44911499023438
test_01078,103.26631469726563
test_01079,101.24472351074219
test_01080,66.01238403320312
test_01081,214.68035888671872
test_01082,38.752233886718756
test_01083,15.4641357421875
test_01084,59.09250259399414
test_01085,46.78346099853516
test_01086,29.412924194335936
test_01087,75.41017608642578
test_01088,25.756597137451173
test_01089,59.47464447021485
test_01090,174.83283081054685
test_01091,27.74821243286133
test_01092,36.79433822631836
test_01093,65.0076934814453
test_01094,47.104331970214844
test_01095,45.43593139648437
test_01096,52.10831909179687
test_01097,85.20692596435546
test_01098,136.30495910644532
test_01099,84.92228698730469
test_01100,72.9837860107422
test_01101,86.1262710571289
test_01102,56.30328140258789
test_01103,10.469577026367189
test_01104,23.649112701416016
test_01105,76.87366485595703
test_01106,40.79190979003906
test_01107,14.344746398925782
test_01108,98.9594940185547
test_01109,38.460340118408205
test_01110,38.44902572631836
test_01111,43.92804107666015
test_01112,78.31564178466797
test_01113,132.50256958007813
test_01114,91.34317932128906
test_01115,182.162353515625
test_01116,46.56557083129883
test_01117,12.067864990234375
test_01118,57.7781494140625
test_01119,65.59965515136719
test_01120,59.9904899597168
test_01121,14.687182617187501
test_01122,31.505377960205074
test_01123,30.40015869140625
test_01124,37.64702529907227
test_01125,108.91003570556641
test_01126,88.6626983642578
test_01127,170.94668579101562
test_01128,58.35280761718751
test_01129,131.94452514648435
test_01130,7.317953491210938
test_01131,16.76506576538086
test_01132,28.950086975097655
test_01133,71.07531127929687
test_01134,104.43772888183594
test_01135,119.20902709960937
test_01136,71.8308120727539
test_01137,37.078031921386724
test_01138,43.016197204589844
test_01139,137.48839721679687
test_01140,48.910702514648435
test_01141,92.0455078125
test_01142,88.07984466552733
test_01143,95.31010742187499
test_01144,93.84347534179688
test_01145,159.37424621582034
test_01146,137.23404541015626
test_01147,23.3674674987793
test_01148,27.79224624633789
test_01149,31.323612976074223
test_01150,37.32374877929688
test_01151,98.43727264404298
test_01152,104.0311065673828
test_01153,101.57663269042968
test_01154,13.213934326171875
test_01155,30.47862777709961
test_01156,71.50413970947265
test_01157,31.553648376464846
test_01158,56.11633911132813
test_01159,114.13116455078125
test_01160,46.84943313598633
test_01161,65.16776275634766
test_01162,179.80784606933594
test_01163,86.49096221923828
test_01164,103.8305160522461
test_01165,75.20351104736328
test_01166,137.85900268554687
test_01167,26.08139572143555
test_01168,50.8493408203125
test_01169,47.192316436767584
test_01170,75.83833770751953
test_01171,82.78563385009767
test_01172,56.44459838867188
test_01173,34.891481781005865
test_01174,16.259544372558594
test_01175,9.047599792480469
test_01176,32.09330062866211
test_01177,92.54867858886719
test_01178,62.2289321899414
test_01179,36.1154167175293
test_01180,78.20013885498048
test_01181,72.08484649658203
test_01182,39.49961547851562
test_01183,88.51360473632812
test_01184,125.55116577148438
test_01185,7.282095336914062
test_01186,30.604905700683595
test_01187,12.412060546874999
test_01188,17.342632293701172
test_01189,30.16751708984375
test_01190,19.368788909912112
test_01191,3.9010818481445315
test_01192,11.444244384765625
test_01193,14.50233154296875
test_01194,133.88612060546876
test_01195,34.37571563720703
test_01196,9.253124999999999
test_01197,48.52540435791016
test_01198,11.912010192871094
test_01199,11.166056823730468
test_01200,15.603236389160156
test_01201,33.40752639770508
test_01202,42.46738967895507
test_01203,67.18273162841797
test_01204,79.6501708984375
test_01205,162.74559936523437
test_01206,34.314230346679686
test_01207,28.516897583007815
test_01208,15.78917236328125
test_01209,30.60332565307617
test_01210,47.88647994995117
test_01211,84.160400390625
test_01212,107.30690002441406
test_01213,33.40330352783203
test_01214,189.48340454101563
test_01215,37.86837463378906
test_01216,9.466717529296876
test_01217,9.23951416015625
test_01218,44.57903900146484
test_01219,95.02973327636718
test_01220,229.38590698242186
test_01221,195.7648162841797
test_01222,112.66727905273437
test_01223,64.60106201171874
test_01224,52.25354232788086
test_01225,49.92563171386719
test_01226,24.604823303222652
test_01227,59.433110046386716
test_01228,179.89366149902344
test_01229,49.45655136108398
test_01230,128.8154541015625
test_01231,311.14415283203124
test_01232,130.88913269042968
test_01233,111.7965072631836
test_01234,59.06365203857422
test_01235,213.1855224609375
test_01236,42.79148941040039
test_01237,44.1499626159668
test_01238,8.306802368164062
test_01239,18.25002670288086
test_01240,53.255647277832026
test_01241,130.51022338867188
test_01242,4.480712890625
test_01243,4.130662536621093
test_01244,28.018475341796872
test_01245,7.776045227050782
test_01246,10.047993469238282
test_01247,78.92997589111329
test_01248,164.6094757080078
test_01249,294.2313171386719
test_01250,263.64836425781243
test_01251,114.97940979003906
test_01252,128.79918212890624
test_01253,12.798785400390624
test_01254,100.35887451171875
test_01255,187.5943603515625
test_01256,99.78755950927734
test_01257,55.838785552978514
test_01258,53.655052185058594
test_01259,6.919461059570311
test_01260,15.87620391845703
test_01261,88.47274932861328
test_01262,68.87748870849609
test_01263,196.41553039550777
test_01264,27.066246032714844
test_01265,79.30543823242186
test_01266,8.059982299804688
test_01267,8.651129150390625
test_01268,30.02589645385742
test_01269,101.78824768066406
test_01270,210.7906494140625
test_01271,288.3425048828125
test_01272,18.648057556152345
test_01273,150.6197998046875
test_01274,157.97826232910154
test_01275,8.328565979003905
test_01276,127.59574890136719
test_01277,204.23189697265622
test_01278,525.8876342773438
test_01279,71.71651000976563
test_01280,41.85597534179688
test_01281,112.09141387939454
test_01282,226.24285888671875
test_01283,8.418637084960936
test_01284,15.218890380859374
test_01285,216.99353637695313
test_01286,240.3844421386719
test_01287,10.994888305664062
test_01288,12.493212890625001
test_01289,8.010762023925782
test_01290,96.82745208740234
test_01291,290.8408142089844
test_01292,217.96865234374997
test_01293,243.77147827148437
test_01294,436.45838012695316
test_01295,484.27337646484375
test_01296,16.61888275146484
test_01297,102.25441131591796
test_01298,147.6311462402344
test_01299,171.07838745117186
test_01300,8.433403015136719
test_01301,157.5148956298828
test_01302,15.304141235351562
test_01303,404.99723510742194
test_01304,373.3793884277344
test_01305,373.181396484375
test_01306,84.44171752929688
test_01307,347.09126586914067
test_01308,300.9831726074219
test_01309,272.7663513183594
test_01310,166.30463256835938
test_01311,139.61777038574218
test_01312,21.311048126220705
test_01313,15.6177490234375
test_01314,4.8741455078125
test_01315,53.62582550048828
test_01316,83.9517105102539
test_01317,8.365516662597656
test_01318,36.09238891601562
test_01319,93.34175872802734
test_01320,141.12942504882812
test_01321,187.34732055664065
test_01322,69.39804077148438
test_01323,5.587251281738281
test_01324,82.72270202636719
test_01325,16.646707153320314
test_01326,36.49347763061523
test_01327,103.82206420898436
test_01328,145.80830078125
test_01329,311.464013671875
test_01330,13.013824462890625
test_01331,540.580126953125
test_01332,8.149134826660156
test_01333,11.19344482421875
test_01334,79.52245178222657
test_01335,5.241355895996094
test_01336,87.97976226806641
test_01337,321.60698242187505
test_01338,6.189047241210938
test_01339,11.07399139404297
test_01340,65.70751647949218
test_01341,10.25106964111328
test_01342,12.252603149414064
test_01343,15.553868103027343
test_01344,139.69837341308593
test_01345,163.58285827636718
test_01346,203.3114776611328
test_01347,271.1842834472656
test_01348,256.67474975585935
test_01349,4.659339904785156
test_01350,95.28000488281249
test_01351,163.57138061523438
test_01352,3.6568908691406254
test_01353,76.84833068847657
test_01354,100.7161376953125
test_01355,12.569024658203125
test_01356,20.764776611328124
test_01357,10.394351196289062
test_01358,24.22165451049805
test_01359,110.6375045776367
test_01360,5.8074798583984375
test_01361,171.44952697753905
test_01362,136.88567810058595
test_01363,362.34653930664064
test_01364,88.48456115722658
test_01365,57.09931945800781
test_01366,75.72191772460937
test_01367,5.283674621582031
test_01368,4.943241882324219
test_01369,7.987646484375
test_01370,15.754743194580078
test_01371,108.98979187011719
test_01372,9.182820129394532
test_01373,103.4375244140625
test_01374,279.9079650878906
test_01375,316.9291198730469
test_01376,75.35173492431642
test_01377,47.578645324707026
test_01378,50.97657012939453
test_01379,124.38793029785155
test_01380,58.67444458007813
test_01381,14.499589538574217
test_01382,34.97828979492188
test_01383,41.26748199462891
test_01384,15.18553009033203
test_01385,46.878633117675776
test_01386,8.921246337890626
test_01387,9.906050109863282
test_01388,125.50556182861328
test_01389,63.04231414794922
test_01390,7.1943725585937495
test_01391,10.949726867675782
test_01392,62.909942626953125
test_01393,109.4311309814453
test_01394,123.98855895996093
test_01395,33.167012786865236
test_01396,19.54603424072266
test_01397,60.655886840820315
test_01398,62.60154724121094
test_01399,85.54678344726562
test_01400,93.60962371826173
test_01401,42.3343635559082
test_01402,91.17848663330076
test_01403,13.9155029296875
test_01404,19.575284576416017
test_01405,38.688804626464844
test_01406,72.31681213378906
test_01407,81.21541442871094
test_01408,43.492855072021484
test_01409,19.596534729003906
test_01410,55.242197418212896
test_01411,60.30575027465821
test_01412,75.77227630615235
test_01413,93.90216674804688
test_01414,130.3697265625
test_01415,58.751921081542974
test_01416,190.72529296875
test_01417,202.42709655761718
test_01418,33.41333541870117
test_01419,24.863037109375
test_01420,58.29250640869141
test_01421,16.54224853515625
test_01422,19.832912445068356
test_01423,62.95853118896484
test_01424,27.061295318603516
test_01425,44.511514282226564
test_01426,185.4571319580078
test_01427,22.21362762451172
test_01428,27.679979705810545
test_01429,64.10406799316407
test_01430,37.543314361572264
test_01431,39.44209594726563
test_01432,49.70906066894531
test_01433,85.29266052246093
test_01434,91.53032073974609
test_01435,87.80457763671875
test_01436,69.79124450683594
test_01437,88.05789184570312
test_01438,58.42318420410156
test_01439,16.50172576904297
test_01440,17.34496612548828
test_01441,52.79160461425781
test_01442,35.51428909301758
test_01443,8.732489013671875
test_01444,96.44371032714844
test_01445,40.221708679199224
test_01446,42.325968170166014
test_01447,46.00487365722656
test_01448,77.33399963378906
test_01449,70.93574676513671
test_01450,96.89340209960938
test_01451,130.15762634277343
test_01452,98.22272033691405
test_01453,203.3960144042969
test_01454,40.75527725219727
test_01455,9.653215026855468
test_01456,71.09144592285156
test_01457,37.33114318847656
test_01458,68.01570739746094
test_01459,16.8802978515625
test_01460,29.87712326049805
test_01461,31.58471603393555
test_01462,37.93230514526367
test_01463,115.33359985351562
test_01464,97.0093780517578
test_01465,172.88267211914064
test_01466,68.1546646118164
test_01467,84.6129409790039
test_01468,8.272062683105469
test_01469,14.886131286621094
test_01470,28.45997009277344
test_01471,71.03666992187499
test_01472,107.83304443359376
test_01473,124.7696762084961
test_01474,84.48545532226564
test_01475,31.246661376953124
test_01476,32.01682968139649
test_01477,116.60035552978515
test_01478,50.54405517578125
test_01479,86.65104064941406
test_01480,103.67684173583984
test_01481,68.76901092529297
test_01482,67.17747802734375
test_01483,129.16248779296876
test_01484,103.41220397949219
test_01485,85.14740600585938
test_01486,19.015287780761717
test_01487,48.39046936035156
test_01488,44.29432525634765
test_01489,38.82661743164063
test_01490,110.03392639160157
test_01491,135.47136840820312
test_01492,83.57673492431641
test_01493,16.121658325195312
test_01494,52.10794525146485
test_01495,125.46541137695313
test_01496,33.99718551635742
test_01497,47.7198486328125
test_01498,9.872442626953124
test_01499,120.92148132324218
test_01500,137.96341247558593
test_01501,58.29075241088867
test_01502,70.85829162597656
test_01503,150.47145385742186
test_01504,68.31401062011719
test_01505,92.38046417236328
test_01506,75.1405059814453
test_01507,111.84090423583984
test_01508,26.75087203979492
test_01509,46.95518951416017
test_01510,51.473359680175776
test_01511,75.44401702880859
test_01512,87.81790161132812
test_01513,76.37817077636718
test_01514,30.514410400390624
test_01515,16.435620880126955
test_01516,8.117286682128908
test_01517,26.86398696899414
test_01518,85.6612335205078
test_01519,60.271959686279295
test_01520,31.719205474853517
test_01521,69.8864990234375
test_01522,70.20983581542968
test_01523,34.8589714050293
test_01524,113.40122985839844
test_01525,129.1017822265625
test_01526,5.427619934082031
test_01527,31.18610534667969
test_01528,8.805274963378906
test_01529,19.941665649414062
test_01530,23.730060577392578
test_01531,20.25567626953125
test_01532,7.5336959838867195
test_01533,21.151654052734376
test_01534,21.06501541137695
test_01535,138.9030334472656
test_01536,28.958230590820314
test_01537,19.434004974365234
test_01538,56.328529357910156
test_01539,17.376131439208983
test_01540,8.801806640625
test_01541,9.829664611816405
test_01542,37.50416564941406
test_01543,39.96162338256836
test_01544,77.85173797607422
test_01545,56.75388488769532
test_01546,153.2649688720703
test_01547,38.684322357177734
test_01548,26.020803833007815
test_01549,12.327891540527343
test_01550,25.02583770751953
test_01551,47.63743286132812
test_01552,98.69122619628905
test_01553,82.11398468017578
test_01554,32.624524688720705
test_01555,180.40841979980468
test_01556,26.421540069580075
test_01557,9.558648681640625
test_01558,14.045112609863281
test_01559,40.866705322265624
test_01560,98.54647216796874
test_01561,200.6065460205078
test_01562,176.56385498046876
test_01563,102.7865707397461
test_01564,40.45810394287109
test_01565,64.22514038085939
test_01566,51.96491622924805
test_01567,51.81123352050781
test_01568,19.268762969970705
test_01569,49.7490966796875
test_01570,171.834228515625
test_01571,54.69800567626953
test_01572,123.01663818359374
test_01573,254.76428833007813
test_01574,261.7955017089844
test_01575,126.02878723144532
test_01576,127.737158203125
test_01577,83.6746566772461
test_01578,242.08780517578123
test_01579,60.05036926269531
test_01580,39.41854400634766
test_01581,7.069003295898437
test_01582,21.60211944580078
test_01583,80.33936157226563
test_01584,113.02992858886716
test_01585,10.986239624023437
test_01586,53.909020996093744
test_01587,3.6660858154296876
test_01588,27.409408569335938
test_01589,9.957817077636719
test_01590,8.255072021484375
test_01591,74.70530548095704
test_01592,146.0599853515625
test_01593,263.9781066894531
test_01594,229.86600341796873
test_01595,113.23311462402343
test_01596,129.7539764404297
test_01597,13.189668273925781
test_01598,100.36569824218749
test_01599,209.79906005859374
test_01600,134.84564819335938
test_01601,76.31402130126953
test_01602,61.321259307861325
test_01603,21.560765075683594
test_01604,14.99156951904297
test_01605,80.3197021484375
test_01606,65.19747924804688
test_01607,194.56505126953124
test_01608,40.30948944091797
test_01609,72.80789184570312
test_01610,8.704534912109375
test_01611,7.628628540039063
test_01612,18.50717697143555
test_01613,101.75617675781251
test_01614,205.88350830078124
test_01615,296.77302246093745
test_01616,20.126139068603518
test_01617,109.27977294921874
test_01618,138.23017578125
test_01619,6.72584228515625
test_01620,139.2091857910156
test_01621,174.7885223388672
test_01622,459.70294189453125
test_01623,92.89728088378905
test_01624,34.855133819580075
test_01625,121.32625274658204
test_01626,192.0277099609375
test_01627,8.828520202636719
test_01628,21.131788635253905
test_01629,154.08375854492186
test_01630,228.25319213867186
test_01631,10.8593505859375
test_01632,16.702386474609376
test_01633,12.616275024414062
test_01634,82.46449737548828
test_01635,268.06992797851564
test_01636,234.23086547851562
test_01637,203.03566284179686
test_01638,371.8984619140625
test_01639,490.4930725097656
test_01640,16.39344024658203
test_01641,91.15820770263673
test_01642,178.36310119628905
test_01643,172.53575439453124
test_01644,12.62308349609375
test_01645,160.13341369628904
test_01646,10.64454803466797
test_01647,348.12872924804685
test_01648,250.1138488769531
test_01649,407.0485534667969
test_01650,143.8701934814453
test_01651,280.87700195312505
test_01652,255.386865234375
test_01653,177.03428344726564
test_01654,142.73831176757812
test_01655,29.000904846191407
test_01656,11.496974182128907
test_01657,6.090675354003906
test_01658,70.20714263916015
test_01659,92.43379211425781
test_01660,10.522964477539062
test_01661,32.385678100585935
test_01662,88.4173080444336
test_01663,121.08832397460938
test_01664,178.32047119140626
test_01665,53.503762054443364
test_01666,4.885316467285157
test_01667,73.53244171142578
test_01668,9.363972473144532
test_01669,23.612740325927735
test_01670,75.51368255615235
test_01671,178.12851867675784
test_01672,274.3342590332031
test_01673,6.581126403808594
test_01674,539.7565185546875
test_01675,8.69571990966797
test_01676,9.872297668457032
test_01677,66.41515808105468
test_01678,4.086935424804688
test_01679,55.10719757080078
test_01680,83.72466278076172
test_01681,7.936048889160157
test_01682,8.962629699707032
test_01683,59.92819519042969
test_01684,8.509803771972656
test_01685,8.571466064453125
test_01686,11.639068603515625
test_01687,120.78970947265626
test_01688,148.3839111328125
test_01689,164.77262268066409
test_01690,254.142822265625
test_01691,280.27064819335936
test_01692,3.7167984008789063
test_01693,86.329638671875
test_01694,141.74321899414062
test_01695,2.7392623901367186
test_01696,81.02028961181641
test_01697,87.80790252685547
test_01698,21.069002532958983
test_01699,35.8436393737793
test_01700,8.84378662109375
test_01701,23.187611389160153
test_01702,69.14375457763671
test_01703,9.218280029296874
test_01704,154.68912353515626
test_01705,179.26200561523433
test_01706,334.96278076171876
test_01707,93.0583724975586
test_01708,56.66330108642578
test_01709,52.481919860839845
test_01710,4.297944641113281
test_01711,6.506651306152344
test_01712,7.355477905273437
test_01713,13.847166442871092
test_01714,91.96168060302733
test_01715,5.562211608886718
test_01716,112.96357574462891
test_01717,264.69000854492185
test_01718,356.20773925781253
test_01719,93.15166931152345
test_01720,52.154423522949216
test_01721,52.85997772216797
test_01722,117.2773208618164
test_01723,57.83749847412109
test_01724,5.340892028808593
test_01725,36.053591156005865
test_01726,53.64434661865235
test_01727,10.592501831054687
test_01728,66.19472045898438
test_01729,5.8743896484375
test_01730,9.728765869140625
test_01731,88.63792724609375
test_01732,65.19815368652343
test_01733,5.165937805175781
test_01734,10.857829284667968
test_01735,64.50802154541016
test_01736,126.58355407714843
test_01737,79.85013732910156
test_01738,15.684835815429688
test_01739,16.987679290771485
test_01740,52.176422119140625
test_01741,57.022711181640624
test_01742,42.41836242675781
test_01743,127.3093017578125
test_01744,121.19689025878907
test_01745,69.98534088134765
test_01746,91.66876525878905
test_01747,15.054391479492189
test_01748,34.83901138305664
test_01749,40.29630661010742
test_01750,70.0963348388672
test_01751,83.16637878417968
test_01752,21.40798645019531
test_01753,10.297923278808593
test_01754,55.72603530883789
test_01755,54.50046997070312
test_01756,76.22261810302734
test_01757,74.5927947998047
test_01758,68.45655975341796
test_01759,44.34677352905274
test_01760,236.059033203125
test_01761,205.8300109863281
test_01762,19.97987365722656
test_01763,12.397166442871093
test_01764,21.419245147705077
test_01765,47.294130706787115
test_01766,11.461314392089845
test_01767,20.199305725097656
test_01768,60.027855682373044
test_01769,28.211248016357423
test_01770,53.263742065429696
test_01771,196.47337646484374
test_01772,21.4978759765625
test_01773,36.56275863647461
test_01774,62.30747528076172
test_01775,51.02029266357422
test_01776,41.78547897338868
test_01777,54.750624084472655
test_01778,89.6441635131836
test_01779,97.90884094238281
test_01780,83.99156646728515
test_01781,41.98563079833984
test_01782,79.10679626464844
test_01783,29.031671905517577
test_01784,9.028791809082032
test_01785,14.535035705566408
test_01786,58.48657379150391
test_01787,18.48178939819336
test_01788,92.88089904785156
test_01789,36.81270980834961
test_01790,41.767340087890624
test_01791,64.79435882568359
test_01792,54.52096786499023
test_01793,69.19840087890626
test_01794,116.97921142578124
test_01795,90.77177429199219
test_01796,248.94013671875
test_01797,47.599629211425786
test_01798,9.109211730957032
test_01799,38.86522598266602
test_01800,25.03989944458008
test_01801,56.30221405029297
test_01802,8.857380676269532
test_01803,30.20669403076172
test_01804,29.024411010742185
test_01805,37.046278381347655
test_01806,76.88327178955078
test_01807,105.88841705322264
test_01808,112.15076904296875
test_01809,79.14062042236328
test_01810,20.708702087402344
test_01811,8.595347595214843
test_01812,12.469342041015624
test_01813,38.61302261352539
test_01814,90.69949951171876
test_01815,98.43677368164063
test_01816,109.49037017822266
test_01817,53.51874237060547
test_01818,29.619673919677737
test_01819,38.662907409667966
test_01820,108.07453002929688
test_01821,54.45637817382812
test_01822,100.44935302734375
test_01823,88.69644775390626
test_01824,63.621087646484376
test_01825,102.54439086914061
test_01826,113.19679260253906
test_01827,83.35804748535156
test_01828,69.66074829101562
test_01829,16.390055847167968
test_01830,44.59897079467773
test_01831,26.177154541015625
test_01832,29.98340835571289
test_01833,75.90642242431642
test_01834,112.657568359375
test_01835,57.84842300415039
test_01836,10.4184814453125
test_01837,25.127857208251953
test_01838,55.47849884033204
test_01839,144.84051513671875
test_01840,136.69357604980468
test_01841,34.4215087890625
test_01842,36.03366928100586
test_01843,13.718865966796875
test_01844,83.65110778808594
test_01845,117.6589385986328
test_01846,51.05203857421875
test_01847,76.2521987915039
test_01848,66.00987701416015
test_01849,23.070776367187502
test_01850,34.857398223876956
test_01851,76.2222640991211
test_01852,89.9395736694336
test_01853,22.68880844116211
test_01854,40.098757934570315
test_01855,43.54160842895507
test_01856,65.41368408203124
test_01857,106.53402709960938
test_01858,42.23506011962891
test_01859,37.97418365478516
test_01860,16.052896118164064
test_01861,10.121101379394531
test_01862,25.73981475830078
test_01863,70.12716064453124
test_01864,61.08268737792969
test_01865,25.408261871337892
test_01866,64.95858764648438
test_01867,75.47911682128907
test_01868,46.904005432128905
test_01869,99.2925994873047
test_01870,86.12762908935547
test_01871,2.2489349365234372
test_01872,6.7768096923828125
test_01873,8.771221923828126
test_01874,10.67047119140625
test_01875,25.603913879394533
test_01876,13.313818359374999
test_01877,3.183416748046875
test_01878,22.418789672851563
test_01879,14.586590576171876
test_01880,140.99219970703126
test_01881,14.899562072753906
test_01882,56.44681854248047
test_01883,7.452944946289063
test_01884,7.721949768066406
test_01885,12.08700408935547
test_01886,31.103039550781247
test_01887,38.706057739257815
test_01888,94.22309265136718
test_01889,46.895972442626956
test_01890,170.13560180664064
test_01891,66.96880798339843
test_01892,21.78205184936523
test_01893,15.747351074218749
test_01894,22.282215881347657
test_01895,90.14505920410156
test_01896,86.39151611328126
test_01897,98.5984115600586
test_01898,217.73670654296873
test_01899,27.805754089355467
test_01900,9.134475708007812
test_01901,9.904100036621095
test_01902,195.85504760742185
test_01903,198.12203369140624
test_01904,99.47490844726562
test_01905,32.69861373901367
test_01906,60.53307571411133
test_01907,58.32496795654296
test_01908,45.76053237915039
test_01909,36.536320495605466
test_01910,85.3857650756836
test_01911,156.80300903320312
test_01912,79.1220718383789
test_01913,122.40747680664062
test_01914,195.78700866699216
test_01915,256.81402587890625
test_01916,144.64598083496094
test_01917,101.22109680175782
test_01918,84.70010833740234
test_01919,200.28548889160157
test_01920,81.58197784423828
test_01921,52.6385139465332
test_01922,17.885348510742187
test_01923,19.32176742553711
test_01924,33.657830810546876
test_01925,95.46153869628907
test_01926,10.6451904296875
test_01927,36.66178207397461
test_01928,4.755564880371094
test_01929,24.162618255615236
test_01930,7.298895263671875
test_01931,8.633084106445313
test_01932,75.5063262939453
test_01933,143.96064453125
test_01934,312.08555297851564
test_01935,231.83422851562497
test_01936,93.26577453613281
test_01937,115.33151245117188
test_01938,8.468704223632812
test_01939,99.36050720214843
test_01940,210.53571166992188
test_01941,47.41123962402343
test_01942,73.73628540039063
test_01943,50.4721435546875
test_01944,13.315701293945313
test_01945,20.097663116455077
test_01946,77.30254974365235
test_01947,72.93755340576172
test_01948,165.1210144042969
test_01949,16.23336410522461
test_01950,59.56255874633789
test_01951,4.389924621582031
test_01952,5.673171997070313
test_01953,2.839411926269531
test_01954,85.34266204833985
test_01955,174.75729370117188
test_01956,430.6739807128906
test_01957,17.496055603027344
test_01958,119.32587280273438
test_01959,139.3125213623047
test_01960,7.3025268554687495
test_01961,65.949365234375
test_01962,91.72509460449218
test_01963,360.4470642089844
test_01964,144.71822204589844
test_01965,41.95390853881836
test_01966,67.39996948242188
test_01967,188.20968017578122
test_01968,5.770951843261718
test_01969,20.97285690307617
test_01970,110.94310302734375
test_01971,242.9764892578125
test_01972,10.3867919921875
test_01973,1.4488235473632813
test_01974,93.18646240234375
test_01975,163.89386901855468
test_01976,265.9239562988281
test_01977,209.61606445312498
test_01978,500.14187011718747
test_01979,446.05556030273436
test_01980,6.048384094238282
test_01981,98.30261840820312
test_01982,158.62146606445313
test_01983,159.81080322265626
test_01984,12.935754394531251
test_01985,174.52825927734375
test_01986,8.173872375488282
test_01987,66.2192367553711
test_01988,182.13900146484377
test_01989,384.6631286621094
test_01990,7.4959564208984375
test_01991,189.3407409667969
test_01992,360.80256347656245
test_01993,249.75501708984376
test_01994,163.62620239257814
test_01995,245.46184692382806
test_01996,18.661093139648436
test_01997,18.03188705444336
test_01998,5.814698791503906
test_01999,60.2710693359375
test_02000,99.1086669921875
test_02001,4.048008728027344
test_02002,29.139785003662112
test_02003,94.77149200439453
test_02004,126.21862640380859
test_02005,172.6297180175781
test_02006,70.1242660522461
test_02007,2.7439910888671872
test_02008,71.48806457519531
test_02009,15.020151519775391
test_02010,21.142620086669922
test_02011,40.53349075317384
test_02012,92.30347747802735
test_02013,216.5261291503906
test_02014,2.1394622802734373
test_02015,491.37774047851565
test_02016,4.711898803710937
test_02017,12.011766052246095
test_02018,77.29399871826172
test_02019,5.2483154296875
test_02020,59.086210632324224
test_02021,101.66444549560546
test_02022,274.51007080078125
test_02023,4.309403991699218
test_02024,13.989697265625
test_02025,75.19951629638672
test_02026,8.457688903808593
test_02027,5.794889831542969
test_02028,8.97828369140625
test_02029,165.37332763671876
test_02030,173.65627441406252
test_02031,115.34028472900391
test_02032,216.83200073242188
test_02033,281.4483581542969
test_02034,5.405758666992187
test_02035,75.742578125
test_02036,130.92005615234376
test_02037,5.07486572265625
test_02038,81.12343139648436
test_02039,102.07191467285156
test_02040,23.187725067138672
test_02041,28.24273681640625
test_02042,10.665681457519533
test_02043,28.193868255615232
test_02044,70.89194183349609
test_02045,4.629098510742187
test_02046,122.15196380615235
test_02047,130.82796630859374
test_02048,311.96185913085935
test_02049,46.52130889892578
test_02050,30.31051940917969
test_02051,98.34097747802736
test_02052,9.037408447265623
test_02053,9.63431396484375
test_02054,10.194419860839844
test_02055,18.54792098999023
test_02056,80.83497009277343
test_02057,10.24719696044922
test_02058,72.63190002441407
test_02059,206.50507202148435
test_02060,271.64635009765624
test_02061,30.034954071044922
test_02062,55.13970794677735
test_02063,34.47805557250977
test_02064,123.74140930175781
test_02065,59.782224273681635
test_02066,8.121241760253906
test_02067,18.96483612060547
test_02068,14.938381958007813
test_02069,9.226332092285157
test_02070,25.062472534179687
test_02071,8.214836120605469
test_02072,5.821185302734376
test_02073,52.68553009033204
test_02074,71.51701049804689
test_02075,7.600978088378906
test_02076,10.635919189453126
test_02077,85.87297058105469
test_02078,87.7026596069336
test_02079,3.924305725097656
test_02080,9.556828308105468
test_02081,50.84516143798828
test_02082,53.81044311523438
test_02083,35.61677551269531
test_02084,72.97535858154296
test_02085,49.37447280883789
test_02086,42.622840881347656
test_02087,79.75231628417968
test_02088,12.168232727050782
test_02089,15.60255126953125
test_02090,23.461676788330077
test_02091,45.275309753417964
test_02092,66.50900268554688
test_02093,34.5295524597168
test_02094,12.353227233886718
test_02095,29.25072479248047
test_02096,60.237124633789065
test_02097,67.19884490966797
test_02098,57.44246520996094
test_02099,66.1096405029297
test_02100,38.297996520996094
test_02101,133.37641296386718
test_02102,174.63392333984376
test_02103,45.76449279785156
test_02104,4.4213821411132805
test_02105,58.0082046508789
test_02106,52.568450164794925
test_02107,23.629141998291015
test_02108,27.902835845947266
test_02109,51.45488586425781
test_02110,25.13750381469727
test_02111,81.46882629394531
test_02112,115.9797836303711
test_02113,15.694616699218749
test_02114,30.873703765869138
test_02115,66.46062469482422
test_02116,10.948202514648438
test_02117,20.06200408935547
test_02118,68.79130096435546
test_02119,103.51712799072266
test_02120,74.32210998535156
test_02121,50.66194763183594
test_02122,34.03441467285156
test_02123,53.498756408691406
test_02124,16.20833282470703
test_02125,10.159255981445314
test_02126,17.036994171142577
test_02127,66.33537902832032
test_02128,59.79325561523438
test_02129,14.037290954589842
test_02130,70.252392578125
test_02131,29.781079101562497
test_02132,32.15091400146484
test_02133,49.78971862792969
test_02134,52.83744506835938
test_02135,87.12781219482422
test_02136,54.46477203369141
test_02137,47.082448577880854
test_02138,70.20930480957031
test_02139,78.47869567871093
test_02140,36.94270706176758
test_02141,8.585952758789062
test_02142,53.02817687988282
test_02143,20.416048431396483
test_02144,37.688367462158205
test_02145,13.939590454101562
test_02146,14.383886718749999
test_02147,18.494808959960935
test_02148,19.571504974365237
test_02149,58.570045471191406
test_02150,79.86204528808594
test_02151,108.07875366210938
test_02152,42.6342414855957
test_02153,38.51400451660156
test_02154,4.763987731933593
test_02155,16.713438415527342
test_02156,72.43986816406249
test_02157,60.32485656738282
test_02158,38.983523559570315
test_02159,113.92406311035157
test_02160,34.059654235839844
test_02161,13.221673583984376
test_02162,48.52882843017579
test_02163,65.33794250488282
test_02164,38.781343078613276
test_02165,90.21475830078126
test_02166,108.18986816406249
test_02167,63.46535186767578
test_02168,44.58202133178712
test_02169,123.8155487060547
test_02170,101.00948638916016
test_02171,83.46276245117187
test_02172,10.3807373046875
test_02173,36.65934753417969
test_02174,32.17742080688477
test_02175,19.535015869140622
test_02176,43.00903091430664
test_02177,86.0757827758789
test_02178,67.62029724121093
test_02179,10.327056121826171
test_02180,13.065057373046876
test_02181,76.31159515380858
test_02182,110.75764465332031
test_02183,103.73962860107422
test_02184,34.946135711669925
test_02185,28.488947296142577
test_02186,23.249138641357423
test_02187,182.11965332031247
test_02188,45.970662689208986
test_02189,34.74300765991211
test_02190,46.36241912841797
test_02191,31.90190658569336
test_02192,57.52577362060547
test_02193,63.383436584472655
test_02194,98.92484893798829
test_02195,17.113712310791016
test_02196,19.211472320556638
test_02197,28.65394439697266
test_02198,129.45522766113282
test_02199,115.36647033691406
test_02200,12.284648895263672
test_02201,14.75758514404297
test_02202,10.865553283691407
test_02203,13.305786132812502
test_02204,26.77823181152344
test_02205,53.33390121459961
test_02206,52.141464996337895
test_02207,18.851976776123045
test_02208,44.215728759765625
test_02209,63.87764663696289
test_02210,44.48281478881836
test_02211,61.589875030517575
test_02212,91.28995361328126
test_02213,5.478971862792969
test_02214,12.0817626953125
test_02215,9.834249877929688
test_02216,10.497207641601562
test_02217,16.572462463378905
test_02218,19.266712951660153
test_02219,6.458050537109375
test_02220,12.746070861816406
test_02221,13.177525329589844
test_02222,109.24647674560546
test_02223,32.64327774047851
test_02224,13.286578369140626
test_02225,40.424958038330075
test_02226,13.012791442871094
test_02227,7.846000671386719
test_02228,11.15626220703125
test_02229,21.547926330566405
test_02230,31.136782836914062
test_02231,110.22915954589844
test_02232,91.74541625976563
test_02233,49.20679168701172
test_02234,26.453114318847657
test_02235,16.5876708984375
test_02236,10.248892211914063
test_02237,17.350476837158205
test_02238,75.35265350341797
test_02239,133.198046875
test_02240,17.829428100585936
test_02241,134.9447814941406
test_02242,22.037935638427733
test_02243,6.2518768310546875
test_02244,8.317398071289062
test_02245,18.278050231933594
test_02246,196.42647094726559
test_02247,150.4923583984375
test_02248,54.860102844238284
test_02249,33.4835205078125
test_02250,76.77804412841797
test_02251,79.86383209228515
test_02252,40.53669128417969
test_02253,14.711720275878905
test_02254,62.258638000488276
test_02255,119.17008056640626
test_02256,74.37371978759765
test_02257,104.12922058105468
test_02258,149.59937133789063
test_02259,248.7787109375
test_02260,97.07817993164062
test_02261,68.71455535888671
test_02262,54.27902755737305
test_02263,179.66341552734374
test_02264,132.59239807128907
test_02265,33.97535934448242
test_02266,6.550961303710938
test_02267,19.586556243896485
test_02268,23.715614318847656
test_02269,7.290992736816406
test_02270,34.09269409179687
test_02271,2.4438476562499996
test_02272,29.86117477416992
test_02273,7.033520507812501
test_02274,9.451463317871095
test_02275,71.15892028808594
test_02276,135.53009033203125
test_02277,294.13865966796874
test_02278,210.8079528808594
test_02279,163.038525390625
test_02280,68.82819671630858
test_02281,16.428932189941406
test_02282,44.37743911743165
test_02283,163.7700134277344
test_02284,77.55706481933593
test_02285,61.867724609375
test_02286,52.95250549316406
test_02287,65.38453369140626
test_02288,16.063322448730467
test_02289,66.60324401855469
test_02290,129.35498962402346
test_02291,179.7272155761719
test_02292,25.84388885498047
test_02293,46.723079681396484
test_02294,10.000358581542969
test_02295,9.139305114746094
test_02296,9.52845458984375
test_02297,80.01020660400391
test_02298,94.54341125488281
test_02299,209.18748779296874
test_02300,36.676449584960935
test_02301,52.35738830566406
test_02302,81.6914566040039
test_02303,7.895040893554688
test_02304,33.86208572387695
test_02305,64.22613983154297
test_02306,283.3211303710938
test_02307,105.53170776367188
test_02308,15.164576721191406
test_02309,45.50374221801758
test_02310,133.92247009277344
test_02311,15.627359008789064
test_02312,16.967462921142577
test_02313,45.66652145385742
test_02314,204.4509765625
test_02315,9.444862365722654
test_02316,12.044143676757812
test_02317,7.751481628417969
test_02318,25.2926383972168
test_02319,67.03564147949218
test_02320,101.10370178222655
test_02321,73.77686920166016
test_02322,385.0295654296875
test_02323,391.7143371582032
test_02324,6.773204040527344
test_02325,37.03309707641601
test_02326,138.14438171386718
test_02327,152.119384765625
test_02328,19.912891387939453
test_02329,56.49861602783203
test_02330,27.502623748779296
test_02331,42.779177856445315
test_02332,124.3723358154297
test_02333,311.16972656250005
test_02334,265.6138977050781
test_02335,147.93908081054687
test_02336,86.51785888671876
test_02337,238.777685546875
test_02338,133.27586364746094
test_02339,146.2682861328125
test_02340,35.15512542724609
test_02341,14.746163940429687
test_02342,2.85184326171875
test_02343,51.35830841064454
test_02344,19.961644744873045
test_02345,15.318876647949217
test_02346,11.57440643310547
test_02347,85.9167709350586
test_02348,140.11167602539064
test_02349,153.72382202148438
test_02350,41.54866409301758
test_02351,6.560757446289063
test_02352,41.00115737915039
test_02353,12.648776245117187
test_02354,13.423529052734375
test_02355,24.75550308227539
test_02356,85.06655883789062
test_02357,186.07316284179683
test_02358,5.131050109863281
test_02359,214.87318115234376
test_02360,7.7451019287109375
test_02361,14.745152282714844
test_02362,67.01017608642579
test_02363,7.024655151367186
test_02364,34.94274139404297
test_02365,54.11414260864258
test_02366,232.60947875976558
test_02367,8.733547973632811
test_02368,7.002569580078125
test_02369,86.04559936523438
test_02370,4.555323791503906
test_02371,7.2774307250976555
test_02372,10.22003631591797
test_02373,137.81981506347654
test_02374,83.0397720336914
test_02375,129.43023681640625
test_02376,218.34622802734373
test_02377,232.324658203125
test_02378,3.647686767578125
test_02379,31.291078186035154
test_02380,103.7238983154297
test_02381,3.32657470703125
test_02382,26.763534545898438
test_02383,96.023193359375
test_02384,18.067900085449217
test_02385,24.151817321777347
test_02386,33.4441047668457
test_02387,20.80414810180664
test_02388,55.88200378417969
test_02389,9.021954345703126
test_02390,206.6551940917969
test_02391,122.93744659423828
test_02392,393.3250366210938
test_02393,71.42404022216797
test_02394,51.66875
test_02395,118.42343139648438
test_02396,8.458366394042969
test_02397,5.8925628662109375
test_02398,11.7760009765625
test_02399,19.79590606689453
test_02400,100.07801208496095
test_02401,7.891885375976562
test_02402,123.53573760986328
test_02403,271.0495178222656
test_02404,280.5525390625
test_02405,62.45267639160156
test_02406,45.93682174682617
test_02407,52.1697494506836
test_02408,124.36787109375
test_02409,50.91020202636719
test_02410,14.805708312988282
test_02411,33.063052368164065
test_02412,35.378431701660155
test_02413,11.79249267578125
test_02414,51.3306755065918
test_02415,8.982733154296875
test_02416,8.394233703613281
test_02417,118.77710266113282
test_02418,81.78963623046874
test_02419,5.741172790527344
test_02420,18.60298385620117
test_02421,69.06053924560547
test_02422,91.64424438476563
test_02423,104.50163269042969
test_02424,24.360496520996094
test_02425,14.164122009277346
test_02426,57.79245147705078
test_02427,62.09451522827149
test_02428,38.33978118896484
test_02429,87.56295471191406
test_02430,59.19479522705078
test_02431,39.93629531860351
test_02432,86.43484954833984
test_02433,7.259098815917969
test_02434,15.267826080322266
test_02435,31.0862678527832
test_02436,61.167091369628906
test_02437,78.20757598876953
test_02438,51.71327819824219
test_02439,28.39551467895508
test_02440,71.00986328125
test_02441,62.050820159912114
test_02442,80.85804748535156
test_02443,90.72634887695312
test_02444,101.42867126464844
test_02445,65.94652709960937
test_02446,130.8129852294922
test_02447,193.44498291015626
test_02448,45.726374816894534
test_02449,7.7913360595703125
test_02450,27.575643157958986
test_02451,44.10813980102539
test_02452,15.370540618896484
test_02453,28.17080078125
test_02454,91.84169006347656
test_02455,24.372988128662115
test_02456,39.46898498535156
test_02457,144.55433349609376
test_02458,17.413764190673827
test_02459,32.17693939208984
test_02460,57.98813171386719
test_02461,34.59945220947266
test_02462,40.394065856933594
test_02463,47.498450469970706
test_02464,77.95291137695312
test_02465,124.81724243164064
test_02466,90.60355682373047
test_02467,77.44596405029297
test_02468,80.58142852783203
test_02469,46.672828674316406
test_02470,12.611143493652344
test_02471,20.54259262084961
test_02472,83.92889556884765
test_02473,33.6851791381836
test_02474,7.404623413085938
test_02475,100.5753448486328
test_02476,40.41127395629883
test_02477,30.660330963134765
test_02478,43.23475341796875
test_02479,89.85407409667968
test_02480,70.22347259521484
test_02481,64.64644927978516
test_02482,128.33444519042968
test_02483,89.8272735595703
test_02484,177.00149536132812
test_02485,39.91538925170899
test_02486,8.461669921875
test_02487,62.16731414794922
test_02488,70.02734069824218
test_02489,64.602294921875
test_02490,14.146360778808594
test_02491,29.38120422363281
test_02492,34.758493804931646
test_02493,47.45951385498047
test_02494,119.39508972167968
test_02495,81.57911376953125
test_02496,178.238232421875
test_02497,61.502400970458986
test_02498,138.64640197753906
test_02499,11.211750793457032
test_02500,17.132208251953124
test_02501,30.958928680419923
test_02502,68.19671325683595
test_02503,98.01289825439453
test_02504,110.34465942382813
test_02505,49.721435546875
test_02506,37.14393310546875
test_02507,42.973698425292966
test_02508,133.36080017089844
test_02509,61.03358154296875
test_02510,90.18337554931641
test_02511,77.81900939941406
test_02512,63.95518035888672
test_02513,70.4597183227539
test_02514,115.76967010498046
test_02515,85.17259674072265
test_02516,66.08329010009766
test_02517,21.63644790649414
test_02518,59.79036636352539
test_02519,36.41526870727539
test_02520,34.21553497314453
test_02521,97.08759002685545
test_02522,93.64791107177734
test_02523,95.82994842529297
test_02524,13.875286102294922
test_02525,37.18986892700195
test_02526,69.99757232666016
test_02527,141.9768798828125
test_02528,126.9818359375
test_02529,25.60447998046875
test_02530,45.877995300292966
test_02531,8.948907470703126
test_02532,129.20285644531248
test_02533,118.31315307617187
test_02534,35.149289703369135
test_02535,57.81098861694336
test_02536,169.01065979003906
test_02537,89.82550506591798
test_02538,102.79703674316407
test_02539,68.2279052734375
test_02540,135.86312866210938
test_02541,24.234136199951173
test_02542,46.55281372070313
test_02543,62.879964447021486
test_02544,74.81026306152344
test_02545,86.33120727539062
test_02546,55.338768005371094
test_02547,30.370741271972655
test_02548,16.979872894287112
test_02549,14.7343017578125
test_02550,30.711306762695315
test_02551,90.86150360107422
test_02552,56.515786743164064
test_02553,33.16087341308594
test_02554,70.83992614746094
test_02555,64.69783935546874
test_02556,40.699193572998055
test_02557,88.86728057861328
test_02558,99.58107299804688
test_02559,6.660105895996093
test_02560,35.40991439819336
test_02561,14.230169677734374
test_02562,24.046640014648432
test_02563,42.24148101806641
test_02564,24.381964111328124
test_02565,7.64263916015625
test_02566,9.938302612304685
test_02567,15.347615051269532
test_02568,135.03931884765626
test_02569,39.72555236816406
test_02570,10.759335327148438
test_02571,41.46746673583985
test_02572,9.001261901855468
test_02573,6.891020202636719
test_02574,11.095356750488282
test_02575,34.956423950195315
test_02576,47.013396453857425
test_02577,66.29603729248046
test_02578,56.91914520263671
test_02579,160.8238311767578
test_02580,36.48961791992188
test_02581,24.421955871582032
test_02582,11.549404907226563
test_02583,42.11312561035156
test_02584,61.15768737792969
test_02585,90.95011444091799
test_02586,128.34322509765624
test_02587,27.62750244140625
test_02588,196.04911499023436
test_02589,34.043452453613284
test_02590,10.057820129394532
test_02591,8.971661376953126
test_02592,49.81458053588867
test_02593,89.33846893310547
test_02594,221.36149291992186
test_02595,189.288818359375
test_02596,101.92257080078126
test_02597,45.506649017333984
test_02598,63.156263732910155
test_02599,58.048101806640624
test_02600,46.275273895263666
test_02601,15.884872436523438
test_02602,55.05891723632813
test_02603,159.5142822265625
test_02604,55.02321243286133
test_02605,135.80630493164062
test_02606,264.02705078125
test_02607,116.75341796875
test_02608,105.47184143066409
test_02609,46.179803466796876
test_02610,153.13747558593752
test_02611,44.96268234252929
test_02612,45.28869400024414
test_02613,9.637280273437499
test_02614,28.034925842285155
test_02615,59.029493713378905
test_02616,114.61340332031251
test_02617,5.113514709472656
test_02618,69.27207794189454
test_02619,5.452175903320313
test_02620,29.96658935546875
test_02621,8.588978576660157
test_02622,13.76973876953125
test_02623,76.75442810058594
test_02624,159.24880981445312
test_02625,304.308447265625
test_02626,256.9110107421875
test_02627,119.64213562011719
test_02628,113.7574432373047
test_02629,11.270666503906252
test_02630,94.83981781005859
test_02631,230.92146606445314
test_02632,35.126033782958984
test_02633,67.46719818115234
test_02634,59.64167785644531
test_02635,15.121499633789062
test_02636,18.978805541992188
test_02637,93.57816772460939
test_02638,64.2557159423828
test_02639,184.61684570312497
test_02640,25.47418670654297
test_02641,78.2316665649414
test_02642,8.630853271484373
test_02643,9.384985351562499
test_02644,6.578890991210939
test_02645,90.16920471191406
test_02646,206.75235595703123
test_02647,242.9129150390625
test_02648,19.795204162597656
test_02649,152.33875732421876
test_02650,107.39886322021485
test_02651,9.7870361328125
test_02652,130.77165832519532
test_02653,228.6006652832031
test_02654,496.46125488281245
test_02655,71.24254760742187
test_02656,43.44630813598633
test_02657,130.85473175048827
test_02658,219.71142578124997
test_02659,10.697709655761718
test_02660,19.898102569580082
test_02661,182.1193878173828
test_02662,229.93717651367183
test_02663,11.376394653320311
test_02664,12.457931518554688
test_02665,7.303953552246094
test_02666,86.89705352783203
test_02667,268.08502807617185
test_02668,205.46879272460936
test_02669,261.13910522460935
test_02670,371.01417236328126
test_02671,405.8089660644531
test_02672,11.0117919921875
test_02673,94.97482604980468
test_02674,142.37770385742186
test_02675,191.74844970703123
test_02676,16.642947387695312
test_02677,138.60637817382812
test_02678,14.035540771484374
test_02679,381.6287414550781
test_02680,344.2917846679687
test_02681,122.75371704101562
test_02682,338.713427734375
test_02683,473.76068725585935
test_02684,261.5563903808594
test_02685,245.3884338378906
test_02686,161.51732177734374
test_02687,19.9550537109375
test_02688,12.941000366210936
test_02689,8.403688049316406
test_02690,12.605084228515626
test_02691,58.690380859375004
test_02692,6.264300537109375
test_02693,33.47943878173828
test_02694,73.34781799316406
test_02695,139.46424865722656
test_02696,182.33728942871096
test_02697,66.94783630371094
test_02698,5.617173767089843
test_02699,75.4965606689453
test_02700,11.611997985839844
test_02701,25.70342559814453
test_02702,136.4868194580078
test_02703,199.768505859375
test_02704,321.0461486816406
test_02705,10.541650390625
test_02706,394.2002868652344
test_02707,8.688677978515624
test_02708,7.802622985839843
test_02709,99.16224822998048
test_02710,5.325639343261718
test_02711,42.33000946044922
test_02712,74.70541076660156
test_02713,281.917041015625
test_02714,4.702418518066406
test_02715,10.889715576171875
test_02716,50.50902786254882
test_02717,3.563777160644531
test_02718,8.000271606445313
test_02719,9.333425903320311
test_02720,89.51268615722655
test_02721,135.34384765625
test_02722,188.06738891601566
test_02723,260.36301879882814
test_02724,289.4593933105469
test_02725,4.943049621582031
test_02726,88.36871795654297
test_02727,181.27535400390624
test_02728,6.105284118652344
test_02729,76.00260925292969
test_02730,17.61266632080078
test_02731,38.42974319458008
test_02732,20.946135711669925
test_02733,25.239744567871096
test_02734,94.63353729248047
test_02735,4.781159973144531
test_02736,209.8937744140625
test_02737,405.6348571777344
test_02738,42.866537475585936
test_02739,35.53137817382813
test_02740,120.54472961425782
test_02741,5.118611145019531
test_02742,6.865113830566406
test_02743,13.602215576171874
test_02744,9.35169677734375
test_02745,227.63282470703126
test_02746,72.74163208007812
test_02747,329.528759765625
test_02748,265.96923828125
test_02749,48.48629531860351
test_02750,44.70353622436524
test_02751,39.919551086425784
test_02752,126.67521362304687
test_02753,62.49081268310547
test_02754,12.415586853027346
test_02755,41.6785530090332
test_02756,69.5653305053711
test_02757,17.465648651123047
test_02758,58.077518463134766
test_02759,5.913056945800781
test_02760,5.207151794433594
test_02761,112.41890869140627
test_02762,120.04217529296875
test_02763,15.778055572509766
test_02764,18.434066772460938
test_02765,74.12036743164063
test_02766,89.40041961669922
test_02767,49.68079528808593
test_02768,6.590879821777344
test_02769,83.5836685180664
test_02770,60.59190216064454
test_02771,43.07454071044923
test_02772,105.92180786132812
test_02773,8.338558959960938
test_02774,30.931095123291016
test_02775,104.85060119628905
test_02776,19.313059997558597
test_02777,29.91998825073242
test_02778,52.39867248535157
test_02779,70.77327575683594
test_02780,33.23178329467774
test_02781,12.093046569824219
test_02782,45.27584991455078
test_02783,52.288568115234376
test_02784,68.35482940673828
test_02785,86.55426635742188
test_02786,72.02169799804688
test_02787,54.04656829833984
test_02788,163.07100830078124
test_02789,206.40645751953124
test_02790,8.96996612548828
test_02791,43.064334106445315
test_02792,10.454450988769532
test_02793,16.38050079345703
test_02794,46.27825775146484
test_02795,17.48526077270508
test_02796,34.058168792724615
test_02797,127.24025268554688
test_02798,22.402542114257812
test_02799,34.078382110595705
test_02800,71.04747161865234
test_02801,27.309249877929688
test_02802,41.10169830322266
test_02803,46.1696159362793
test_02804,84.0290512084961
test_02805,104.1443115234375
test_02806,57.32168884277343
test_02807,38.47576065063477
test_02808,62.62450866699219
test_02809,24.66240005493164
test_02810,13.510856628417969
test_02811,13.861790466308594
test_02812,99.5166229248047
test_02813,45.399965667724615
test_02814,9.432281494140625
test_02815,83.59402465820312
test_02816,34.644586944580084
test_02817,27.15925064086914
test_02818,38.74182891845703
test_02819,71.15092163085939
test_02820,95.70748596191406
test_02821,45.61501693725586
test_02822,145.52695007324218
test_02823,79.55470275878906
test_02824,166.67002563476564
test_02825,39.30307846069336
test_02826,4.875825500488282
test_02827,66.36282958984376
test_02828,29.983990478515622
test_02829,55.55882568359375
test_02830,16.350965881347655
test_02831,15.424752807617189
test_02832,22.694216918945312
test_02833,24.38510513305664
test_02834,73.97555541992188
test_02835,78.07230682373047
test_02836,142.12843627929686
test_02837,49.58324356079102
test_02838,169.312353515625
test_02839,10.981997680664062
test_02840,22.36867904663086
test_02841,66.31898498535156
test_02842,91.21099395751953
test_02843,67.93758239746094
test_02844,97.46949157714843
test_02845,42.8084098815918
test_02846,11.382933044433594
test_02847,91.78356170654297
test_02848,118.46982727050782
test_02849,111.67957305908203
test_02850,40.23222961425782
test_02851,54.16356811523437
test_02852,130.70941162109375
test_02853,88.1029037475586
test_02854,86.3087387084961
test_02855,17.40749206542969
test_02856,34.3130485534668
test_02857,34.12931823730469
test_02858,24.974020385742186
test_02859,70.33151550292968
test_02860,77.41131439208985
test_02861,15.35536651611328
test_02862,27.002758789062497
test_02863,75.08314666748046
test_02864,84.55010528564452
test_02865,112.17215118408203
test_02866,37.250119018554685
test_02867,51.095619964599614
test_02868,11.819577026367188
test_02869,96.13278350830078
test_02870,180.2657501220703
test_02871,42.17958984375001
test_02872,50.7932487487793
test_02873,68.76917419433593
test_02874,101.2595230102539
test_02875,166.92417602539064
test_02876,67.16600646972657
test_02877,102.17775268554686
test_02878,19.355525970458984
test_02879,16.36273956298828
test_02880,38.73051376342773
test_02881,87.9216522216797
test_02882,98.10991821289062
test_02883,54.15852508544921
test_02884,22.32401885986328
test_02885,9.826910400390625
test_02886,18.197114562988283
test_02887,40.85544281005859
test_02888,65.29137115478515
test_02889,36.19386749267578
test_02890,24.5376579284668
test_02891,27.597650146484376
test_02892,53.66716537475586
test_02893,81.67190856933593
test_02894,73.85568542480469
test_02895,146.9260223388672
test_02896,9.015914916992188
test_02897,20.21055374145508
test_02898,7.470405578613281
test_02899,8.302183532714844
test_02900,16.9233757019043
test_02901,25.95291213989258
test_02902,10.367056274414061
test_02903,12.445271301269532
test_02904,12.904718017578126
test_02905,28.464334106445314
test_02906,15.296960449218751
test_02907,36.27092590332031
test_02908,10.773027038574218
test_02909,9.695358276367188
test_02910,11.129925537109376
test_02911,23.925395202636718
test_02912,34.59789123535156
test_02913,91.49325103759764
test_02914,155.25631713867188
test_02915,25.040631866455076
test_02916,17.845687866210934
test_02917,12.747129821777344
test_02918,28.132205963134766
test_02919,36.597924804687494
test_02920,58.28778839111328
test_02921,117.65881652832032
test_02922,16.31541442871094
test_02923,179.24827880859374
test_02924,33.12964477539063
test_02925,9.39774932861328
test_02926,8.290185546875
test_02927,33.23330383300781
test_02928,74.74581909179688
test_02929,211.17906494140624
test_02930,163.7986297607422
test_02931,44.71770401000977
test_02932,54.741921997070314
test_02933,83.74919128417969
test_02934,88.7913604736328
test_02935,79.26821746826172
test_02936,18.232801818847655
test_02937,41.70848846435547
test_02938,152.49445190429688
test_02939,85.15248565673828
test_02940,119.13090209960939
test_02941,199.7538848876953
test_02942,171.49627075195312
test_02943,139.80818786621094
test_02944,78.04627227783203
test_02945,47.66135177612304
test_02946,160.5478759765625
test_02947,94.1444320678711
test_02948,31.01382751464844
test_02949,5.721894836425781
test_02950,18.88180160522461
test_02951,39.35535507202148
test_02952,62.50798645019532
test_02953,2.5439666748046874
test_02954,1.4470413208007813
test_02955,22.170824432373045
test_02956,17.110830688476565
test_02957,6.041619873046875
test_02958,74.2405792236328
test_02959,130.33707580566406
test_02960,281.82496948242186
test_02961,140.9171936035156
test_02962,115.54240722656249
test_02963,92.48983306884764
test_02964,8.264865112304687
test_02965,77.18387145996094
test_02966,156.08334045410157
test_02967,93.85262603759764
test_02968,50.19117736816406
test_02969,56.025619506835945
test_02970,63.452006530761714
test_02971,13.406246948242186
test_02972,78.10195922851562
test_02973,124.74434204101561
test_02974,161.2764892578125
test_02975,46.77166748046875
test_02976,66.02422485351562
test_02977,10.288291931152344
test_02978,7.195309448242188
test_02979,8.501350402832031
test_02980,83.84184417724609
test_02981,137.31092529296876
test_02982,204.21355590820315
test_02983,14.984265136718749
test_02984,67.90008544921875
test_02985,108.53386230468749
test_02986,7.408294677734375
test_02987,61.35947570800781
test_02988,128.54724731445313
test_02989,466.6654296875
test_02990,267.0274169921875
test_02991,53.557952880859375
test_02992,40.12016906738281
test_02993,132.95745239257812
test_02994,12.523300170898438
test_02995,13.948820495605469
test_02996,58.33604583740234
test_02997,188.21506347656248
test_02998,8.156362915039061
test_02999,7.245648193359374
test_03000,5.784629821777344
test_03001,40.753168487548834
test_03002,214.63840942382814
test_03003,97.21979980468751
test_03004,77.36051635742187
test_03005,366.65092163085933
test_03006,419.99012451171876
test_03007,16.227195739746094
test_03008,53.11784057617188
test_03009,130.19876708984373
test_03010,193.96627197265624
test_03011,10.552801513671875
test_03012,123.5623809814453
test_03013,8.257720947265625
test_03014,152.15484924316405
test_03015,200.16906127929684
test_03016,370.0228454589844
test_03017,331.5136779785156
test_03018,187.32391662597658
test_03019,391.7312744140625
test_03020,272.19818115234375
test_03021,251.77357177734376
test_03022,174.23851928710937
test_03023,24.848656463623048
test_03024,12.120921325683595
test_03025,9.51820068359375
test_03026,37.484090423583986
test_03027,24.208823394775386
test_03028,4.51884765625
test_03029,32.989697265625
test_03030,63.04147491455078
test_03031,126.76981201171876
test_03032,204.34735717773435
test_03033,89.77088928222656
test_03034,5.232571411132813
test_03035,96.50279541015627
test_03036,18.044523620605467
test_03037,16.034141540527344
test_03038,91.61593322753907
test_03039,134.69518432617187
test_03040,245.42307739257814
test_03041,10.11344299316406
test_03042,516.2936340332031
test_03043,4.315058898925781
test_03044,9.997502136230468
test_03045,92.19455413818359
test_03046,6.317889404296874
test_03047,26.466332244873048
test_03048,76.2268051147461
test_03049,281.10614624023435
test_03050,5.8751068115234375
test_03051,13.88758544921875
test_03052,101.82710266113281
test_03053,5.044075012207031
test_03054,5.963584899902344
test_03055,9.47461395263672
test_03056,69.54368286132812
test_03057,166.23923645019534
test_03058,194.36046142578124
test_03059,278.9364929199219
test_03060,262.34532470703124
test_03061,7.599261474609374
test_03062,71.89175262451172
test_03063,150.9761535644531
test_03064,2.520120239257813
test_03065,72.80726776123046
test_03066,85.88655242919921
test_03067,19.053192901611332
test_03068,20.927325439453128
test_03069,14.95824737548828
test_03070,17.765290069580082
test_03071,101.07198486328124
test_03072,4.573005676269531
test_03073,182.32300415039063
test_03074,132.71116027832034
test_03075,95.30015869140624
test_03076,43.578005218505865
test_03077,116.87375793457032
test_03078,7.419111633300781
test_03079,4.710165405273437
test_03080,12.502386474609375
test_03081,14.742849731445311
test_03082,100.6328399658203
test_03083,6.907939147949218
test_03084,95.93187255859374
test_03085,293.20274658203124
test_03086,270.58538208007815
test_03087,65.40233459472657
test_03088,40.57382583618164
test_03089,48.78939971923828
test_03090,115.88593139648437
test_03091,54.377532958984375
test_03092,9.670036315917969
test_03093,38.33324356079102
test_03094,37.789311218261716
test_03095,16.817930603027342
test_03096,54.000779724121095
test_03097,7.984747314453125
test_03098,10.083270263671876
test_03099,123.11118164062499
test_03100,63.47916412353516
test_03101,8.064134216308593
test_03102,9.432585144042969
test_03103,109.96280212402343
test_03104,136.66293334960938
test_03105,114.84339904785156
test_03106,37.306878662109376
test_03107,22.240314483642578
test_03108,78.49994812011718
test_03109,79.72774963378906
test_03110,45.709371185302736
test_03111,75.99420623779298
test_03112,70.40549163818359
test_03113,36.672691345214844
test_03114,103.74260101318359
test_03115,15.09041748046875
test_03116,30.327247619628906
test_03117,65.88373718261718
test_03118,87.59810943603516
test_03119,10.743060302734374
test_03120,44.87318878173828
test_03121,46.41431884765625
test_03122,64.34576721191407
test_03123,64.75934600830078
test_03124,100.10629119873047
test_03125,58.972192382812494
test_03126,161.7827392578125
test_03127,27.295660400390624
test_03128,10.811192321777343
test_03129,10.51762390136719
test_03130,46.359712982177726
test_03131,19.996224212646485
test_03132,20.19415283203125
test_03133,56.91623382568359
test_03134,20.482348632812503
test_03135,39.76066970825195
test_03136,105.3177230834961
test_03137,24.910706329345704
test_03138,36.579541015625004
test_03139,52.65128860473632
test_03140,42.62348022460938
test_03141,43.54358825683594
test_03142,41.99304275512695
test_03143,73.30366668701171
test_03144,107.25454406738281
test_03145,78.94630279541016
test_03146,79.12432250976562
test_03147,78.99321136474609
test_03148,48.163228607177736
test_03149,13.677243041992188
test_03150,24.347555541992186
test_03151,79.6760040283203
test_03152,36.59196395874024
test_03153,14.731512451171874
test_03154,96.98057403564452
test_03155,35.593316650390626
test_03156,29.68367919921875
test_03157,45.07027130126953
test_03158,84.45093841552735
test_03159,62.77943344116211
test_03160,83.84665985107421
test_03161,117.78843536376954
test_03162,87.80192260742187
test_03163,194.5137420654297
test_03164,37.925959014892584
test_03165,4.277719116210937
test_03166,76.7308578491211
test_03167,87.19841156005859
test_03168,51.86047134399414
test_03169,15.98783721923828
test_03170,29.37948989868164
test_03171,40.98111190795899
test_03172,46.74639129638672
test_03173,103.72050170898439
test_03174,97.389501953125
test_03175,177.01529235839843
test_03176,66.0803207397461
test_03177,135.50213012695312
test_03178,7.697950744628907
test_03179,27.847240447998047
test_03180,61.954290771484374
test_03181,104.81204223632812
test_03182,109.4211944580078
test_03183,66.98064422607422
test_03184,28.195005035400392
test_03185,36.993838500976565
test_03186,102.82714538574217
test_03187,58.21490325927735
test_03188,86.77198791503906
test_03189,77.60170440673828
test_03190,74.63435363769531
test_03191,67.75226135253907
test_03192,112.25480194091797
test_03193,87.0136947631836
test_03194,57.765126800537104
test_03195,32.40739517211914
test_03196,41.27961578369141
test_03197,31.235146331787107
test_03198,36.55312271118164
test_03199,99.757763671875
test_03200,98.24306640625001
test_03201,102.83185119628905
test_03202,13.258390045166015
test_03203,35.30608596801758
test_03204,62.58737564086914
test_03205,162.38063354492186
test_03206,121.61833190917969
test_03207,27.173690032958984
test_03208,46.23424377441407
test_03209,6.8920639038085945
test_03210,94.983251953125
test_03211,122.39906005859375
test_03212,47.813968658447266
test_03213,64.58793945312499
test_03214,150.32024536132815
test_03215,88.67958374023438
test_03216,89.63418731689453
test_03217,81.80125427246094
test_03218,128.51758728027343
test_03219,22.07237930297852
test_03220,58.39915618896484
test_03221,69.39266357421874
test_03222,75.04273986816406
test_03223,56.363661193847655
test_03224,32.45960311889648
test_03225,21.01237716674805
test_03226,12.844732666015625
test_03227,32.37337112426758
test_03228,96.11669006347655
test_03229,56.896210479736325
test_03230,35.920446014404305
test_03231,67.15241241455078
test_03232,70.13045196533203
test_03233,33.03692626953125
test_03234,90.00630035400391
test_03235,113.9049591064453
test_03236,5.6677703857421875
test_03237,30.675241851806643
test_03238,7.937158203125
test_03239,25.30801467895508
test_03240,46.93186569213867
test_03241,31.790323638916014
test_03242,5.026692199707032
test_03243,18.18003692626953
test_03244,18.439273071289062
test_03245,124.97345275878907
test_03246,37.357120513916016
test_03247,19.52556457519531
test_03248,41.39945297241211
test_03249,6.803274536132813
test_03250,9.306961059570312
test_03251,13.100700378417969
test_03252,33.00212249755859
test_03253,34.642137908935545
test_03254,57.73936004638672
test_03255,77.19492797851562
test_03256,139.0149719238281
test_03257,33.603505706787104
test_03258,31.06552658081055
test_03259,15.37572784423828
test_03260,17.780308532714844
test_03261,52.81539306640626
test_03262,87.174072265625
test_03263,89.38188323974609
test_03264,40.025047302246094
test_03265,196.19716796875
test_03266,37.98898620605469
test_03267,13.80794219970703
test_03268,8.308444213867187
test_03269,53.19143981933594
test_03270,90.02214202880859
test_03271,216.0658508300781
test_03272,199.16925659179688
test_03273,103.86945343017578
test_03274,46.70071105957031
test_03275,57.203802490234374
test_03276,52.38404083251953
test_03277,45.67039337158204
test_03278,18.843084716796874
test_03279,48.02580032348632
test_03280,128.27054443359376
test_03281,57.400387573242185
test_03282,123.31060180664063
test_03283,210.02962646484372
test_03284,136.55120239257812
test_03285,120.35641784667968
test_03286,103.62192230224609
test_03287,51.868394470214845
test_03288,161.38652648925782
test_03289,48.411678314208984
test_03290,44.914456939697274
test_03291,8.173741149902344
test_03292,21.515944671630862
test_03293,57.02605438232422
test_03294,125.07210388183593
test_03295,9.26220245361328
test_03296,67.61662139892579
test_03297,6.871531677246093
test_03298,25.479219055175783
test_03299,14.75465087890625
test_03300,11.621685791015626
test_03301,70.53096008300781
test_03302,134.8458282470703
test_03303,255.12868652343752
test_03304,213.2150817871094
test_03305,113.50158996582032
test_03306,109.21163940429688
test_03307,11.274720764160158
test_03308,87.44795837402344
test_03309,190.3987762451172
test_03310,108.36023254394532
test_03311,61.35117950439454
test_03312,56.158740234375
test_03313,34.85348739624023
test_03314,18.67442932128906
test_03315,81.89987487792968
test_03316,66.86810913085938
test_03317,199.638427734375
test_03318,28.97915954589844
test_03319,66.73152923583984
test_03320,8.943299865722656
test_03321,9.179301452636718
test_03322,34.184040832519536
test_03323,92.75444641113282
test_03324,201.20555419921874
test_03325,272.0257202148437
test_03326,19.65969543457031
test_03327,110.35327911376953
test_03328,141.51822509765626
test_03329,7.811509704589843
test_03330,115.2657470703125
test_03331,243.6389465332031
test_03332,403.8695922851563
test_03333,83.06983184814453
test_03334,39.678042602539065
test_03335,125.93916015625
test_03336,225.81935424804686
test_03337,10.454629516601562
test_03338,33.51055908203125
test_03339,168.21261596679688
test_03340,228.9793701171875
test_03341,12.191488647460936
test_03342,14.903211975097655
test_03343,5.932669067382813
test_03344,206.85549926757812
test_03345,274.0380859375
test_03346,213.16795043945314
test_03347,213.17381591796874
test_03348,354.4721374511719
test_03349,389.08831787109375
test_03350,14.459580993652343
test_03351,82.4835464477539
test_03352,124.2979522705078
test_03353,175.39993286132812
test_03354,16.270170593261717
test_03355,148.96705322265626
test_03356,15.437636566162109
test_03357,297.740234375
test_03358,291.16180419921875
test_03359,338.272802734375
test_03360,114.19104614257813
test_03361,335.4229675292969
test_03362,462.1079345703125
test_03363,243.37566528320312
test_03364,147.80783386230468
test_03365,214.142236328125
test_03366,23.74915542602539
test_03367,12.29762420654297
test_03368,4.2281646728515625
test_03369,65.67304382324218
test_03370,83.33638610839844
test_03371,11.62848358154297
test_03372,27.10570831298828
test_03373,69.57162933349609
test_03374,37.84956207275391
test_03375,155.60559692382813
test_03376,64.26543884277343
test_03377,4.058053588867187
test_03378,68.55940093994141
test_03379,7.200164794921876
test_03380,24.599061584472658
test_03381,100.42196350097656
test_03382,176.08765258789063
test_03383,304.35621337890626
test_03384,8.337420654296874
test_03385,312.40455932617186
test_03386,8.537803649902344
test_03387,9.724050903320315
test_03388,97.81756591796874
test_03389,4.511094665527343
test_03390,51.87456130981445
test_03391,105.99618682861328
test_03392,320.1944641113281
test_03393,7.0257415771484375
test_03394,20.755908203125
test_03395,48.45475311279297
test_03396,11.26891632080078
test_03397,9.902342224121096
test_03398,10.788070678710938
test_03399,66.62883605957032
test_03400,118.782470703125
test_03401,197.3842041015625
test_03402,205.76182250976564
test_03403,250.97410278320314
test_03404,5.426017761230469
test_03405,86.22364044189453
test_03406,129.23802795410157
test_03407,3.8826812744140624
test_03408,73.15055236816406
test_03409,85.05251007080078
test_03410,19.12975082397461
test_03411,36.65470886230469
test_03412,20.55644989013672
test_03413,21.122518157958986
test_03414,104.04897766113281
test_03415,6.740658569335936
test_03416,186.3469970703125
test_03417,200.67560424804685
test_03418,346.7877136230469
test_03419,97.66893005371094
test_03420,56.6447036743164
test_03421,105.13516540527344
test_03422,2.977761840820313
test_03423,6.865663146972656
test_03424,6.709480285644531
test_03425,14.896485900878906
test_03426,100.95327911376953
test_03427,7.0974853515625
test_03428,92.95424041748046
test_03429,248.27188720703123
test_03430,338.3248718261719
test_03431,80.73190765380859
test_03432,49.44865036010742
test_03433,51.127197265625
test_03434,109.23573913574218
test_03435,51.26464080810547
test_03436,16.21845321655273
test_03437,26.015980529785153
test_03438,49.91155776977539
test_03439,14.414979553222658
test_03440,54.47652130126953
test_03441,6.276556396484375
test_03442,38.63547210693359
test_03443,91.68162994384765
test_03444,57.63133392333984
test_03445,6.983367919921875
test_03446,24.025021362304688
test_03447,55.217201995849614
test_03448,102.6269775390625
test_03449,88.1756332397461
test_03450,22.287899780273438
test_03451,10.158920288085938
test_03452,38.891394805908206
test_03453,50.74789733886719
test_03454,32.61592025756836
test_03455,80.14764862060547
test_03456,53.437321472167966
test_03457,26.275228118896482
test_03458,78.34117279052734
test_03459,11.813801574707032
test_03460,15.485516357421876
test_03461,41.24520111083985
test_03462,78.19139709472657
test_03463,58.95610656738282
test_03464,28.069283294677735
test_03465,9.288099670410155
test_03466,34.51466979980469
test_03467,53.24994049072265
test_03468,67.25158996582032
test_03469,82.43950653076172
test_03470,67.84816284179688
test_03471,51.631187438964844
test_03472,166.1599182128906
test_03473,187.24466552734378
test_03474,29.11462707519531
test_03475,7.742324829101561
test_03476,26.67892990112305
test_03477,48.96727981567383
test_03478,15.21089630126953
test_03479,29.12925109863281
test_03480,52.224579620361325
test_03481,20.835949707031247
test_03482,38.08408813476562
test_03483,171.05533142089843
test_03484,22.22466278076172
test_03485,29.835957336425782
test_03486,53.04213409423828
test_03487,59.593997192382815
test_03488,32.06939697265625
test_03489,45.16340713500976
test_03490,82.70014038085938
test_03491,83.94871063232422
test_03492,74.76154937744141
test_03493,51.41701812744141
test_03494,92.77380981445313
test_03495,55.763056945800784
test_03496,9.38018798828125
test_03497,14.596066284179688
test_03498,51.59047393798828
test_03499,37.900901794433594
test_03500,7.129429626464843
test_03501,85.96104583740234
test_03502,26.348722839355467
test_03503,40.81228408813477
test_03504,36.82976455688477
test_03505,56.40734329223633
test_03506,58.365071105957036
test_03507,71.47498016357422
test_03508,111.86259765624999
test_03509,80.00248107910156
test_03510,174.66925048828125
test_03511,54.50230484008789
test_03512,9.899246215820312
test_03513,41.44882507324218
test_03514,53.48030471801758
test_03515,63.486046600341794
test_03516,15.498240661621095
test_03517,33.15110855102539
test_03518,24.227250671386717
test_03519,29.881183624267578
test_03520,86.93808288574218
test_03521,139.557373046875
test_03522,60.06423797607422
test_03523,39.92253494262695
test_03524,6.062083435058593
test_03525,12.654338073730468
test_03526,26.810282897949218
test_03527,74.388037109375
test_03528,93.62781219482423
test_03529,115.10979614257812
test_03530,35.56410293579102
test_03531,20.433286285400392
test_03532,28.741301727294925
test_03533,116.49051513671876
test_03534,46.23292922973633
test_03535,83.26607055664063
test_03536,75.88202514648438
test_03537,59.719219970703136
test_03538,52.77882080078125
test_03539,105.76961059570311
test_03540,86.79993133544922
test_03541,63.59054260253907
test_03542,24.685247802734374
test_03543,45.30950164794922
test_03544,36.19740447998046
test_03545,45.870750427246094
test_03546,77.37266845703124
test_03547,143.16171874999998
test_03548,60.49954376220703
test_03549,11.381595611572266
test_03550,29.866216278076173
test_03551,59.7218017578125
test_03552,166.32919311523438
test_03553,175.68624877929688
test_03554,35.47565460205078
test_03555,35.27548370361328
test_03556,8.425360107421875
test_03557,89.43457794189453
test_03558,118.97550659179687
test_03559,48.851113891601564
test_03560,60.72743148803711
test_03561,92.48106994628907
test_03562,39.34660034179688
test_03563,52.82647857666015
test_03564,60.51755905151368
test_03565,98.71551361083985
test_03566,17.810527038574218
test_03567,46.89422760009765
test_03568,54.791970825195314
test_03569,81.26802520751953
test_03570,105.6561294555664
test_03571,61.982933044433594
test_03572,22.304855346679688
test_03573,13.167448425292969
test_03574,10.561511230468751
test_03575,21.50535659790039
test_03576,68.89766235351561
test_03577,61.48460540771484
test_03578,16.29850082397461
test_03579,60.705764007568355
test_03580,58.21979522705078
test_03581,36.29360733032227
test_03582,110.88328857421874
test_03583,82.96808624267578
test_03584,2.7673492431640625
test_03585,19.877839660644533
test_03586,8.80016632080078
test_03587,21.127071380615234
test_03588,28.14191436767578
test_03589,17.36661224365234
test_03590,6.168234252929688
test_03591,20.74383544921875
test_03592,15.273507690429687
test_03593,140.9478698730469
test_03594,14.136355590820312
test_03595,53.001062011718744
test_03596,1.2553604125976563
test_03597,9.6794677734375
test_03598,11.234152221679686
test_03599,34.809906768798825
test_03600,37.42183227539063
test_03601,75.03961486816407
test_03602,47.198899841308595
test_03603,141.38043212890625
test_03604,65.86442718505859
test_03605,25.146080780029298
test_03606,11.157630920410158
test_03607,23.91445617675781
test_03608,33.776379394531254
test_03609,96.466796875
test_03610,59.73397521972657
test_03611,29.597705841064453
test_03612,183.3681091308594
test_03613,28.40239715576172
test_03614,4.629296875
test_03615,9.117668151855469
test_03616,27.49011993408203
test_03617,106.00870208740236
test_03618,199.77654418945315
test_03619,164.35848999023438
test_03620,107.34154357910157
test_03621,31.06315231323242
test_03622,53.16231307983398
test_03623,62.53459777832032
test_03624,47.111688995361334
test_03625,24.759686279296876
test_03626,43.30462646484375
test_03627,131.18633117675782
test_03628,56.09485015869141
test_03629,103.52659454345705
test_03630,171.9676971435547
test_03631,239.49456787109375
test_03632,140.8353302001953
test_03633,103.07227172851563
test_03634,84.13405914306641
test_03635,170.42989807128907
test_03636,103.59365234375
test_03637,41.08742752075196
test_03638,11.737945556640625
test_03639,19.85469436645508
test_03640,42.423579406738284
test_03641,91.237451171875
test_03642,10.27808074951172
test_03643,49.930458068847656
test_03644,2.9353927612304687
test_03645,26.588521575927736
test_03646,13.511418151855468
test_03647,9.645256042480469
test_03648,77.3447982788086
test_03649,137.66929931640624
test_03650,264.67372436523436
test_03651,248.39850463867188
test_03652,107.19906005859376
test_03653,115.23836364746093
test_03654,14.951919555664062
test_03655,83.77554473876953
test_03656,204.4125183105469
test_03657,51.11605300903321
test_03658,65.1087631225586
test_03659,42.96623229980469
test_03660,8.889619445800781
test_03661,21.328598785400395
test_03662,82.93289184570312
test_03663,57.398809814453124
test_03664,160.90579223632812
test_03665,28.647183990478517
test_03666,65.21071166992186
test_03667,6.213665771484375
test_03668,7.455532836914062
test_03669,8.758988952636718
test_03670,74.37992095947266
test_03671,189.11343383789062
test_03672,311.3258117675781
test_03673,22.320142364501955
test_03674,98.90868072509764
test_03675,147.782861328125
test_03676,6.124684143066406
test_03677,121.0799560546875
test_03678,116.12394714355469
test_03679,363.3421875
test_03680,73.36508026123047
test_03681,45.56066131591797
test_03682,98.66883697509766
test_03683,173.84716796875
test_03684,6.899848937988281
test_03685,44.52541046142578
test_03686,92.45077514648438
test_03687,222.03302001953125
test_03688,8.953776550292968
test_03689,16.093448638916016
test_03690,3.779937744140625
test_03691,63.783880615234374
test_03692,222.3267761230469
test_03693,228.69337768554686
test_03694,162.5500427246094
test_03695,250.12294311523436
test_03696,348.80189819335936
test_03697,12.423225402832031
test_03698,89.33097534179687
test_03699,161.75619506835938
test_03700,168.48269653320312
test_03701,9.648428344726563
test_03702,154.00400390624998
test_03703,20.512206268310546
test_03704,155.60496215820314
test_03705,399.33098754882815
test_03706,89.97339248657227
test_03707,190.4526428222656
test_03708,413.0660217285156
test_03709,245.87003784179686
test_03710,216.299365234375
test_03711,157.11783447265626
test_03712,19.684934234619142
test_03713,12.476080322265624
test_03714,5.3293914794921875
test_03715,31.72087860107422
test_03716,90.5676986694336
test_03717,11.048820495605469
test_03718,27.411051940917968
test_03719,89.3681427001953
test_03720,119.16294403076174
test_03721,167.29967041015624
test_03722,58.64676132202148
test_03723,5.505007934570313
test_03724,92.63759002685548
test_03725,14.959298706054689
test_03726,27.64433135986328
test_03727,66.43143920898437
test_03728,152.841162109375
test_03729,212.1636474609375
test_03730,7.213328552246094
test_03731,577.139892578125
test_03732,7.8054351806640625
test_03733,11.941946411132811
test_03734,101.14809875488282
test_03735,4.016246032714844
test_03736,57.11397247314453
test_03737,87.85952453613281
test_03738,249.22429809570315
test_03739,4.321003723144531
test_03740,7.453042602539061
test_03741,80.77235870361328
test_03742,8.560577392578125
test_03743,5.944166564941407
test_03744,7.130775451660156
test_03745,152.97261962890624
test_03746,153.97207641601562
test_03747,146.9541015625
test_03748,178.4354736328125
test_03749,266.6461120605469
test_03750,4.532283020019531
test_03751,84.50599517822266
test_03752,131.30604553222656
test_03753,2.974493408203125
test_03754,77.72615814208984
test_03755,88.80867004394531
test_03756,14.544944763183594
test_03757,41.309940338134766
test_03758,12.373992919921875
test_03759,28.497457122802732
test_03760,60.15399322509765
test_03761,3.4557540893554686
test_03762,221.06427612304685
test_03763,145.0837188720703
test_03764,382.17451171875
test_03765,105.66924743652342
test_03766,61.78637390136719
test_03767,124.91976318359374
test_03768,8.888899230957032
test_03769,9.503170776367188
test_03770,8.501315307617187
test_03771,15.439835357666016
test_03772,103.97000885009766
test_03773,9.79034881591797
test_03774,91.70306091308593
test_03775,289.97846069335935
test_03776,68.43162384033204
test_03777,47.767688751220696
test_03778,52.26050567626954
test_03779,115.60848999023438
test_03780,54.956616210937504
test_03781,11.010267639160155
test_03782,51.67485656738282
test_03783,48.473059082031256
test_03784,12.39366455078125
test_03785,58.53498077392578
test_03786,7.608625793457031
test_03787,9.725454711914063
test_03788,116.27309112548828
test_03789,58.761941528320314
test_03790,5.712335205078125
test_03791,64.04216156005859
test_03792,112.4471939086914
test_03793,111.07637481689453
test_03794,25.206340026855468
test_03795,15.349363708496094
test_03796,45.911634063720705
test_03797,67.07095642089844
test_03798,31.65247421264649
test_03799,86.57465209960938
test_03800,66.26574630737304
test_03801,83.31736450195312
test_03802,10.629814147949219
test_03803,14.396715545654295
test_03804,29.95556564331055
test_03805,67.77853698730469
test_03806,94.37324218750001
test_03807,36.50815048217773
test_03808,25.356360626220702
test_03809,54.46845245361328
test_03810,59.24640426635742
test_03811,62.337835693359374
test_03812,77.15147552490234
test_03813,113.25989227294922
test_03814,54.15988388061523
test_03815,166.27996826171875
test_03816,202.42754821777345
test_03817,25.364825439453128
test_03818,9.124301147460937
test_03819,28.51464157104492
test_03820,46.487588500976564
test_03821,10.2909423828125
test_03822,37.854803466796874
test_03823,82.2669464111328
test_03824,27.577012634277345
test_03825,38.61336822509766
test_03826,144.76184997558593
test_03827,12.8748291015625
test_03828,33.70950012207032
test_03829,59.04915466308594
test_03830,93.06350860595703
test_03831,41.428315734863276
test_03832,46.788736724853514
test_03833,77.96293792724609
test_03834,101.77146911621094
test_03835,80.12662200927734
test_03836,69.63935546875
test_03837,88.43539733886718
test_03838,63.19589538574219
test_03839,13.542771911621093
test_03840,13.95245361328125
test_03841,73.43700561523437
test_03842,39.95630645751953
test_03843,14.475352478027343
test_03844,87.41311492919922
test_03845,25.492269134521486
test_03846,30.341655731201172
test_03847,33.69731369018555
test_03848,70.14668579101563
test_03849,66.76966400146485
test_03850,83.79562530517578
test_03851,109.70961456298829
test_03852,95.61671142578125
test_03853,211.214306640625
test_03854,46.01389770507812
test_03855,22.674213409423828
test_03856,64.41100769042968
test_03857,69.23168029785157
test_03858,70.69990997314453
test_03859,15.298397827148436
test_03860,32.31630554199219
test_03861,20.734864807128908
test_03862,32.044385528564455
test_03863,100.9534881591797
test_03864,110.26251831054685
test_03865,70.48462982177735
test_03866,115.23085174560546
test_03867,6.713029479980469
test_03868,15.072187805175782
test_03869,63.83138580322266
test_03870,103.67772369384765
test_03871,120.0067108154297
test_03872,76.56218109130859
test_03873,30.12531509399414
test_03874,38.12735824584961
test_03875,110.58522491455078
test_03876,52.93301620483398
test_03877,87.34852142333985
test_03878,87.8830337524414
test_03879,68.94577178955078
test_03880,61.48728637695312
test_03881,118.50563659667968
test_03882,98.42334899902343
test_03883,65.6296630859375
test_03884,29.187286376953125
test_03885,39.58731460571289
test_03886,30.16966018676758
test_03887,36.954194641113276
test_03888,101.90192413330078
test_03889,101.70553894042969
test_03890,88.75383148193359
test_03891,13.152115631103515
test_03892,32.79462203979492
test_03893,59.77922058105469
test_03894,154.33948669433593
test_03895,137.78624877929687
test_03896,30.35473175048828
test_03897,52.25737838745117
test_03898,8.052008056640625
test_03899,116.01440734863283
test_03900,120.33896179199219
test_03901,34.75784454345703
test_03902,69.5695297241211
test_03903,182.51278076171872
test_03904,94.52579040527344
test_03905,87.20234375
test_03906,84.88989715576173
test_03907,125.46837768554687
test_03908,24.403853607177737
test_03909,57.28045654296876
test_03910,38.75485763549804
test_03911,72.52599182128907
test_03912,84.23931427001953
test_03913,56.992774200439456
test_03914,30.730012512207033
test_03915,24.311868286132814
test_03916,11.470442199707032
test_03917,28.021990966796874
test_03918,102.02609863281249
test_03919,53.58745498657227
test_03920,40.32949142456055
test_03921,76.14099426269532
test_03922,69.6600555419922
test_03923,44.22710418701172
test_03924,84.82082977294922
test_03925,123.23648986816407
test_03926,4.209373474121094
test_03927,32.834257507324224
test_03928,6.923670959472656
test_03929,27.12747650146484
test_03930,44.7239128112793
test_03931,20.95193405151367
test_03932,4.90137939453125
test_03933,13.968003845214842
test_03934,23.21428527832031
test_03935,132.22258911132812
test_03936,42.106835174560544
test_03937,15.868487548828126
test_03938,49.569706726074216
test_03939,7.786665344238282
test_03940,10.066029357910157
test_03941,15.94095230102539
test_03942,31.416613769531253
test_03943,42.519166564941415
test_03944,83.92111511230468
test_03945,73.62801361083984
test_03946,161.70956420898438
test_03947,32.07317962646484
test_03948,31.378324127197267
test_03949,14.896649169921876
test_03950,34.03725662231445
test_03951,55.241049194335936
test_03952,96.07005920410155
test_03953,75.3270980834961
test_03954,173.9865295410156
test_03955,29.679031372070312
test_03956,10.354974365234376
test_03957,7.368731689453124
test_03958,48.97007598876954
test_03959,88.22447357177734
test_03960,197.8227600097656
test_03961,183.2110565185547
test_03962,102.76117095947265
test_03963,41.021234893798834
test_03964,55.380375671386716
test_03965,44.93542480468751
test_03966,43.967141723632814
test_03967,19.647822570800784
test_03968,54.00859375
test_03969,151.20924072265626
test_03970,49.05982131958008
test_03971,118.05924987792969
test_03972,244.4577697753906
test_03973,113.2048583984375
test_03974,132.6018798828125
test_03975,104.7448486328125
test_03976,62.47099304199219
test_03977,226.41830444335938
test_03978,47.720461273193365
test_03979,41.68692245483398
test_03980,10.954197692871093
test_03981,23.00148696899414
test_03982,69.66598663330078
test_03983,111.03930358886718
test_03984,11.863531494140625
test_03985,58.31572036743164
test_03986,3.0566024780273433
test_03987,26.34634780883789
test_03988,13.064717102050782
test_03989,7.110066223144532
test_03990,74.74601898193359
test_03991,159.27799377441406
test_03992,264.8739379882812
test_03993,226.785986328125
test_03994,114.84043884277345
test_03995,140.2959716796875
test_03996,14.90480194091797
test_03997,101.40563354492187
test_03998,184.21871337890624
test_03999,141.54230346679688
test_04000,56.95121307373047
test_04001,52.42275848388672
test_04002,11.214117431640624
test_04003,19.216384124755862
test_04004,66.6186508178711
test_04005,56.153073120117185
test_04006,185.800732421875
test_04007,25.56790084838867
test_04008,66.26468353271484
test_04009,8.487977600097658
test_04010,11.916319274902344
test_04011,38.979498291015624
test_04012,87.48455505371095
test_04013,212.17600708007814
test_04014,316.4052001953125
test_04015,13.84530487060547
test_04016,129.81161804199218
test_04017,140.27445068359373
test_04018,9.48279266357422
test_04019,145.6703857421875
test_04020,279.84238891601564
test_04021,462.61440429687497
test_04022,104.15162048339843
test_04023,42.292126464843754
test_04024,131.4531280517578
test_04025,231.861328125
test_04026,10.76870880126953
test_04027,17.90688400268555
test_04028,194.23537597656252
test_04029,230.42047119140625
test_04030,9.675485229492187
test_04031,15.325276947021484
test_04032,6.767680358886718
test_04033,256.5655822753906
test_04034,267.6668212890625
test_04035,260.2672546386719
test_04036,239.06694946289062
test_04037,406.9652404785156
test_04038,447.24091186523435
test_04039,12.52339324951172
test_04040,94.92891235351563
test_04041,129.7210266113281
test_04042,163.7461730957031
test_04043,7.790548706054688
test_04044,171.4214324951172
test_04045,10.297341918945312
test_04046,381.4588256835938
test_04047,344.17763671875
test_04048,357.3900451660156
test_04049,73.72318725585939
test_04050,322.1920227050781
test_04051,427.4210388183594
test_04052,258.8084350585938
test_04053,218.0167236328125
test_04054,182.88489379882813
test_04055,17.924671936035157
test_04056,14.909130859374999
test_04057,8.425895690917969
test_04058,70.96914978027344
test_04059,86.6948974609375
test_04060,10.299198913574221
test_04061,29.104752349853516
test_04062,82.99903411865233
test_04063,131.07883605957034
test_04064,169.46987915039062
test_04065,60.40712661743163
test_04066,6.474900817871094
test_04067,81.93544158935546
test_04068,8.704222106933592
test_04069,25.699903106689455
test_04070,104.5669174194336
test_04071,192.40897216796873
test_04072,353.11923828125
test_04073,7.852095031738282
test_04074,503.6925354003906
test_04075,9.086091613769531
test_04076,8.190203857421874
test_04077,124.07966766357421
test_04078,8.516571044921875
test_04079,56.548509216308595
test_04080,99.3805450439453
test_04081,399.7404479980469
test_04082,6.076152038574219
test_04083,13.29132537841797
test_04084,40.47880783081055
test_04085,8.270547485351562
test_04086,7.535673522949219
test_04087,9.363232421875
test_04088,127.47108764648436
test_04089,153.55970458984376
test_04090,197.08139038085938
test_04091,238.9693603515625
test_04092,267.4521179199219
test_04093,3.4621826171875
test_04094,104.36865844726563
test_04095,144.1124755859375
test_04096,4.506211853027343
test_04097,92.64070739746094
test_04098,98.33601684570313
test_04099,14.929823303222655
test_04100,29.517028045654296
test_04101,5.7187866210937495
test_04102,28.669893646240233
test_04103,5.079592895507812
